Year,Stream,Subject_1,Grade_1,Subject_2,Grade_2,Subject_3,Grade_3,Z_Score,Island_Rank,District,Gen_Test,Sinhala/Tamil,English,Maths,Science,q1_science_tech,q2_healthcare,q3_design,q4_data,q5_business,q6_arts_culture,q7_nature_env,q8_hands_on,q9_innovation,q10_people_social,q11_urban_corporate,q12_flexible_path,Course,University,Uni Code,aptitude_required,University Selected
2024,Physical Science,Physics,A,Chemistry,A,Combined Mathematics,A,2.712,58,Gampaha,98,A,A,A,A,5,1,1,5,1,1,1,5,5,2,4,5,Computer Science,University of Sri Jayewardenepura,012C,No,Yes
2024,Biological Science,Biology,A,Chemistry,A,Physics,A,2.701,102,Peradeniya,96,A,A,A,A,4,5,1,3,1,1,4,2,5,1,2,4,Medicine,University of Peradeniya,001B,No,Yes
2024,Arts,Art,A,Music (Western),A,Drama & Theatre (English),A,1.989,1890,Colombo,93,B,A,B,A,2,2,5,3,2,5,2,3,5,5,3,5,Film & Television Studies,University of Kelaniya,100D,Yes,Yes
2024,Commerce,Economics,B,Business Studies,A,Accounting,B,2.489,2345,Galle,87,A,B,B,B,1,1,2,5,5,1,1,4,5,4,5,4,Accounting Information Systems,University of Kelaniya,127D,No,Yes
2024,Technology,Engineering Technology,A,ICT,A,Science for Technology,A,2.534,430,Matara,91,A,A,A,A,5,1,4,5,2,1,3,5,5,1,4,5,Engineering Technology,University of Kelaniya,102D,No,Yes
2024,Physical Science,Physics,B,Chemistry,A,Combined Mathematics,A,2.689,3123,Gampaha,92,A,A,A,A,5,1,4,5,2,1,1,5,4,1,4,5,Quantity Surveying,University of Moratuwa,011G,No,Yes
2024,Biological Science,Biology,C,Chemistry,B,Physics,S,0.102,1456,Batticaloa,58,B,C,C,B,3,3,2,2,2,1,3,3,2,3,3,3,Medical Laboratory Sciences,University of Ruhuna,052F,No,No
2024,Arts,Music (Western),A,Art,A,Drama & Theatre (English),B,1.978,4567,Colombo,91,B,A,B,A,2,2,5,3,4,5,2,3,5,5,3,5,Music,University of Sri Jayewardenepura,068C,Yes,Yes
2024,Physical Science,Physics,F,Chemistry,C,Combined Mathematics,C,-0.876,61234,Vavuniya,30,F,S,C,F,5,1,4,5,2,1,1,5,4,1,4,5,,,,,No
2024,Biological Science,Biology,A,Chemistry,A,Physics,A,2.712,345,Jaffna,98,A,A,A,A,5,5,1,4,1,1,4,2,5,1,2,4,Medicine,University of Jaffna,001E,No,Yes
2024,Arts,Visual Arts,A,Art,A,Dancing (Bharatha),A,1.934,1678,Batticaloa,93,B,A,C,B,1,1,5,1,3,5,4,4,5,5,1,5,Dance,Swamy Vipulananda Institute of Aesthetic Studies,069Y,Yes,Yes
2024,Commerce,Economics,F,Business Studies,C,Accounting,F,-0.987,68901,Mannar,24,F,S,C,F,1,1,2,5,5,2,1,4,5,4,5,4,,,,,No
2024,Technology,Bio Systems Technology,A,Science for Technology,A,ICT,A,2.567,1678,Monaragala,90,A,A,A,A,4,3,3,4,3,2,5,5,4,3,5,5,Green Technology,University of Ruhuna,095F,No,Yes
2024,Physical Science,Physics,A,Chemistry,A,Combined Mathematics,A,2.701,345,Colombo,96,A,A,A,A,5,1,5,5,1,1,1,5,5,1,5,4,Computer Science,University of Colombo School of Computing,012T,No,Yes
2024,Biological Science,Biology,C,Chemistry,F,Physics,S,-0.789,58901,Mullaitivu,34,C,F,S,C,4,5,1,4,1,1,3,2,4,1,3,3,,,,,No
2024,Arts,Drama & Theatre (Sinhala),A,Art,A,Music (Western),B,1.967,2345,Colombo,93,B,A,B,A,1,1,5,1,2,5,4,5,5,5,1,5,Arts (SP) - Performing Arts,Sripalee Campus,041S,Yes,Yes
2024,Commerce,Accounting,B,Business Studies,B,Economics,C,0.098,8900,Kegalle,65,B,B,C,B,1,1,2,4,4,1,1,3,4,3,4,3,Commerce,University of Kelaniya,018D,No,No
2024,Technology,Information Technology (IT),A,Engineering Technology,A,Science for Technology,B,1.945,2340,Matale,89,A,A,B,A,5,1,4,5,2,1,3,5,5,1,4,4,Information Technology (IT),University of Moratuwa,026G,No,Yes
2024,Physical Science,Physics,A,Chemistry,A,Combined Mathematics,B,2.689,78,Kalutara,96,A,A,A,A,5,1,5,5,1,1,1,5,5,1,5,4,Engineering,University of Peradeniya,008B,No,Yes
2024,Biological Science,Biology,A,Chemistry,A,Physics,A,2.701,134,Trincomalee,96,A,A,A,A,5,5,1,4,1,1,4,2,5,1,2,4,Medicine,Eastern University,001H,No,Yes
2024,Arts,Art,A,Music (Carnatic),A,Drama & Theatre (Tamil),A,1.978,1890,Jaffna,94,B,A,C,B,1,1,5,1,3,5,4,4,5,5,1,5,Music,Swamy Vipulananda Institute of Aesthetic Studies,068Y,Yes,Yes
2024,Commerce,Economics,B,Business Studies,A,Accounting,A,2.412,1678,Kalutara,85,A,B,A,B,1,1,3,5,5,1,1,4,5,5,5,3,Financial Economics,University of Sri Jayewardenepura,131C,No,Yes
2024,Technology,Engineering Technology,C,ICT,F,Science for Technology,B,-0.123,67890,Puttalam,44,C,F,B,S,5,1,4,5,2,1,3,5,5,1,4,5,,,,,No
2024,Physical Science,Physics,A,Chemistry,A,Combined Mathematics,A,2.712,189,Matale,97,A,A,A,A,5,1,5,5,1,1,1,5,5,1,5,4,Landscape Architecture,University of Moratuwa,097G,Yes,Yes
2024,Biological Science,Biology,B,Chemistry,A,Physics,B,1.102,2345,Badulla,72,B,A,B,B,3,4,2,3,1,1,3,2,3,2,3,3,Animal Production and Food Technology,Uva Wellassa University,067U,No,No
2024,Arts,Visual & Technological Arts,A,Drama & Theatre (English),B,Art,A,1.876,2789,Trincomalee,88,B,A,B,B,2,1,5,1,2,5,4,4,4,4,2,5,Visual & Technological Arts,Swamy Vipulananda Institute of Aesthetic Studies,072Y,Yes,Yes
2024,Commerce,Business Statistics,B,Accounting,B,Economics,C,0.045,15000,Polonnaruwa,53,C,B,C,C,1,1,2,4,5,1,1,3,4,3,4,2,Commerce,University of Sri Jayewardenepura,018C,No,No
2024,Technology,Computer Science,A,Mathematics,A,Physics,B,2.601,410,Colombo,94,A,A,A,A,5,1,2,5,1,1,1,4,5,2,4,5,Software Engineering,University of Sri Jayewardenepura,099C,No,Yes
2024,Physical Science,Physics,A,Chemistry,B,Combined Mathematics,A,2.689,2345,Colombo,93,A,A,A,A,5,1,5,4,1,1,1,5,5,1,5,4,Fashion Design & Product Development,University of Moratuwa,034G,Yes,Yes
2024,Biological Science,Biology,A,Chemistry,A,Physics,B,2.701,789,Peradeniya,95,A,A,A,A,5,5,1,5,1,1,4,2,5,1,2,4,Medical Laboratory Sciences,University of Peradeniya,052B,No,Yes
2024,Arts,Physical Education,A,History,B,Political Science,C,1.878,5678,Sabaragamuwa,80,C,C,B,C,3,2,4,2,3,3,5,5,4,5,5,5,Sports Science & Management,Sabaragamuwa University,082L,Yes,Yes
2024,Commerce,Economics,F,Business Studies,C,Accounting,C,-0.432,78901,Colombo,29,F,S,C,F,1,1,2,5,5,2,1,4,5,4,5,4,,,,,No
2024,Technology,Information Systems,B,ICT,B,Computer Science,C,0.256,23456,Kurunegala,61,B,B,C,B,3,2,2,4,3,1,3,3,3,3,3,3,Information Systems,University of Sri Jayewardenepura,096C,No,No
2024,Physical Science,Physics,A,Chemistry,A,Combined Mathematics,B,2.667,1890,Gampaha,92,A,A,A,A,5,1,4,5,2,1,1,5,4,1,4,5,Quantity Surveying,University of Moratuwa,011G,No,Yes
2024,Biological Science,Biology,A,Chemistry,A,Physics,A,2.712,678,Jaffna,98,A,A,A,A,5,5,1,4,1,1,4,2,5,1,2,4,Medicine,South Eastern University of Sri Lanka,006J,No,Yes
2024,Arts,Drama & Theatre (Tamil),A,Music (Carnatic),A,Art,B,1.945,3456,Jaffna,90,B,A,B,A,2,1,5,1,2,5,4,4,5,5,2,5,Drama & Theatre,University of the Visual & Performing Arts,071Z,Yes,Yes
2024,Commerce,Banking and Insurance,B,Business Studies,B,Economics,C,0.112,12000,Vavuniya,60,B,B,C,B,2,2,2,4,4,1,2,3,3,3,3,3,Banking and Insurance,University of Vavuniya,133R,No,No
2024,Technology,Information & Communication Technology,A,Science for Technology,A,Bio Systems Technology,B,2.512,1345,Matara,90,A,A,A,A,4,3,3,4,3,2,5,5,4,3,5,5,Biosystems Technology,University of Colombo,103A,No,Yes
2024,Physical Science,Physics,A,Chemistry,B,Combined Mathematics,A,2.689,3123,Kalutara,92,A,A,A,A,5,1,4,5,2,1,1,5,4,1,4,5,Engineering,University of Moratuwa,008G,No,Yes
2024,Biological Science,Biology,A,Chemistry,A,Physics,A,2.701,456,Peradeniya,95,A,A,A,A,5,5,1,5,1,1,4,2,5,1,2,4,Medicine,University of Colombo,001A,No,Yes
2024,Arts,Music (Western),A,Art,A,Drama & Theatre (English),B,1.989,4567,Colombo,91,B,A,B,A,2,2,5,3,4,5,2,3,5,5,3,5,Music,University of the Visual & Performing Arts,068Z,Yes,Yes
2024,Commerce,Financial Economics,A,Business Studies,B,Accounting,C,1.012,8900,Colombo,70,A,B,C,B,1,1,2,4,4,1,1,3,4,3,4,2,Financial Economics,University of Sri Jayewardenepura,131C,No,Yes
2024,Technology,Business Information Systems (Honours),A,ICT,A,Business Studies,B,2.102,2345,Colombo,88,A,A,B,A,2,2,3,5,4,1,2,4,4,4,4,4,Business Information Systems (HON),University of Sri Jayewardenepura,077C,No,Yes
2024,Physical Science,Physics,B,Chemistry,B,Combined Mathematics,C,0.005,56000,Trincomalee,42,C,B,C,B,4,1,3,4,2,1,2,4,3,2,3,3,,,,,No
2024,Biological Science,Biology,A,Chemistry,B,Physics,B,1.345,12345,Ratnapura,76,A,B,B,A,4,4,2,3,2,1,4,3,3,2,3,3,Environmental Conservation & Management,University of Kelaniya,055D,No,No
2024,Arts,Art,B,Drama & Theatre (Sinhala),B,Music (Western),C,0.212,45000,Colombo,55,C,B,C,B,2,2,5,2,3,4,3,3,3,3,2,4,Art & Design,University of Jaffna,070E,Yes,No
2024,Commerce,Accounting,F,Business Studies,S,Economics,F,-0.987,89012,Mannar,20,F,S,S,F,1,1,1,2,5,1,1,2,4,1,2,1,,,,,No
2024,Technology,Industrial Information Technology,B,Engineering Technology,B,ICT,C,0.342,20000,Kegalle,63,B,B,C,B,3,2,2,4,3,1,2,3,3,3,3,3,Industrial Information Technology,Uva Wellassa University,075U,No,No
2024,Physical Science,Physics,A,Chemistry,A,Combined Mathematics,A,2.712,567,Colombo,96,A,A,A,A,5,1,5,5,1,1,1,5,5,1,5,4,Computer Science,University of Colombo School of Computing,012T,No,Yes
2024,Biological Science,Biology,A,Chemistry,A,Physics,A,2.701,789,Peradeniya,95,A,A,A,A,5,5,1,5,1,1,4,2,5,1,2,4,Medicine,University of Peradeniya,001B,No,Yes
2024,Arts,Film & Television Studies,A,Art,A,Music (Western),B,1.989,2345,Colombo,92,B,A,B,A,2,2,5,3,4,5,2,3,5,5,3,5,Film & Television Studies,University of Kelaniya,100D,Yes,Yes
2024,Commerce,Management,A,Economics,A,Business Studies,B,2.21,980,Colombo,90,A,A,B,A,2,2,3,5,4,1,2,4,4,4,4,4,Management,University of Colombo,016A,No,Yes
2024,Technology,Information Technology & Management,A,ICT,A,Business Studies,B,2.045,1400,Colombo,87,A,A,B,A,3,2,3,4,3,1,2,3,3,3,3,3,Information Technology & Management,University of Moratuwa,091G,No,Yes
2024,Arts,Landscape Architecture,A,Design,B,Art,A,1.945,234,Colombo,88,A,B,A,A,2,1,5,2,2,4,3,3,3,3,3,5,Landscape Architecture,University of Moratuwa,097G,Yes,Yes
2024,Physical Science,Physics,A,Chemistry,A,Combined Mathematics,A,2.712,234,Colombo,97,A,A,A,A,5,1,5,5,1,1,1,5,5,1,5,4,Computer Science,University of Colombo School of Computing,012T,No,Yes
2024,Arts,Drama & Theatre (Sinhala),A,Music (Western),A,Art,A,1.989,3456,Colombo,94,C,B,C,B,1,1,5,1,2,5,4,5,5,5,1,5,Arts (SP) - Performing Arts,Sripalee Campus,041S,Yes,Yes
2024,Commerce,Commerce,B,Accounting,B,Business Studies,B,0.178,30500,Kalutara,50,B,B,B,B,1,1,2,4,4,1,1,3,3,3,3,3,Commerce,University of Sri Jayewardenepura,018C,No,No
2024,Technology,Software Engineering,A,Computer Science,A,Mathematics,A,2.601,410,Colombo,94,A,A,A,A,5,1,2,5,1,1,1,4,5,2,4,5,Software Engineering,University of Sri Jayewardenepura,099C,No,Yes
2024,Arts,Music (Western),A,Drama & Theatre (English),B,Art,B,1.945,5678,Colombo,89,B,A,B,A,2,2,5,3,3,5,2,3,4,4,3,5,Music,University of Sri Jayewardenepura,068C,Yes,Yes
2024,Biological Science,Biology,F,Chemistry,F,Combined Mathematics,C,-0.234,45678,Anuradhapura,36,C,B,C,C,3,2,2,2,2,1,2,2,2,2,2,2,,,,,No
2024,Arts,Visual Arts,A,Drama & Theatre (English),A,Design,B,1.876,2100,Trincomalee,85,B,A,B,B,2,1,5,1,2,5,4,4,4,4,2,5,Visual Arts,University of the Visual & Performing Arts,085Z,Yes,Yes
,,,,,,,,,,,,,,,,,,,,,,,,,,,,,,,,
,,,,,,,,,,,,,,,,,,,,,,,,,,,,,,,,
2024,Physical Science,Physics,A,Chemistry,B,Combined Mathematics,A,2.654,123,Gampaha,95,A,A,B,A,5,1,2,5,1,1,1,5,4,2,5,4,Engineering,University of Peradeniya,008B,No,Yes
2024,Biological Science,Biology,B,Chemistry,A,Physics,B,2.431,234,Matale,88,B,A,B,A,4,4,1,3,1,1,3,2,5,1,2,4,Medicine,University of Peradeniya,001B,No,Yes
2024,Arts,Art,B,Music (Western),A,Drama & Theatre (English),A,1.876,1567,Colombo,92,B,A,B,B,2,2,5,3,2,5,2,3,4,5,3,5,Film & Television Studies,University of Kelaniya,100D,Yes,Yes
2024,Commerce,Economics,C,Business Studies,B,Accounting,A,2.112,345,Galle,82,C,B,A,B,1,1,2,5,5,1,1,4,4,5,5,3,Accounting Information Systems,University of Kelaniya,127D,No,Yes
2024,Technology,Engineering Technology,A,ICT,B,Science for Technology,A,2.487,567,Matara,90,A,B,A,A,5,1,4,5,2,1,3,5,5,1,4,5,Engineering Technology,University of Kelaniya,102D,No,Yes
2024,Physical Science,Physics,B,Chemistry,A,Combined Mathematics,B,2.521,678,Kegalle,91,A,B,A,A,5,1,4,5,2,1,1,5,4,1,4,5,Quantity Surveying,University of Moratuwa,011G,No,Yes
2024,Biological Science,Biology,A,Chemistry,B,Physics,A,1.002,456,Batticaloa,60,A,B,B,A,3,3,2,2,2,1,3,3,2,3,3,3,Medical Laboratory Sciences,University of Ruhuna,052F,No,No
2024,Arts,Music (Western),A,Art,B,Drama & Theatre (English),A,1.934,4789,Colombo,88,B,A,B,B,2,2,5,3,3,5,2,3,4,5,3,5,Music,University of Sri Jayewardenepura,068C,Yes,Yes
2024,Physical Science,Physics,C,Chemistry,C,Combined Mathematics,C,-0.654,54321,Vavuniya,35,F,S,C,F,5,1,4,5,2,1,1,5,4,1,4,5,,,,,No
2024,Biological Science,Biology,A,Chemistry,A,Physics,B,2.654,345,Jaffna,97,A,A,A,A,5,5,1,4,1,1,4,2,5,1,2,4,Medicine,University of Jaffna,001E,No,Yes
2024,Arts,Visual Arts,A,Art,B,Dancing (Bharatha),A,1.934,1678,Batticaloa,90,B,A,C,B,1,1,5,1,3,5,4,4,5,5,1,5,Dance,Swamy Vipulananda Institute of Aesthetic Studies,069Y,Yes,Yes
2024,Commerce,Economics,F,Business Studies,C,Accounting,F,-0.987,68901,Mannar,24,F,S,C,F,1,1,2,5,5,2,1,4,5,4,5,4,,,,,No
2024,Technology,Bio Systems Technology,A,Science for Technology,B,ICT,A,2.567,1678,Monaragala,90,A,B,A,A,4,3,3,4,3,2,5,5,4,3,5,5,Green Technology,University of Ruhuna,095F,No,Yes
2024,Physical Science,Physics,A,Chemistry,A,Combined Mathematics,A,2.701,345,Colombo,96,A,A,A,A,5,1,5,5,1,1,1,5,5,1,5,4,Computer Science,University of Colombo School of Computing,012T,No,Yes
2024,Biological Science,Biology,C,Chemistry,F,Physics,S,-0.789,58901,Mullaitivu,34,C,F,S,C,4,5,1,4,1,1,3,2,4,1,3,3,,,,,No
2024,Arts,Drama & Theatre (Sinhala),A,Art,B,Music (Western),B,1.967,2345,Colombo,93,B,A,B,A,1,1,5,1,2,5,4,5,5,5,1,5,Arts (SP) - Performing Arts,Sripalee Campus,041S,Yes,Yes
2024,Commerce,Accounting,B,Business Studies,B,Economics,C,0.098,8900,Kegalle,65,B,B,C,B,1,1,2,4,4,1,1,3,4,3,4,3,Commerce,University of Kelaniya,018D,No,No
2024,Technology,Information Technology (IT),A,Engineering Technology,A,Science for Technology,B,1.945,2340,Matale,89,A,A,B,A,5,1,4,5,2,1,3,5,5,1,4,4,Information Technology (IT),University of Moratuwa,026G,No,Yes
2024,Physical Science,Physics,A,Chemistry,A,Combined Mathematics,B,2.689,78,Kalutara,96,A,A,A,A,5,1,5,5,1,1,1,5,5,1,5,4,Engineering,University of Peradeniya,008B,No,Yes
2024,Biological Science,Biology,A,Chemistry,A,Physics,A,2.701,134,Trincomalee,96,A,A,A,A,5,5,1,4,1,1,4,2,5,1,2,4,Medicine,Eastern University,001H,No,Yes
2024,Arts,Art,A,Music (Carnatic),A,Drama & Theatre (Tamil),A,1.978,1890,Jaffna,94,B,A,C,B,1,1,5,1,3,5,4,4,5,5,1,5,Music,Swamy Vipulananda Institute of Aesthetic Studies,068Y,Yes,Yes
2024,Commerce,Economics,B,Business Studies,A,Accounting,A,2.412,1678,Kalutara,85,A,B,A,B,1,1,3,5,5,1,1,4,5,5,5,3,Financial Economics,University of Sri Jayewardenepura,131C,No,Yes
2024,Technology,Engineering Technology,C,ICT,F,Science for Technology,B,-0.123,67890,Puttalam,44,C,F,B,S,5,1,4,5,2,1,3,5,5,1,4,5,,,,,No
2024,Physical Science,Physics,A,Chemistry,A,Combined Mathematics,A,2.712,189,Matale,97,A,A,A,A,5,1,5,5,1,1,1,5,5,1,5,4,Landscape Architecture,University of Moratuwa,097G,Yes,Yes
2024,Biological Science,Biology,B,Chemistry,A,Physics,B,1.102,2345,Badulla,72,B,A,B,B,3,4,2,3,1,1,3,2,3,2,3,3,Animal Production and Food Technology,Uva Wellassa University,067U,No,No
2024,Arts,Visual & Technological Arts,A,Drama & Theatre (English),B,Art,A,1.876,2789,Trincomalee,88,B,A,B,B,2,1,5,1,2,5,4,4,4,4,2,5,Visual & Technological Arts,Swamy Vipulananda Institute of Aesthetic Studies,072Y,Yes,Yes
2024,Commerce,Business Statistics,B,Accounting,B,Economics,C,0.045,15000,Polonnaruwa,53,C,B,C,C,1,1,2,4,5,1,1,3,4,3,4,2,Commerce,University of Sri Jayewardenepura,018C,No,No
2024,Technology,Computer Science,A,Mathematics,A,Physics,B,2.601,410,Colombo,94,A,A,A,A,5,1,2,5,1,1,1,4,5,2,4,5,Software Engineering,University of Sri Jayewardenepura,099C,No,Yes
2024,Physical Science,Physics,A,Chemistry,B,Combined Mathematics,A,2.689,2345,Colombo,93,A,A,A,A,5,1,5,4,1,1,1,5,5,1,5,4,Fashion Design & Product Development,University of Moratuwa,034G,Yes,Yes
2024,Biological Science,Biology,A,Chemistry,A,Physics,B,2.701,789,Peradeniya,95,A,A,A,A,5,5,1,5,1,1,4,2,5,1,2,4,Medical Laboratory Sciences,University of Peradeniya,052B,No,Yes
,,,,,,,,,,,,,,,,,,,,,,,,,,,,,,,,
,,,,,,,,,,,,,,,,,,,,,,,,,,,,,,,,
2024,Physical Science,Physics,A,Chemistry,A,Combined Mathematics,A,2.701,145,Gampaha,96,A,A,A,A,5,1,5,5,1,1,1,5,5,1,5,4,Computer Science,University of Colombo School of Computing,012T,No,Yes
2024,Physical Science,Physics,B,Chemistry,A,Combined Mathematics,B,2.654,312,Kalutara,92,A,A,B,A,5,1,4,5,2,1,1,5,4,1,4,5,Engineering,University of Peradeniya,008B,No,Yes
2024,Biological Science,Biology,A,Chemistry,B,Physics,A,2.512,234,Matale,91,A,B,A,A,5,5,1,4,1,1,3,2,5,1,2,4,Medicine,University of Peradeniya,001B,No,Yes
2024,Biological Science,Biology,B,Chemistry,A,Physics,B,2.401,567,Jaffna,88,B,A,B,B,4,4,1,3,1,1,4,2,4,1,2,4,Medical Laboratory Sciences,University of Ruhuna,052F,No,No
2024,Arts,Art,A,Music (Western),B,Drama & Theatre (English),A,1.978,1678,Colombo,93,B,A,B,A,2,2,5,3,3,5,2,3,4,5,3,5,Film & Television Studies,University of Kelaniya,100D,Yes,Yes
2024,Arts,Visual Arts,B,Art,A,Dancing (Bharatha),A,1.934,1456,Batticaloa,90,B,A,C,B,1,1,5,1,3,5,4,4,5,5,1,5,Dance,Swamy Vipulananda Institute of Aesthetic Studies,069Y,Yes,Yes
2024,Commerce,Economics,A,Business Studies,B,Accounting,A,2.345,2345,Galle,85,A,B,A,B,1,1,3,5,5,1,1,4,5,5,5,3,Accounting Information Systems,University of Kelaniya,127D,No,Yes
2024,Commerce,Accounting,B,Business Studies,A,Economics,B,2.112,1890,Kegalle,78,B,B,A,B,1,1,2,4,4,1,1,3,4,3,4,3,Commerce,University of Kelaniya,018D,No,No
2024,Technology,Engineering Technology,A,ICT,B,Science for Technology,A,2.567,1234,Matara,90,A,B,A,A,5,1,4,5,2,1,3,5,5,1,4,5,Engineering Technology,University of Kelaniya,102D,No,Yes
2024,Technology,Information Technology (IT),A,Engineering Technology,A,Science for Technology,B,1.945,2340,Matale,89,A,A,B,A,5,1,4,5,2,1,3,5,5,1,4,4,Information Technology (IT),University of Moratuwa,026G,No,Yes
2024,Physical Science,Physics,A,Chemistry,B,Combined Mathematics,A,2.689,78,Kalutara,96,A,A,A,A,5,1,5,5,1,1,1,5,5,1,5,4,Engineering,University of Peradeniya,008B,No,Yes
2024,Biological Science,Biology,A,Chemistry,A,Physics,A,2.701,134,Trincomalee,96,A,A,A,A,5,5,1,4,1,1,4,2,5,1,2,4,Medicine,Eastern University,001H,No,Yes
2024,Arts,Art,A,Music (Carnatic),A,Drama & Theatre (Tamil),B,1.978,1456,Jaffna,94,B,A,C,B,1,1,5,1,3,5,4,4,5,5,1,5,Music,Swamy Vipulananda Institute of Aesthetic Studies,068Y,Yes,Yes
2024,Arts,Drama & Theatre (Sinhala),A,Art,B,Music (Western),B,1.967,2345,Colombo,93,B,A,B,A,1,1,5,1,2,5,4,5,5,5,1,5,Arts (SP) - Performing Arts,Sripalee Campus,041S,Yes,Yes
2024,Commerce,Financial Economics,A,Business Studies,B,Accounting,C,1.012,8900,Colombo,70,A,B,C,B,1,1,2,4,4,1,1,3,4,3,4,2,Financial Economics,University of Sri Jayewardenepura,131C,No,Yes
2024,Commerce,Banking and Insurance,B,Business Studies,B,Economics,C,0.112,12000,Vavuniya,60,B,B,C,B,2,2,2,4,4,1,2,3,3,3,3,3,Banking and Insurance,University of Vavuniya,133R,No,No
2024,Technology,Information & Communication Technology,A,Science for Technology,A,Bio Systems Technology,B,2.512,1345,Matara,90,A,A,A,A,4,3,3,4,3,2,5,5,4,3,5,5,Biosystems Technology,University of Colombo,103A,No,Yes
2024,Physical Science,Physics,A,Chemistry,B,Combined Mathematics,A,2.689,3123,Kalutara,92,A,A,A,A,5,1,4,5,2,1,1,5,4,1,4,5,Engineering,University of Moratuwa,008G,No,Yes
2024,Biological Science,Biology,A,Chemistry,A,Physics,A,2.701,456,Peradeniya,95,A,A,A,A,5,5,1,5,1,1,4,2,5,1,2,4,Medicine,University of Colombo,001A,No,Yes
2024,Arts,Music (Western),A,Art,A,Drama & Theatre (English),B,1.989,4567,Colombo,91,B,A,B,A,2,2,5,3,4,5,2,3,5,5,3,5,Music,University of the Visual & Performing Arts,068Z,Yes,Yes
2024,Commerce,Management,A,Economics,A,Business Studies,B,2.21,980,Colombo,90,A,A,B,A,2,2,3,5,4,1,2,4,4,4,4,4,Management,University of Colombo,016A,No,Yes
2024,Technology,Information Technology & Management,A,ICT,A,Business Studies,B,2.045,1400,Colombo,87,A,A,B,A,3,2,3,4,3,1,2,3,3,3,3,3,Information Technology & Management,University of Moratuwa,091G,No,Yes
2024,Arts,Landscape Architecture,A,Design,B,Art,A,1.945,234,Colombo,88,A,B,A,A,2,1,5,2,2,4,3,3,3,3,3,5,Landscape Architecture,University of Moratuwa,097G,Yes,Yes
2024,Physical Science,Physics,A,Chemistry,A,Combined Mathematics,A,2.712,234,Colombo,97,A,A,A,A,5,1,5,5,1,1,1,5,5,1,5,4,Computer Science,University of Colombo School of Computing,012T,No,Yes
2024,Biological Science,Biology,A,Chemistry,A,Physics,A,2.701,789,Peradeniya,95,A,A,A,A,5,5,1,5,1,1,4,2,5,1,2,4,Medicine,University of Peradeniya,001B,No,Yes
2024,Arts,Film & Television Studies,A,Art,A,Music (Western),B,1.989,2345,Colombo,92,B,A,B,A,2,2,5,3,4,5,2,3,5,5,3,5,Film & Television Studies,University of Kelaniya,100D,Yes,Yes
2024,Physical Science,Physics,B,Chemistry,B,Combined Mathematics,C,0.005,56000,Trincomalee,42,C,B,C,B,4,1,3,4,2,1,2,4,3,2,3,3,,,,,No
2024,Biological Science,Biology,A,Chemistry,B,Physics,B,1.345,12345,Ratnapura,76,A,B,B,A,4,4,2,3,2,1,4,3,3,2,3,3,Environmental Conservation & Management,University of Kelaniya,055D,No,No
2024,Arts,Art,B,Drama & Theatre (Sinhala),B,Music (Western),C,0.212,45000,Colombo,55,C,B,C,B,2,2,5,2,3,4,3,3,3,3,2,4,Art & Design,University of Jaffna,070E,Yes,No
2024,Commerce,Accounting,F,Business Studies,S,Economics,F,-0.987,89012,Mannar,20,F,S,S,F,1,1,1,2,5,1,1,2,4,1,2,1,,,,,No
2024,Technology,Industrial Information Technology,B,Engineering Technology,B,ICT,C,0.342,20000,Kegalle,63,B,B,C,B,3,2,2,4,3,1,2,3,3,3,3,3,Industrial Information Technology,Uva Wellassa University,075U,No,No
2024,Arts,Music (Western),A,Drama & Theatre (English),B,Art,B,1.945,5678,Colombo,89,B,A,B,A,2,2,5,3,3,5,2,3,4,4,3,5,Music,University of Sri Jayewardenepura,068C,Yes,Yes
2024,Physical Science,Physics,A,Chemistry,A,Combined Mathematics,A,2.712,567,Colombo,96,A,A,A,A,5,1,5,5,1,1,1,5,5,1,5,4,Computer Science,University of Colombo School of Computing,012T,No,Yes
,,,,,,,,,,,,,,,,,,,,,,,,,,,,,,,,
,,,,,,,,,,,,,,,,,,,,,,,,,,,,,,,,
2024,Physical Science,Physics,A,Chemistry,A,Combined Mathematics,A,2.712,102,Colombo,97,A,A,A,A,5,1,1,5,1,1,1,5,5,2,4,5,Computer Science,UCSC,096T,No,Yes
2024,Biological Science,Biology,A,Chemistry,A,Physics,A,2.701,198,Galle,96,A,A,A,A,4,5,1,3,1,1,4,2,5,1,2,4,Medicine,University of Peradeniya,001B,No,Yes
2024,Arts,Art,A,Music (Western),A,Drama & Theatre (English),A,1.978,2345,Jaffna,91,B,A,B,A,2,2,5,3,2,5,2,3,5,5,3,5,Film & Television Studies,University of Kelaniya,100D,Yes,Yes
2024,Commerce,Economics,A,Accounting,A,Business Studies,B,2.489,2345,Kalutara,87,A,A,B,A,1,1,2,5,5,1,1,4,5,4,5,4,Accounting Information Systems,University of Kelaniya,127D,No,Yes
2024,Technology,Engineering Technology,A,ICT,A,Science for Technology,A,2.534,430,Matara,91,A,A,A,A,5,1,4,5,2,1,3,5,5,1,4,5,Engineering Technology,University of Kelaniya,102D,No,Yes
2024,Physical Science,Physics,B,Chemistry,A,Combined Mathematics,A,2.689,3123,Gampaha,92,A,A,A,A,5,1,4,5,2,1,1,5,4,1,4,5,Quantity Surveying,University of Moratuwa,011G,No,Yes
2024,Biological Science,Biology,C,Chemistry,B,Physics,S,0.102,1456,Batticaloa,58,B,C,C,B,3,3,2,2,2,1,3,3,2,3,3,3,Medical Laboratory Sciences,University of Ruhuna,052F,No,No
2024,Arts,Music (Western),A,Art,A,Drama & Theatre (English),B,1.978,4567,Colombo,91,B,A,B,A,2,2,5,3,4,5,2,3,5,5,3,5,Music,University of Sri Jayewardenepura,068C,Yes,Yes
2024,Physical Science,Physics,F,Chemistry,C,Combined Mathematics,C,-0.876,61234,Vavuniya,30,F,S,C,F,5,1,4,5,2,1,1,5,4,1,4,5,,,,,No
2024,Biological Science,Biology,A,Chemistry,A,Physics,A,2.712,345,Jaffna,98,A,A,A,A,5,5,1,4,1,1,4,2,5,1,2,4,Medicine,University of Jaffna,001E,No,Yes
2024,Arts,Visual Arts,A,Art,A,Dancing (Bharatha),A,1.934,1678,Batticaloa,93,B,A,C,B,1,1,5,1,3,5,4,4,5,5,1,5,Dance,Swamy Vipulananda Institute of Aesthetic Studies,069Y,Yes,Yes
2024,Commerce,Economics,F,Business Studies,C,Accounting,F,-0.987,68901,Mannar,24,F,S,C,F,1,1,2,5,5,2,1,4,5,4,5,4,,,,,No
2024,Technology,Bio Systems Technology,A,Science for Technology,A,ICT,A,2.567,1678,Monaragala,90,A,A,A,A,4,3,3,4,3,2,5,5,4,3,5,5,Green Technology,University of Ruhuna,095F,No,Yes
2024,Physical Science,Physics,A,Chemistry,A,Combined Mathematics,A,2.701,345,Colombo,96,A,A,A,A,5,1,5,5,1,1,1,5,5,1,5,4,Computer Science,UCSC,096T,No,Yes
2024,Biological Science,Biology,C,Chemistry,F,Physics,S,-0.789,58901,Mullaitivu,34,C,F,S,C,4,5,1,4,1,1,3,2,4,1,3,3,,,,,No
2024,Arts,Drama & Theatre (Sinhala),A,Art,A,Music (Western),B,1.967,2345,Colombo,93,B,A,B,A,1,1,5,1,2,5,4,5,5,5,1,5,Arts (SP) - Performing Arts,Sripalee Campus,041S,Yes,Yes
2024,Commerce,Accounting,B,Business Studies,B,Economics,C,0.098,8900,Kegalle,65,B,B,C,B,1,1,2,4,4,1,1,3,4,3,4,3,Commerce,University of Kelaniya,018D,No,No
2024,Technology,Information Technology (IT),A,Engineering Technology,A,Science for Technology,B,1.945,2340,Matale,89,A,A,B,A,5,1,4,5,2,1,3,5,5,1,4,4,Information Technology (IT),University of Moratuwa,026G,No,Yes
2024,Physical Science,Physics,A,Chemistry,A,Combined Mathematics,B,2.689,78,Kalutara,96,A,A,A,A,5,1,5,5,1,1,1,5,5,1,5,4,Engineering,University of Peradeniya,008B,No,Yes
2024,Biological Science,Biology,A,Chemistry,A,Physics,A,2.701,134,Trincomalee,96,A,A,A,A,5,5,1,4,1,1,4,2,5,1,2,4,Medicine,Eastern University,001H,No,Yes
2024,Arts,Art,A,Music (Carnatic),A,Drama & Theatre (Tamil),A,1.978,1890,Jaffna,94,B,A,C,B,1,1,5,1,3,5,4,4,5,5,1,5,Music,Swamy Vipulananda Institute of Aesthetic Studies,068Y,Yes,Yes
2024,Commerce,Economics,B,Business Studies,A,Accounting,A,2.412,1678,Kalutara,85,A,B,A,B,1,1,3,5,5,1,1,4,5,5,5,3,Financial Economics,University of Sri Jayewardenepura,131C,No,Yes
2024,Technology,Engineering Technology,C,ICT,F,Science for Technology,B,-0.123,67890,Puttalam,44,C,F,B,S,5,1,4,5,2,1,3,5,5,1,4,5,,,,,No
2024,Physical Science,Physics,A,Chemistry,A,Combined Mathematics,A,2.712,189,Matale,97,A,A,A,A,5,1,5,5,1,1,1,5,5,1,5,4,Landscape Architecture,University of Moratuwa,097G,Yes,Yes
2024,Biological Science,Biology,B,Chemistry,A,Physics,B,1.102,2345,Badulla,72,B,A,B,B,3,4,2,3,1,1,3,2,3,2,3,3,Animal Production and Food Technology,Uva Wellassa University,067U,No,No
2024,Arts,Visual & Technological Arts,A,Drama & Theatre (English),B,Art,A,1.876,2789,Trincomalee,88,B,A,B,B,2,1,5,1,2,5,4,4,4,4,2,5,Visual & Technological Arts,Swamy Vipulananda Institute of Aesthetic Studies,072Y,Yes,Yes
2024,Commerce,Business Statistics,B,Accounting,B,Economics,C,0.045,15000,Polonnaruwa,53,C,B,C,C,1,1,2,4,5,1,1,3,4,3,4,2,Commerce,University of Sri Jayewardenepura,018C,No,No
2024,Technology,Computer Science,A,Mathematics,A,Physics,B,2.601,410,Colombo,94,A,A,A,A,5,1,2,5,1,1,1,4,5,2,4,5,Software Engineering,University of Sri Jayewardenepura,099C,No,Yes
2024,Physical Science,Physics,A,Chemistry,B,Combined Mathematics,A,2.689,2345,Colombo,93,A,A,A,A,5,1,5,4,1,1,1,5,5,1,5,4,Fashion Design & Product Development,University of Moratuwa,034G,Yes,Yes
2024,Biological Science,Biology,A,Chemistry,A,Physics,B,2.701,789,Peradeniya,95,A,A,A,A,5,5,1,5,1,1,4,2,5,1,2,4,Medical Laboratory Sciences,University of Peradeniya,052B,No,Yes
2024,Arts,Physical Education,A,History,B,Political Science,C,1.878,5678,Sabaragamuwa,80,C,C,B,C,3,2,4,2,3,3,5,5,4,5,5,5,Sports Science & Management,Sabaragamuwa University,082L,Yes,Yes
2024,Commerce,Economics,F,Business Studies,C,Accounting,C,-0.432,78901,Colombo,29,F,S,C,F,1,1,2,5,5,2,1,4,5,4,5,4,,,,,No
2024,Technology,Information Systems,B,ICT,B,Computer Science,C,0.256,23456,Kurunegala,61,B,B,C,B,3,2,2,4,3,1,3,3,3,3,3,3,Information Systems,University of Sri Jayewardenepura,096C,No,No
2024,Physical Science,Physics,A,Chemistry,A,Combined Mathematics,B,2.667,1890,Gampaha,92,A,A,A,A,5,1,4,5,2,1,1,5,4,1,4,5,Quantity Surveying,University of Moratuwa,011G,No,Yes
2024,Biological Science,Biology,A,Chemistry,A,Physics,A,2.712,678,Jaffna,98,A,A,A,A,5,5,1,4,1,1,4,2,5,1,2,4,Medicine,South Eastern University of Sri Lanka,006J,No,Yes
,,,,,,,,,,,,,,,,,,,,,,,,,,,,,,,,
2024,Physical Science,Physics,A,Chemistry,A,Combined Mathematics,A,2.689,123,Colombo,97,A,A,A,A,5,1,5,5,1,1,1,5,5,1,5,4,Computer Science,University of Colombo School of Computing,012T,No,Yes
2024,Biological Science,Biology,A,Chemistry,A,Physics,A,2.701,456,Kandy,96,A,A,A,A,5,5,1,4,1,1,4,2,5,1,2,4,Medicine,University of Peradeniya,001B,No,Yes
2024,Arts,Art,A,Music (Western),A,Drama & Theatre (English),A,1.978,1890,Jaffna,93,B,A,B,A,2,2,5,3,2,5,2,3,5,5,3,5,Film & Television Studies,University of Kelaniya,100D,Yes,Yes
2024,Commerce,Economics,A,Business Studies,A,Accounting,A,2.456,2345,Galle,88,A,A,A,A,1,1,1,5,5,1,1,4,5,5,5,4,Banking and Insurance,University of Vavuniya,133R,No,Yes
2024,Technology,Engineering Technology,A,ICT,A,Science for Technology,A,2.534,1890,Matara,91,A,A,A,A,5,1,4,5,2,1,3,5,5,1,4,5,Engineering Technology,University of Kelaniya,102D,No,Yes
2024,Physical Science,Physics,B,Chemistry,A,Combined Mathematics,A,2.667,3123,Gampaha,92,A,A,A,A,5,1,4,5,2,1,1,5,4,1,4,5,Quantity Surveying,University of Moratuwa,011G,No,Yes
2024,Biological Science,Biology,C,Chemistry,B,Physics,S,0.102,1456,Batticaloa,58,B,C,C,B,3,3,2,2,2,1,3,3,2,3,3,3,Medical Laboratory Sciences,University of Ruhuna,052F,No,No
2024,Arts,Music (Western),A,Art,A,Drama & Theatre (English),B,1.978,4567,Colombo,91,B,A,B,A,2,2,5,3,4,5,2,3,5,5,3,5,Music,University of Sri Jayewardenepura,068C,Yes,Yes
2024,Physical Science,Physics,F,Chemistry,C,Combined Mathematics,C,-0.876,61234,Vavuniya,30,F,S,C,F,5,1,4,5,2,1,1,5,4,1,4,5,,,,,No
2024,Biological Science,Biology,A,Chemistry,A,Physics,A,2.712,345,Jaffna,98,A,A,A,A,5,5,1,4,1,1,4,2,5,1,2,4,Medicine,University of Jaffna,001E,No,Yes
2024,Arts,Visual Arts,A,Art,A,Dancing (Bharatha),A,1.934,1678,Batticaloa,93,B,A,C,B,1,1,5,1,3,5,4,4,5,5,1,5,Dance,Swamy Vipulananda Institute of Aesthetic Studies,069Y,Yes,Yes
2024,Commerce,Economics,F,Business Studies,C,Accounting,F,-0.987,68901,Mannar,24,F,S,C,F,1,1,2,5,5,2,1,4,5,4,5,4,,,,,No
2024,Technology,Bio Systems Technology,A,Science for Technology,A,ICT,A,2.567,1678,Monaragala,90,A,A,A,A,4,3,3,4,3,2,5,5,4,3,5,5,Green Technology,University of Ruhuna,095F,No,Yes
2024,Physical Science,Physics,A,Chemistry,A,Combined Mathematics,A,2.701,345,Colombo,96,A,A,A,A,5,1,5,5,1,1,1,5,5,1,5,4,Computer Science,University of Colombo School of Computing,012T,No,Yes
2024,Biological Science,Biology,C,Chemistry,F,Physics,S,-0.789,58901,Mullaitivu,34,C,F,S,C,4,5,1,4,1,1,3,2,4,1,3,3,,,,,No
2024,Arts,Drama & Theatre (Sinhala),A,Art,A,Music (Western),B,1.967,2345,Colombo,93,B,A,B,A,1,1,5,1,2,5,4,5,5,5,1,5,Arts (SP) - Performing Arts,Sripalee Campus,041S,Yes,Yes
2024,Commerce,Accounting,B,Business Studies,B,Economics,C,0.098,8900,Kegalle,65,B,B,C,B,1,1,2,4,4,1,1,3,4,3,4,3,Commerce,University of Kelaniya,018D,No,No
2024,Technology,Information Technology (IT),A,Engineering Technology,A,Science for Technology,B,1.945,2340,Matale,89,A,A,B,A,5,1,4,5,2,1,3,5,5,1,4,4,Information Technology (IT),University of Moratuwa,026G,No,Yes
2024,Physical Science,Physics,A,Chemistry,A,Combined Mathematics,B,2.689,78,Kalutara,96,A,A,A,A,5,1,5,5,1,1,1,5,5,1,5,4,Engineering,University of Peradeniya,008B,No,Yes
2024,Biological Science,Biology,A,Chemistry,A,Physics,A,2.701,134,Trincomalee,96,A,A,A,A,5,5,1,4,1,1,4,2,5,1,2,4,Medicine,Eastern University,001H,No,Yes
2024,Arts,Art,A,Music (Carnatic),A,Drama & Theatre (Tamil),A,1.978,1890,Jaffna,94,B,A,C,B,1,1,5,1,3,5,4,4,5,5,1,5,Music,Swamy Vipulananda Institute of Aesthetic Studies,068Y,Yes,Yes
2024,Commerce,Economics,B,Business Studies,A,Accounting,A,2.412,1678,Kalutara,85,A,B,A,B,1,1,3,5,5,1,1,4,5,5,5,3,Financial Economics,University of Sri Jayewardenepura,131C,No,Yes
2024,Technology,Engineering Technology,C,ICT,F,Science for Technology,B,-0.123,67890,Puttalam,44,C,F,B,S,5,1,4,5,2,1,3,5,5,1,4,5,,,,,No
2024,Physical Science,Physics,A,Chemistry,A,Combined Mathematics,A,2.712,189,Matale,97,A,A,A,A,5,1,5,5,1,1,1,5,5,1,5,4,Landscape Architecture,University of Moratuwa,097G,Yes,Yes
2024,Biological Science,Biology,B,Chemistry,A,Physics,B,1.102,2345,Badulla,72,B,A,B,B,3,4,2,3,1,1,3,2,3,2,3,3,Animal Production and Food Technology,Uva Wellassa University,067U,No,No
2024,Arts,Visual & Technological Arts,A,Drama & Theatre (English),B,Art,A,1.876,2789,Trincomalee,88,B,A,B,B,2,1,5,1,2,5,4,4,4,4,2,5,Visual & Technological Arts,Swamy Vipulananda Institute of Aesthetic Studies,072Y,Yes,Yes
2024,Commerce,Business Statistics,B,Accounting,B,Economics,C,0.045,15000,Polonnaruwa,53,C,B,C,C,1,1,2,4,5,1,1,3,4,3,4,2,Commerce,University of Sri Jayewardenepura,018C,No,No
2024,Technology,Computer Science,A,Mathematics,A,Physics,B,2.601,410,Colombo,94,A,A,A,A,5,1,2,5,1,1,1,4,5,2,4,5,Software Engineering,University of Sri Jayewardenepura,099C,No,Yes
2024,Physical Science,Physics,A,Chemistry,B,Combined Mathematics,A,2.689,2345,Colombo,93,A,A,A,A,5,1,5,4,1,1,1,5,5,1,5,4,Fashion Design & Product Development,University of Moratuwa,034G,Yes,Yes
2024,Biological Science,Biology,A,Chemistry,A,Physics,B,2.701,789,Peradeniya,95,A,A,A,A,5,5,1,5,1,1,4,2,5,1,2,4,Medical Laboratory Sciences,University of Peradeniya,052B,No,Yes
2024,Arts,Physical Education,A,History,B,Political Science,C,1.878,5678,Sabaragamuwa,80,C,C,B,C,3,2,4,2,3,3,5,5,4,5,5,5,Sports Science & Management,Sabaragamuwa University,082L,Yes,Yes
2024,Commerce,Economics,F,Business Studies,C,Accounting,C,-0.432,78901,Colombo,29,F,S,C,F,1,1,2,5,5,2,1,4,5,4,5,4,,,,,No
2024,Technology,Information Systems,B,ICT,B,Computer Science,C,0.256,23456,Kurunegala,61,B,B,C,B,3,2,2,4,3,1,3,3,3,3,3,3,Information Systems,University of Sri Jayewardenepura,096C,No,No
,,,,,,,,,,,,,,,,,,,,,,,,,,,,,,,,
2024,Physical Science,Physics,A,Chemistry,A,Combined Mathematics,A,2.689,123,Colombo,97,A,A,A,A,5,1,5,5,1,1,1,5,5,1,5,4,Computer Science,University of Colombo School of Computing,012T,No,Yes
2024,Physical Science,Physics,A,Chemistry,A,Combined Mathematics,B,2.645,345,Gampaha,95,A,A,A,A,5,1,5,5,1,1,1,5,5,1,5,4,Engineering,University of Moratuwa,008G,No,Yes
2024,Physical Science,Physics,A,Chemistry,A,Combined Mathematics,C,2.578,567,Kalutara,92,A,A,A,A,5,1,4,5,1,1,1,5,5,1,4,4,Electrical & Electronic Engineering,University of Moratuwa,009G,No,Yes
2024,Physical Science,Physics,A,Chemistry,B,Combined Mathematics,A,2.612,234,Matale,94,A,A,A,A,5,1,5,5,2,1,1,5,4,1,5,4,Civil Engineering,University of Peradeniya,007B,No,Yes
2024,Physical Science,Physics,B,Chemistry,A,Combined Mathematics,A,2.598,678,Colombo,93,A,A,A,A,5,1,5,4,1,1,1,5,5,1,5,4,Mechanical Engineering,University of Moratuwa,006G,No,Yes
2024,Physical Science,Physics,A,Chemistry,B,Combined Mathematics,B,2.564,890,Gampaha,91,A,A,A,A,5,1,4,5,2,1,1,5,4,1,4,4,Electronic & Telecommunication Eng.,University of Moratuwa,010G,No,Yes
2024,Physical Science,Physics,A,Chemistry,C,Combined Mathematics,A,2.501,345,Matara,90,A,A,A,A,5,1,4,4,1,1,1,5,5,1,4,4,Computer Engineering,University of Moratuwa,011G,No,Yes
2024,Physical Science,Physics,B,Chemistry,B,Combined Mathematics,B,2.478,456,Kandy,89,A,A,A,A,5,1,4,4,2,1,1,4,5,1,4,4,Industrial Engineering,University of Moratuwa,012G,No,Yes
2024,Physical Science,Physics,C,Chemistry,A,Combined Mathematics,A,2.432,567,Colombo,88,A,A,A,A,4,1,4,4,2,1,1,4,4,1,4,4,Chemical & Process Engineering,University of Moratuwa,013G,No,Yes
2024,Physical Science,Physics,B,Chemistry,A,Combined Mathematics,B,2.401,678,Galle,87,A,A,A,A,4,1,4,4,2,1,1,4,4,1,4,4,Material Science & Engineering,University of Moratuwa,014G,No,Yes
2024,Physical Science,Physics,A,Chemistry,B,Combined Mathematics,C,2.378,789,Kalutara,86,A,A,A,A,5,1,4,3,2,1,1,4,4,1,4,4,Mechatronics Engineering,University of Moratuwa,015G,No,Yes
2024,Biological Science,Biology,A,Chemistry,A,Physics,A,2.701,345,Jaffna,98,A,A,A,A,5,5,1,4,1,1,4,2,5,1,2,4,Medicine,University of Jaffna,001E,No,Yes
2024,Biological Science,Biology,A,Chemistry,A,Physics,B,2.645,456,Kandy,96,A,A,A,A,5,5,1,4,1,1,4,2,5,1,2,4,Medicine,University of Peradeniya,001B,No,Yes
2024,Biological Science,Biology,B,Chemistry,A,Physics,A,2.612,567,Colombo,94,A,A,A,A,5,4,1,4,1,1,4,2,5,1,2,4,Medical Laboratory Sciences,University of Peradeniya,052B,No,Yes
2024,Biological Science,Biology,A,Chemistry,B,Physics,A,2.598,678,Matara,93,A,A,A,A,5,5,1,4,2,1,4,2,5,1,2,4,Pharmacy,University of Colombo,051A,No,Yes
2024,Biological Science,Biology,A,Chemistry,A,Physics,C,2.564,789,Galle,91,A,A,A,A,5,5,1,3,1,1,4,2,5,1,2,4,Nursing,University of Peradeniya,053B,No,Yes
2024,Biological Science,Biology,B,Chemistry,B,Physics,B,2.501,890,Trincomalee,90,A,A,A,A,4,4,1,3,2,1,4,2,4,1,2,4,Speech & Language Therapy,University of Kelaniya,054D,No,Yes
2024,Biological Science,Biology,A,Chemistry,C,Physics,B,2.478,901,Matale,89,A,A,A,A,4,5,1,3,2,1,4,2,4,1,2,4,Medical Laboratory Sciences,University of Ruhuna,052F,No,Yes
2024,Biological Science,Biology,A,Chemistry,A,Physics,B,2.432,912,Kegalle,88,A,A,A,A,5,5,1,4,1,1,4,2,5,1,2,4,Medicine,University of Sri Jayewardenepura,001C,No,Yes
2024,Arts,Art,A,Music (Western),A,Drama & Theatre (English),A,1.978,1890,Jaffna,93,B,A,B,A,2,2,5,3,2,5,2,3,5,5,3,5,Film & Television Studies,University of Kelaniya,100D,Yes,Yes
2024,Arts,Art,A,Music (Carnatic),A,Drama & Theatre (Tamil),A,1.934,1678,Batticaloa,93,B,A,C,B,1,1,5,1,3,5,4,4,5,5,1,5,Music,Swamy Vipulananda Institute of Aesthetic Studies,068Y,Yes,Yes
2024,Arts,Visual Arts,A,Dance,A,Drama & Theatre (English),B,1.967,1456,Jaffna,91,B,A,B,A,2,2,5,3,2,5,2,3,5,5,3,5,Performing Arts,University of Jaffna,041E,Yes,Yes
2024,Arts,Drama & Theatre (Sinhala),A,History,A,Political Science,B,1.945,1678,Kandy,89,B,A,B,A,2,2,4,3,3,5,2,3,5,5,3,4,Theatre & Drama Studies,University of Peradeniya,042B,Yes,Yes
2024,Arts,Music (Western),A,Art,A,Drama & Theatre (English),B,1.978,2345,Colombo,91,B,A,B,A,2,2,5,3,4,5,2,3,5,5,3,5,Music,University of Sri Jayewardenepura,068C,Yes,Yes
2024,Commerce,Economics,A,Business Studies,A,Accounting,A,2.456,2345,Galle,88,A,A,A,A,1,1,1,5,5,1,1,4,5,5,5,4,Banking and Insurance,University of Vavuniya,133R,No,Yes
2024,Commerce,Accounting,A,Business Studies,B,Economics,B,2.412,1678,Kalutara,85,A,A,A,A,1,1,2,5,5,1,1,4,5,5,5,3,Financial Economics,University of Sri Jayewardenepura,131C,No,Yes
2024,Commerce,Accounting,B,Business Studies,A,Economics,A,2.412,1456,Gampaha,86,A,A,A,A,1,1,2,5,5,1,1,4,5,5,5,3,Accounting & Finance,University of Colombo,018A,No,Yes
2024,Commerce,Economics,B,Accounting,A,Business Studies,B,2.378,1345,Colombo,83,A,A,A,A,1,1,2,5,5,1,1,4,5,5,5,3,Business Administration,University of Kelaniya,019D,No,Yes
2024,Commerce,Accounting,C,Business Studies,B,Economics,C,2.345,1234,Trincomalee,80,B,B,C,B,1,1,2,4,4,1,1,3,4,3,4,2,Business Information Systems,University of Colombo,020A,No,Yes
2024,Commerce,Economics,A,Accounting,A,Business Studies,A,2.412,1123,Polonnaruwa,88,A,A,A,A,1,1,1,5,5,1,1,4,5,5,5,4,Accounting & Finance,University of Peradeniya,018B,No,Yes
2024,Technology,Engineering Technology,A,ICT,A,Science for Technology,A,2.534,1890,Matara,91,A,A,A,A,5,1,4,5,2,1,3,5,5,1,4,5,Engineering Technology,University of Kelaniya,102D,No,Yes
2024,Technology,Information Technology (IT),A,Engineering Technology,A,Science for Technology,B,1.945,2340,Matale,89,A,A,B,A,5,1,4,5,2,1,3,5,5,1,4,4,Information Technology (IT),University of Moratuwa,026G,No,Yes
2024,Technology,Computer Science,A,Mathematics,A,Physics,B,2.601,410,Colombo,94,A,A,A,A,5,1,2,5,1,1,1,4,5,2,4,5,Software Engineering,University of Sri Jayewardenepura,099C,No,Yes
2024,Technology,Bio Systems Technology,A,Science for Technology,A,ICT,A,2.567,1678,Monaragala,90,A,A,A,A,4,3,3,4,3,2,5,5,4,3,5,5,Green Technology,University of Ruhuna,095F,No,Yes
2024,Technology,Engineering Technology,B,ICT,A,Science for Technology,B,2.432,1789,Kurunegala,88,A,A,A,A,4,3,3,4,3,2,4,5,4,3,5,4,Robotics & Automation,University of Moratuwa,096G,No,Yes
2024,Technology,Information Systems,B,ICT,B,Computer Science,C,0.256,23456,Kurunegala,61,B,B,C,B,3,2,2,4,3,1,3,3,3,3,3,3,Information Systems,University of Sri Jayewardenepura,096C,No,No
2024,Technology,Computer Engineering,A,Mathematics,B,Physics,A,2.512,2345,Gampaha,90,A,A,A,A,5,1,2,5,1,1,1,4,5,2,4,5,Computer Engineering,University of Moratuwa,011G,No,Yes
2024,Technology,Information Technology (IT),A,ICT,A,Engineering Technology,B,2.478,2456,Colombo,89,A,A,A,A,5,1,2,5,1,1,1,4,5,2,4,4,Information Technology (IT),University of Moratuwa,026G,No,Yes
2024,Technology,Engineering Technology,C,ICT,B,Science for Technology,B,2.401,2567,Matara,87,A,A,A,A,4,3,3,4,3,2,3,4,4,3,4,4,Engineering Technology,University of Kelaniya,102D,No,Yes
2024,Technology,Computer Science,B,Mathematics,B,Physics,B,2.378,2678,Kandy,86,A,A,A,A,4,3,2,4,3,2,3,4,3,3,4,4,Software Engineering,University of Sri Jayewardenepura,099C,No,Yes
2024,Technology,Bio Systems Technology,B,Science for Technology,B,ICT,A,2.345,2789,Monaragala,85,A,A,A,A,3,3,3,4,3,2,3,4,4,3,4,4,Green Technology,University of Ruhuna,095F,No,Yes
2024,Technology,Engineering Technology,A,ICT,B,Science for Technology,A,2.312,2890,Matale,84,A,A,A,A,4,3,3,4,3,2,3,5,4,3,5,4,Robotics & Automation,University of Moratuwa,096G,No,Yes
2024,Technology,Computer Engineering,B,Mathematics,A,Physics,B,2.289,2901,Kalutara,83,A,A,A,A,4,2,2,4,2,2,3,4,3,3,4,4,Computer Engineering,University of Moratuwa,011G,No,Yes
,,,,,,,,,,,,,,,,,,,,,,,,,,,,,,,,
,,,,,,,,,,,,,,,,,,,,,,,,,,,,,,,,
2024,Physical Science,Physics,B,Chemistry,B,Combined Mathematics,C,2.265,3010,Colombo,82,A,A,A,A,4,1,3,4,2,1,2,4,4,1,4,4,Civil Engineering,University of Moratuwa,007G,No,Yes
2024,Physical Science,Physics,C,Chemistry,A,Combined Mathematics,B,2.245,3123,Gampaha,81,A,A,A,A,3,1,3,4,2,1,2,4,3,1,3,4,Mechanical Engineering,University of Moratuwa,006G,No,Yes
2024,Physical Science,Physics,B,Chemistry,C,Combined Mathematics,A,2.201,3234,Kalutara,80,A,A,A,A,3,1,3,3,2,1,2,4,3,1,3,4,Electrical & Electronic Engineering,University of Moratuwa,009G,No,Yes
2024,Physical Science,Physics,C,Chemistry,B,Combined Mathematics,B,2.178,3345,Matara,79,A,A,A,A,3,1,3,3,2,1,2,4,3,1,3,3,Electronic & Telecommunication Eng.,University of Moratuwa,010G,No,Yes
2024,Physical Science,Physics,B,Chemistry,A,Combined Mathematics,C,2.145,3456,Kandy,78,A,A,A,A,4,1,3,3,2,1,2,4,3,1,3,3,Computer Engineering,University of Moratuwa,011G,No,Yes
2024,Physical Science,Physics,C,Chemistry,C,Combined Mathematics,A,2.112,3567,Colombo,77,A,A,A,A,3,1,3,2,2,1,2,3,3,1,3,3,Industrial Engineering,University of Moratuwa,012G,No,Yes
2024,Physical Science,Physics,B,Chemistry,B,Combined Mathematics,B,2.078,3678,Galle,76,A,A,A,A,3,1,3,2,2,1,2,3,3,1,3,3,Chemical & Process Engineering,University of Moratuwa,013G,No,Yes
2024,Physical Science,Physics,C,Chemistry,A,Combined Mathematics,C,2.045,3789,Matale,75,A,A,A,A,3,1,3,2,2,1,2,3,3,1,3,3,Material Science & Engineering,University of Moratuwa,014G,No,Yes
2024,Physical Science,Physics,B,Chemistry,C,Combined Mathematics,B,2.012,3890,Kegalle,74,A,A,A,A,3,1,2,2,2,1,2,3,3,1,3,3,Mechatronics Engineering,University of Moratuwa,015G,No,Yes
2024,Biological Science,Biology,B,Chemistry,B,Physics,C,2.001,4001,Jaffna,73,A,A,A,A,4,4,1,2,2,1,2,2,4,1,2,3,Medical Laboratory Sciences,University of Peradeniya,052B,No,Yes
2024,Biological Science,Biology,C,Chemistry,A,Physics,B,1.978,4123,Kandy,72,A,A,A,A,4,4,1,2,2,1,2,2,4,1,2,3,Pharmacy,University of Colombo,051A,No,Yes
2024,Biological Science,Biology,B,Chemistry,C,Physics,B,1.945,4234,Colombo,71,A,A,A,A,3,4,1,2,2,1,2,2,4,1,2,3,Nursing,University of Peradeniya,053B,No,Yes
2024,Biological Science,Biology,C,Chemistry,B,Physics,C,1.912,4345,Matara,70,A,A,A,A,3,4,1,1,2,1,2,2,3,1,2,3,Speech & Language Therapy,University of Kelaniya,054D,No,Yes
2024,Biological Science,Biology,B,Chemistry,B,Physics,B,1.878,4456,Trincomalee,69,A,A,A,A,3,4,1,1,2,1,2,2,3,1,2,3,Medical Laboratory Sciences,University of Ruhuna,052F,No,Yes
2024,Arts,Art,B,Music (Western),A,Drama & Theatre (English),B,1.845,4567,Jaffna,68,B,A,B,A,2,2,4,2,2,4,2,3,4,4,2,4,Film & Television Studies,University of Kelaniya,100D,Yes,Yes
2024,Arts,Art,C,Music (Carnatic),B,Drama & Theatre (Tamil),B,1.812,4678,Batticaloa,67,B,A,C,B,1,1,4,1,3,4,3,4,4,4,1,4,Music,Swamy Vipulananda Institute of Aesthetic Studies,068Y,Yes,Yes
2024,Arts,Visual Arts,B,Dance,B,Drama & Theatre (English),C,1.789,4789,Jaffna,66,B,A,B,B,2,2,4,2,2,4,2,3,4,4,2,4,Performing Arts,University of Jaffna,041E,Yes,Yes
2024,Arts,Drama & Theatre (Sinhala),B,History,B,Political Science,C,1.756,4890,Kandy,65,B,A,B,A,2,2,3,2,3,4,2,3,4,4,2,3,Theatre & Drama Studies,University of Peradeniya,042B,Yes,Yes
2024,Arts,Music (Western),B,Art,B,Drama & Theatre (English),C,1.734,4901,Colombo,64,B,A,B,A,2,2,4,2,3,4,2,3,4,4,2,4,Music,University of Sri Jayewardenepura,068C,Yes,Yes
2024,Commerce,Economics,B,Business Studies,B,Accounting,B,2.245,5012,Galle,63,A,A,A,A,1,1,1,4,4,1,1,3,4,4,4,3,Banking and Insurance,University of Vavuniya,133R,No,Yes
2024,Commerce,Accounting,B,Business Studies,C,Economics,C,2.212,5123,Kalutara,62,A,A,A,A,1,1,2,4,4,1,1,3,4,4,4,3,Financial Economics,University of Sri Jayewardenepura,131C,No,Yes
2024,Commerce,Accounting,C,Business Studies,B,Economics,B,2.178,5234,Gampaha,61,A,A,A,A,1,1,2,4,4,1,1,3,4,4,4,2,Accounting & Finance,University of Colombo,018A,No,Yes
2024,Commerce,Economics,C,Accounting,B,Business Studies,C,2.145,5345,Colombo,60,A,A,A,A,1,1,2,4,4,1,1,3,4,4,4,2,Business Administration,University of Kelaniya,019D,No,Yes
2024,Commerce,Accounting,C,Business Studies,C,Economics,C,2.112,5456,Trincomalee,59,B,B,C,B,1,1,2,3,3,1,1,3,3,3,3,2,Business Information Systems,University of Colombo,020A,No,Yes
2024,Commerce,Economics,B,Accounting,B,Business Studies,B,2.078,5567,Polonnaruwa,58,A,A,A,A,1,1,1,4,4,1,1,3,4,4,4,3,Accounting & Finance,University of Peradeniya,018B,No,Yes
2024,Technology,Engineering Technology,B,ICT,B,Science for Technology,B,2.234,5678,Matara,57,A,A,A,A,4,2,3,4,2,2,3,4,4,2,3,4,Engineering Technology,University of Kelaniya,102D,No,Yes
2024,Technology,Information Technology (IT),B,Engineering Technology,B,Science for Technology,C,2.201,5789,Matale,56,A,A,B,A,4,2,3,4,2,2,3,4,4,2,3,3,Information Technology (IT),University of Moratuwa,026G,No,Yes
2024,Technology,Computer Science,B,Mathematics,C,Physics,C,2.178,5890,Colombo,55,A,A,A,A,4,2,2,4,2,1,2,4,3,2,3,3,Software Engineering,University of Sri Jayewardenepura,099C,No,Yes
2024,Technology,Bio Systems Technology,B,Science for Technology,C,ICT,B,2.145,5901,Monaragala,54,A,A,A,A,3,3,3,3,3,2,3,3,3,3,3,3,Green Technology,University of Ruhuna,095F,No,Yes
2024,Technology,Engineering Technology,C,ICT,C,Science for Technology,C,2.112,6012,Kurunegala,53,A,A,A,A,3,3,3,3,3,2,2,3,3,3,3,3,Robotics & Automation,University of Moratuwa,096G,No,Yes
2024,Technology,Computer Engineering,B,Mathematics,C,Physics,C,2.078,6123,Gampaha,52,A,A,A,A,3,2,2,3,2,2,2,3,3,2,3,3,Computer Engineering,University of Moratuwa,011G,No,Yes
,,,,,,,,,,,,,,,,,,,,,,,,,,,,,,,,
,,,,,,,,,,,,,,,,,,,,,,,,,,,,,,,,
2024,Physical Science,Physics,A,Chemistry,A,Combined Mathematics,A,2.712,123,Colombo,97,A,A,A,A,5,1,5,5,1,1,1,5,5,1,5,4,Computer Science,University of Colombo School of Computing,012T,No,Yes
2024,Physical Science,Physics,A,Chemistry,A,Combined Mathematics,B,2.689,145,Gampaha,95,A,A,A,A,5,1,5,4,1,1,1,5,5,1,5,4,Engineering,University of Moratuwa,008G,No,Yes
2024,Physical Science,Physics,B,Chemistry,A,Combined Mathematics,A,2.654,167,Matara,92,A,A,A,A,5,1,4,5,2,1,1,5,4,1,4,5,Quantity Surveying,University of Moratuwa,011G,No,Yes
2024,Physical Science,Physics,A,Chemistry,B,Combined Mathematics,A,2.701,189,Matale,96,A,A,A,A,5,1,5,5,1,1,1,5,5,1,5,4,Landscape Architecture,University of Moratuwa,097G,Yes,Yes
2024,Physical Science,Physics,A,Chemistry,A,Combined Mathematics,A,2.712,210,Kandy,97,A,A,A,A,5,1,5,5,1,1,1,5,5,1,5,4,Computer Science,University of Peradeniya,012B,No,Yes
2024,Physical Science,Physics,B,Chemistry,B,Combined Mathematics,B,2.512,256,Kalutara,88,A,B,A,A,4,1,4,4,2,1,1,4,4,1,4,4,Engineering Technology,University of Moratuwa,102G,No,Yes
2024,Physical Science,Physics,A,Chemistry,A,Combined Mathematics,C,2.445,300,Galle,85,A,A,A,A,5,1,5,5,1,1,1,5,5,1,5,3,Electrical Engineering,University of Moratuwa,009G,No,Yes
2024,Physical Science,Physics,A,Chemistry,B,Combined Mathematics,B,2.632,345,Colombo,90,A,A,A,A,5,1,4,5,2,1,1,5,4,1,4,5,Civil Engineering,University of Moratuwa,007G,No,Yes
2024,Physical Science,Physics,C,Chemistry,A,Combined Mathematics,B,2.123,400,Matara,76,B,A,B,B,3,2,3,4,2,2,1,3,3,2,3,3,Mechanical Engineering,University of Moratuwa,010G,No,Yes
2024,Physical Science,Physics,B,Chemistry,B,Combined Mathematics,C,1.987,456,Gampaha,72,B,B,C,B,3,2,3,4,3,1,2,3,3,2,3,3,Chemical Engineering,University of Moratuwa,006G,No,Yes
2024,Biological Science,Biology,A,Chemistry,A,Physics,A,2.701,123,Jaffna,96,A,A,A,A,5,5,1,4,1,1,4,2,5,1,2,4,Medicine,University of Jaffna,001E,No,Yes
2024,Biological Science,Biology,B,Chemistry,A,Physics,B,2.412,156,Matale,88,A,B,A,A,4,3,2,4,2,1,3,2,4,2,3,3,Medical Laboratory Sciences,University of Peradeniya,052B,No,Yes
2024,Biological Science,Biology,A,Chemistry,B,Physics,A,2.598,178,Colombo,92,A,A,A,A,5,5,1,4,1,1,4,2,5,1,2,4,Pharmacy,University of Peradeniya,053B,No,Yes
2024,Biological Science,Biology,A,Chemistry,A,Physics,B,2.623,190,Kandy,93,A,A,A,A,5,5,1,4,1,1,4,2,5,1,2,4,Veterinary Science,University of Peradeniya,054B,No,Yes
2024,Biological Science,Biology,A,Chemistry,A,Physics,A,2.701,200,Matara,95,A,A,A,A,5,5,1,4,1,1,4,2,5,1,2,4,Medicine,University of Peradeniya,001B,No,Yes
2024,Biological Science,Biology,B,Chemistry,B,Physics,C,2.012,245,Trincomalee,78,B,B,C,B,3,3,2,3,2,2,3,2,3,2,3,3,Biotechnology,University of Ruhuna,055F,No,Yes
2024,Biological Science,Biology,C,Chemistry,C,Physics,C,1.456,300,Batticaloa,62,C,C,C,C,2,2,2,2,2,2,2,2,2,2,2,2,Environmental Science,University of Jaffna,056E,No,No
2024,Biological Science,Biology,A,Chemistry,B,Physics,A,2.589,345,Matale,91,A,A,A,A,5,5,1,4,1,1,4,2,5,1,2,4,Nursing,University of Peradeniya,057B,No,Yes
2024,Biological Science,Biology,B,Chemistry,A,Physics,B,2.345,400,Kegalle,86,A,B,A,B,4,3,2,4,2,1,3,2,4,2,3,3,Physiotherapy,University of Peradeniya,058B,No,Yes
2024,Arts,Music (Western),A,Art,A,Drama & Theatre (English),A,1.978,1890,Jaffna,93,B,A,B,A,2,2,5,3,2,5,2,3,5,5,3,5,Film & Television Studies,University of Kelaniya,100D,Yes,Yes
2024,Arts,Drama & Theatre (Sinhala),A,Art,A,Music (Western),B,1.967,2345,Colombo,93,B,A,B,A,1,1,5,1,2,5,4,5,5,5,1,5,Arts (SP) - Performing Arts,Sripalee Campus,041S,Yes,Yes
2024,Arts,Visual Arts,A,Music (Carnatic),A,Drama & Theatre (Tamil),A,1.934,1678,Batticaloa,93,B,A,C,B,1,1,5,1,3,5,4,4,5,5,1,5,Dance,Swamy Vipulananda Institute of Aesthetic Studies,069Y,Yes,Yes
2024,Arts,Visual & Technological Arts,A,Drama & Theatre (English),B,Art,A,1.876,2789,Trincomalee,88,B,A,B,B,2,1,5,1,2,5,4,4,4,4,2,5,Visual & Technological Arts,Swamy Vipulananda Institute of Aesthetic Studies,072Y,Yes,Yes
2024,Arts,History,A,Political Science,B,Geography,A,1.945,2340,Matale,89,A,A,B,A,3,2,5,3,2,4,4,3,4,3,3,4,Archaeology,University of Kelaniya,101D,Yes,Yes
2024,Arts,Literature (English),A,History,A,Political Science,A,1.978,1890,Colombo,91,B,A,B,A,3,3,5,3,2,5,3,3,5,5,2,5,English Literature,University of Colombo,102A,Yes,Yes
2024,Arts,Music (Western),B,Drama & Theatre (Sinhala),A,Art,A,1.934,1678,Kandy,88,B,A,C,B,2,1,5,1,2,5,3,4,5,5,1,5,Music,University of Sri Jayewardenepura,068C,Yes,Yes
2024,Commerce,Economics,A,Business Studies,A,Accounting,A,2.456,2345,Galle,88,A,A,A,A,1,1,1,5,5,1,1,4,5,5,5,4,Banking and Insurance,University of Vavuniya,133R,No,Yes
2024,Commerce,Economics,B,Business Studies,A,Accounting,A,2.412,1678,Kalutara,85,A,B,A,B,1,1,3,5,5,1,1,4,5,5,5,3,Financial Economics,University of Sri Jayewardenepura,131C,No,Yes
2024,Commerce,Business Statistics,B,Accounting,B,Economics,C,0.045,15000,Polonnaruwa,53,C,B,C,C,1,1,2,4,5,1,1,3,4,3,4,2,Commerce,University of Sri Jayewardenepura,018C,No,No
2024,Commerce,Accounting,B,Business Studies,B,Economics,C,0.098,8900,Kegalle,65,B,B,C,B,1,1,2,4,4,1,1,3,4,3,4,2,Commerce,University of Kelaniya,018D,No,No
2024,Commerce,Economics,F,Business Studies,C,Accounting,C,-0.432,78901,Colombo,29,F,S,C,F,1,1,2,5,5,2,1,4,5,4,5,4,,,,,No
2024,Technology,Engineering Technology,A,ICT,A,Science for Technology,A,2.534,1890,Matara,91,A,A,A,A,5,1,4,5,2,1,3,5,5,1,4,5,Engineering Technology,University of Kelaniya,102D,No,Yes
2024,Technology,Computer Science,A,Mathematics,A,Physics,B,2.601,410,Colombo,94,A,A,A,A,5,1,2,5,1,1,1,4,5,2,4,5,Software Engineering,University of Sri Jayewardenepura,099C,No,Yes
2024,Technology,Information Systems,B,ICT,B,Computer Science,C,0.256,23456,Kurunegala,61,B,B,C,B,3,2,2,4,3,1,3,3,3,3,3,3,Information Systems,University of Sri Jayewardenepura,096C,No,No
2024,Technology,Bio Systems Technology,A,Science for Technology,A,ICT,A,2.567,1678,Monaragala,90,A,A,A,A,4,3,3,4,3,2,5,5,4,3,5,5,Green Technology,University of Ruhuna,095F,No,Yes
2024,Technology,Information Technology (IT),A,Engineering Technology,A,Science for Technology,B,1.945,2340,Matale,89,A,A,B,A,5,1,4,5,2,1,3,5,5,1,4,4,Information Technology (IT),University of Moratuwa,026G,No,Yes
,,,,,,,,,,,,,,,,,,,,,,,,,,,,,,,,
,,,,,,,,,,,,,,,,,,,,,,,,,,,,,,,,
2024,Physical Science,Physics,A,Chemistry,B,Combined Mathematics,A,2.701,120,Colombo,97,A,A,A,A,5,1,5,5,1,1,1,5,5,1,5,4,Engineering,University of Peradeniya,008B,No,Yes
2024,Biological Science,Biology,A,Chemistry,A,Physics,A,2.689,87,Galle,96,A,A,A,A,5,5,1,5,1,1,4,2,5,1,2,4,Medicine,University of Colombo,001A,No,Yes
2024,Arts,Art,A,Music (Western),B,Drama & Theatre (English),A,1.978,1456,Kandy,93,B,A,B,A,2,2,5,3,4,5,2,3,5,5,3,5,Film & Television Studies,University of Kelaniya,100D,Yes,Yes
2024,Commerce,Economics,C,Business Studies,B,Accounting,C,0.212,2345,Mannar,63,C,C,B,B,1,1,2,5,5,2,1,4,5,4,5,4,Banking and Insurance,University of Vavuniya,133R,No,Yes
2024,Technology,Engineering Technology,B,ICT,B,Science for Technology,B,1.456,345,Matara,77,A,B,B,A,5,1,4,5,2,1,3,5,5,1,4,5,Engineering Technology,University of Kelaniya,102D,No,Yes
2024,Physical Science,Physics,C,Chemistry,C,Combined Mathematics,S,-0.345,61234,Vavuniya,31,B,C,S,F,5,1,4,5,2,1,1,5,4,1,4,5,,,,,No
2024,Biological Science,Biology,B,Chemistry,B,Physics,C,1.978,1678,Batticaloa,88,A,B,A,B,5,5,1,4,1,1,4,2,5,1,2,4,Medicine,Eastern University,001H,No,Yes
2024,Arts,Visual Arts,A,Art,B,Dancing (Bharatha),A,1.934,2345,Colombo,88,B,A,C,B,1,1,5,1,3,5,4,4,5,5,1,5,Dance,Swamy Vipulananda Institute,069Y,Yes,Yes
2024,Physical Science,Physics,A,Chemistry,A,Combined Mathematics,A,2.701,189,Matale,97,A,A,A,A,5,1,5,5,1,1,1,5,5,1,5,4,Computer Science,University of Sri Jayewardenepura,012C,No,Yes
2024,Commerce,Economics,A,Business Studies,A,Accounting,B,2.456,1123,Kegalle,88,A,A,A,A,1,1,1,5,5,1,1,4,5,5,5,4,Banking and Insurance,University of Vavuniya,133R,No,Yes
2024,Technology,Bio Systems Technology,A,Science for Technology,A,ICT,A,2.512,1345,Matara,90,A,A,A,A,4,3,3,4,3,2,5,5,4,3,5,5,Engineering Technology,Uva Wellassa University,102U,No,Yes
2024,Arts,Physical Education,A,History,C,Political Science,B,1.856,3789,Jaffna,79,C,C,B,C,3,2,4,2,3,3,5,5,4,5,5,5,Sports Science & Management,University of Sri Jayewardenepura,082C,Yes,Yes
2024,Physical Science,Physics,F,Chemistry,C,Combined Mathematics,C,-0.876,53456,Kilinochchi,30,F,S,C,F,5,1,4,5,2,1,1,5,4,1,4,5,,,,,No
2024,Biological Science,Biology,C,Chemistry,F,Physics,S,-0.789,58901,Mullaitivu,34,C,F,S,C,4,5,1,4,1,1,3,2,4,1,3,3,,,,,No
2024,Arts,Art,A,Music (Carnatic),A,Drama & Theatre (Tamil),A,1.978,1890,Jaffna,94,B,A,C,B,1,1,5,1,3,5,4,4,5,5,1,5,Music,Swamy Vipulananda Institute,068Y,Yes,Yes
2024,Commerce,Economics,B,Business Studies,A,Accounting,A,2.412,1678,Kalutara,85,A,B,A,B,1,1,3,5,5,1,1,4,5,5,5,3,Financial Economics,University of Sri Jayewardenepura,131C,No,No
2024,Technology,Engineering Technology,A,ICT,A,Science for Technology,A,2.534,1890,Matara,91,A,A,A,A,5,1,4,5,2,1,3,5,5,1,4,5,Engineering Technology,University of Kelaniya,102D,No,Yes
2024,Physical Science,Physics,A,Chemistry,A,Combined Mathematics,A,2.712,234,Colombo,97,A,A,A,A,5,1,5,5,1,1,1,5,5,1,5,4,Landscape Architecture,University of Moratuwa,097G,Yes,Yes
2024,Biological Science,Biology,A,Chemistry,A,Physics,A,2.701,456,Peradeniya,95,A,A,A,A,5,5,1,5,1,1,4,2,5,1,2,4,Medicine,University of Peradeniya,001B,No,Yes
2024,Arts,Drama & Theatre (Sinhala),A,Art,A,Music (Western),B,1.967,2345,Colombo,93,B,A,B,A,1,1,5,1,2,5,4,5,5,5,1,5,Arts (SP) - Performing Arts,Sripalee Campus,041S,Yes,Yes
2024,Commerce,Economics,F,Business Studies,C,Accounting,F,-0.987,72345,Mannar,26,F,S,C,F,1,1,2,5,5,2,1,4,5,4,5,4,,,,,No
2024,Technology,Bio Systems Technology,A,Science for Technology,A,ICT,A,2.567,1678,Matara,90,A,A,A,A,4,3,3,4,3,2,5,5,4,3,5,5,Green Technology,University of Ruhuna,095F,No,Yes
2024,Physical Science,Physics,A,Chemistry,A,Combined Mathematics,A,2.701,345,Colombo,96,A,A,A,A,5,1,5,5,1,1,1,5,5,1,5,4,Computer Science,UCSC,096T,No,Yes
2024,Biological Science,Biology,A,Chemistry,A,Physics,A,2.712,567,Jaffna,98,A,A,A,A,5,5,1,4,1,1,4,2,5,1,2,4,Medicine,University of Jaffna,001E,No,Yes
2024,Arts,Art,A,Music (Western),A,Drama & Theatre (English),A,1.989,1890,Colombo,95,B,A,B,A,2,2,5,3,4,5,2,3,5,5,3,5,Film & Television Studies,University of Kelaniya,100D,Yes,Yes
2024,Commerce,Economics,C,Business Studies,F,Accounting,C,-0.876,64567,Polonnaruwa,31,F,S,C,F,1,1,2,5,5,2,1,4,5,4,5,4,,,,,No
2024,Technology,Engineering Technology,F,ICT,C,Science for Technology,S,-0.567,56789,Puttalam,39,C,F,S,C,5,1,4,5,2,1,3,5,5,1,4,5,,,,,No
2024,Physical Science,Physics,B,Chemistry,A,Combined Mathematics,A,2.667,1890,Gampaha,92,A,A,A,A,5,1,4,5,2,1,1,5,4,1,4,5,Quantity Surveying,University of Moratuwa,011G,No,Yes
2024,Biological Science,Biology,A,Chemistry,A,Physics,A,2.712,678,Jaffna,98,A,A,A,A,5,5,1,4,1,1,4,2,5,1,2,4,Medicine,South Eastern University,006J,No,Yes
2024,Arts,Drama & Theatre (Sinhala),A,Art,B,Sinhala,A,1.989,3456,Colombo,92,C,B,C,B,1,1,5,1,2,5,4,5,5,5,1,5,Arts (SP) - Performing Arts,Sripalee Campus,041S,Yes,Yes
2024,Commerce,Economics,B,Business Studies,A,Accounting,A,2.489,2345,Galle,85,A,B,A,B,1,1,3,5,5,1,1,4,5,5,5,3,,,,,No
2024,Technology,Bio Systems Technology,A,Science for Technology,A,ICT,A,2.567,1890,Monaragala,90,A,A,A,A,4,3,3,4,3,2,5,5,4,3,5,5,"Hospitality, Tourism and Events Management",Uva Wellassa University,090U,No,Yes
2024,Physical Science,Physics,A,Chemistry,A,Combined Mathematics,A,2.712,567,Colombo,96,A,A,A,A,5,1,5,5,1,1,1,5,5,1,5,4,Computer Science,UCSC,096T,No,Yes
2024,Biological Science,Biology,A,Chemistry,A,Physics,A,2.701,789,Peradeniya,95,A,A,A,A,5,5,1,5,1,1,4,2,5,1,2,4,Medicine,Sabaragamuwa University,001L,No,Yes
2024,Arts,Music (Western),A,Art,A,Drama & Theatre (English),B,1.989,4567,Colombo,91,B,A,B,A,2,2,5,3,4,5,2,3,5,5,3,5,Film & Television Studies,University of Kelaniya,100D,Yes,Yes
,,,,,,,,,,,,,,,,,,,,,,,,,,,,,,,,
,,,,,,,,,,,,,,,,,,,,,,,,,,,,,,,,
2024,Physical Science,Physics,A,Chemistry,B,Combined Mathematics,B,2.654,212,Gampaha,95,A,A,A,A,5,1,5,5,1,1,1,5,5,1,5,4,Mechanical Engineering,University of Moratuwa,009G,No,Yes
2024,Biological Science,Biology,A,Chemistry,A,Physics,B,2.712,57,Kandy,97,A,A,A,A,5,5,1,5,1,1,4,2,5,1,2,4,Dental Surgery,University of Peradeniya,002B,No,Yes
2024,Arts,Music (Carnatic),A,Drama & Theatre (Tamil),B,Painting,A,1.945,2345,Colombo,92,B,A,B,A,2,2,5,3,4,5,2,3,5,5,3,5,Music & Performance,University of Kelaniya,101D,Yes,Yes
2024,Commerce,Economics,B,Business Studies,A,Accounting,B,2.123,1450,Galle,87,A,B,A,B,1,1,3,5,5,1,1,4,5,5,5,3,Actuarial Science,University of Colombo,128A,No,Yes
2024,Technology,Engineering Technology,B,ICT,A,Science for Technology,A,2.345,1345,Matara,90,A,A,A,A,5,1,4,5,2,1,3,5,5,1,4,5,Civil Engineering,University of Moratuwa,010G,No,Yes
2024,Physical Science,Physics,A,Chemistry,A,Combined Mathematics,A,2.689,189,Kalutara,96,A,A,A,A,5,1,5,5,1,1,1,5,5,1,5,4,Electrical Engineering,University of Moratuwa,012G,No,Yes
2024,Biological Science,Biology,A,Chemistry,B,Physics,A,2.654,178,Jaffna,94,A,A,A,A,5,5,1,5,1,1,4,2,5,1,2,4,Medical Laboratory Sciences,University of Jaffna,053E,No,Yes
2024,Arts,Dance,A,Art,B,Drama & Theatre (Sinhala),A,1.856,1789,Sabaragamuwa,90,B,A,C,B,1,1,5,1,3,5,4,4,5,5,1,5,Dance,Swamy Vipulananda Institute,070Y,Yes,Yes
2024,Commerce,Accounting,A,Economics,B,Business Studies,C,1.978,2456,Kegalle,85,A,B,A,B,1,1,3,5,5,1,1,4,5,5,5,3,Financial Economics,University of Sri Jayewardenepura,131C,No,Yes
2024,Technology,Bio Systems Technology,A,Science for Technology,A,ICT,B,2.512,1345,Monaragala,90,A,A,A,A,4,3,3,4,3,2,5,5,4,3,5,5,Aquatic Resources Technology,Uva Wellassa University,088U,No,Yes
2024,Physical Science,Physics,A,Chemistry,B,Combined Mathematics,B,2.689,234,Colombo,93,A,A,A,A,5,1,5,4,1,1,1,5,5,1,5,4,Quantity Surveying,University of Moratuwa,011G,No,Yes
2024,Biological Science,Biology,A,Chemistry,A,Physics,A,2.712,456,Peradeniya,95,A,A,A,A,5,5,1,5,1,1,4,2,5,1,2,4,Dental Surgery,University of Peradeniya,002B,No,Yes
2024,Arts,Art,A,Music (Western),B,Drama & Theatre (English),A,1.978,2345,Colombo,94,C,A,C,B,2,2,5,3,4,5,2,3,5,5,3,5,Film & Television Studies,University of Kelaniya,100D,Yes,Yes
2024,Commerce,Economics,A,Business Studies,B,Accounting,A,2.412,1678,Kalutara,85,A,B,A,B,1,1,3,5,5,1,1,4,5,5,5,3,Accounting Information Systems,University of Kelaniya,127D,No,Yes
2024,Technology,Engineering Technology,A,ICT,B,Science for Technology,A,2.534,1890,Matara,91,A,A,A,A,5,1,4,5,2,1,3,5,5,1,4,5,Environmental Technology,University of Ruhuna,095F,No,Yes
2024,Physical Science,Physics,B,Chemistry,A,Combined Mathematics,B,2.654,3123,Gampaha,92,A,A,A,A,5,1,4,5,2,1,1,5,4,1,4,5,Mechanical Engineering,University of Moratuwa,009G,No,Yes
2024,Biological Science,Biology,A,Chemistry,A,Physics,B,2.678,2678,Kandy,89,A,A,A,A,4,5,1,4,1,1,3,2,4,1,3,3,Medical Laboratory Sciences,University of Ruhuna,052F,No,Yes
2024,Arts,Physical Education,A,History,B,Political Science,C,1.878,5678,Sabaragamuwa,80,C,C,B,C,3,2,4,2,3,3,5,5,4,5,5,5,Sports Science & Management,Sabaragamuwa University,082L,Yes,Yes
2024,Commerce,Economics,C,Business Studies,C,Accounting,B,1.123,7890,Polonnaruwa,44,C,F,S,B,1,1,2,5,5,2,1,4,5,4,5,4,Financial Economics,University of Colombo,128A,No,No
2024,Technology,Bio Systems Technology,A,Science for Technology,B,ICT,A,2.412,2345,Matara,88,A,B,A,A,4,3,3,4,3,2,5,5,4,3,5,5,Green Technology,University of Ruhuna,095F,No,Yes
2024,Physical Science,Physics,A,Chemistry,A,Combined Mathematics,B,2.678,167,Colombo,96,A,A,A,A,5,1,5,5,1,1,1,5,5,1,5,4,Electrical Engineering,University of Moratuwa,012G,No,Yes
2024,Biological Science,Biology,A,Chemistry,A,Physics,A,2.701,789,Jaffna,98,A,A,A,A,5,5,1,4,1,1,4,2,5,1,2,4,Dental Surgery,University of Jaffna,001E,No,Yes
2024,Arts,Drama & Theatre (Sinhala),A,Art,A,Music (Western),B,1.967,2345,Colombo,93,B,A,B,A,1,1,5,1,2,5,4,5,5,5,1,5,Arts (SP) - Performing Arts,Sripalee Campus,041S,Yes,Yes
2024,Commerce,Accounting,A,Economics,B,Business Studies,C,1.978,2456,Kegalle,85,A,B,A,B,1,1,3,5,5,1,1,4,5,5,5,3,Accounting Information Systems,University of Kelaniya,127D,No,Yes
2024,Technology,Engineering Technology,A,ICT,B,Science for Technology,B,2.345,1345,Matara,90,A,A,A,A,5,1,4,5,2,1,3,5,5,1,4,5,Civil Engineering,University of Moratuwa,010G,No,Yes
2024,Physical Science,Physics,B,Chemistry,B,Combined Mathematics,C,-0.345,56789,Kilinochchi,35,C,F,S,C,5,1,4,5,2,1,1,5,4,1,4,5,,,,,No
2024,Biological Science,Biology,C,Chemistry,B,Physics,C,-0.567,58901,Mullaitivu,33,C,F,S,C,4,5,1,4,1,1,3,2,4,1,3,3,,,,,No
2024,Arts,Music (Western),A,Art,B,Drama & Theatre (English),A,1.934,1890,Colombo,92,B,A,B,A,2,2,5,3,4,5,2,3,5,5,3,5,Film & Television Studies,University of Kelaniya,100D,Yes,Yes
2024,Commerce,Economics,A,Business Studies,A,Accounting,A,2.412,1678,Kalutara,85,A,B,A,B,1,1,3,5,5,1,1,4,5,5,5,3,Financial Economics,University of Sri Jayewardenepura,131C,No,Yes
2024,Technology,Engineering Technology,A,ICT,A,Science for Technology,A,2.534,1890,Matara,91,A,A,A,A,5,1,4,5,2,1,3,5,5,1,4,5,Engineering Technology,University of Kelaniya,102D,No,Yes
2024,Physical Science,Physics,A,Chemistry,A,Combined Mathematics,A,2.712,234,Colombo,97,A,A,A,A,5,1,5,5,1,1,1,5,5,1,5,4,Landscape Architecture,University of Moratuwa,097G,Yes,Yes
2024,Biological Science,Biology,A,Chemistry,A,Physics,A,2.701,456,Peradeniya,95,A,A,A,A,5,5,1,5,1,1,4,2,5,1,2,4,Medicine,University of Peradeniya,001B,No,Yes
2024,Arts,Drama & Theatre (Sinhala),A,Art,B,Sinhala,A,1.978,2345,Colombo,94,C,B,C,B,1,1,5,1,2,5,4,5,5,5,1,5,Arts (SP) - Performing Arts,Sripalee Campus,041S,Yes,Yes
2024,Commerce,Economics,B,Business Studies,A,Accounting,A,2.456,2345,Galle,84,A,B,A,B,1,1,3,5,5,1,1,4,5,5,5,3,,,,,No
2024,Technology,Bio Systems Technology,A,Science for Technology,A,ICT,A,2.567,1890,Monaragala,90,A,A,A,A,4,3,3,4,3,2,5,5,4,3,5,5,"Hospitality, Tourism and Events Management",Uva Wellassa University,090U,No,Yes
2024,Physical Science,Physics,A,Chemistry,A,Combined Mathematics,A,2.712,567,Colombo,96,A,A,A,A,5,1,5,5,1,1,1,5,5,1,5,4,Computer Science,UCSC,096T,No,Yes
2024,,,,,,,,,,,,,,,,,,,,,,,,,,,,,,,,
2024,,,,,,,,,,,,,,,,,,,,,,,,,,,,,,,,
2024,Physical Science,Physics,A,Chemistry,B,Combined Mathematics,A,2.654,210,Colombo,95,A,A,A,A,5,1,2,5,1,1,1,5,4,2,5,4,Engineering,University of Peradeniya,008B,No,Yes
2024,Biological Science,Biology,A,Chemistry,A,Physics,B,2.431,345,Matale,88,B,A,B,A,4,4,1,3,1,1,3,2,5,1,2,4,Medicine,University of Peradeniya,001B,No,Yes
2024,Arts,Art,B,Music (Western),A,Drama & Theatre (English),A,1.876,1567,Colombo,92,B,A,B,B,2,2,5,3,2,5,2,3,4,5,3,5,Film & Television Studies,University of Kelaniya,100D,Yes,Yes
2024,Commerce,Economics,C,Business Studies,B,Accounting,A,2.112,345,Galle,82,C,B,A,B,1,1,2,5,5,1,1,4,4,5,5,3,Accounting Information Systems,University of Kelaniya,127D,No,Yes
2024,Technology,Engineering Technology,A,ICT,B,Science for Technology,A,2.487,567,Matara,90,A,B,A,A,5,1,4,5,2,1,3,5,5,1,4,5,Engineering Technology,University of Kelaniya,102D,No,Yes
2024,Physical Science,Physics,B,Chemistry,A,Combined Mathematics,B,2.521,678,Kegalle,91,A,B,A,A,5,1,4,5,2,1,1,5,4,1,4,5,Quantity Surveying,University of Moratuwa,011G,No,Yes
2024,Biological Science,Biology,A,Chemistry,B,Physics,A,1.002,456,Batticaloa,60,A,B,B,A,3,3,2,2,2,1,3,3,2,3,3,3,Medical Laboratory Sciences,University of Ruhuna,052F,No,No
2024,Physical Science,Physics,C,Chemistry,C,Combined Mathematics,C,-0.654,54321,Vavuniya,35,F,S,C,F,5,1,4,5,2,1,1,5,4,1,4,5,,,,No,
2024,Biological Science,Biology,A,Chemistry,A,Physics,B,2.654,345,Jaffna,97,A,A,A,A,5,5,1,4,1,1,4,2,5,1,2,4,Medicine,University of Jaffna,001E,No,Yes
2024,Arts,Visual Arts,A,Art,B,Dancing (Bharatha),A,1.934,1678,Batticaloa,90,B,A,C,B,1,1,5,1,3,5,4,4,5,5,1,5,Dance,Swamy Vipulananda Institute of Aesthetic Studies,069Y,Yes,Yes
2024,Commerce,Economics,F,Business Studies,C,Accounting,F,-0.987,68901,Mannar,24,F,S,C,F,1,1,2,5,5,2,1,4,5,4,5,4,,,,No,
2024,Technology,Bio Systems Technology,A,Science for Technology,B,ICT,A,2.567,1678,Monaragala,90,A,B,A,A,4,3,3,4,3,2,5,5,4,3,5,5,Green Technology,University of Ruhuna,095F,No,Yes
2024,Physical Science,Physics,A,Chemistry,A,Combined Mathematics,A,2.701,345,Colombo,96,A,A,A,A,5,1,5,5,1,1,1,5,5,1,5,4,Computer Science,University of Colombo School of Computing,012T,No,Yes
2024,Biological Science,Biology,C,Chemistry,F,Physics,S,-0.789,58901,Mullaitivu,34,C,F,S,C,4,5,1,4,1,1,3,2,4,1,3,3,,,,No,
2024,Arts,Drama & Theatre (Sinhala),A,Art,B,Music (Western),B,1.967,2345,Colombo,93,B,A,B,A,1,1,5,1,2,5,4,5,5,5,1,5,Arts (SP) - Performing Arts,Sripalee Campus,041S,Yes,Yes
2024,Commerce,Accounting,B,Business Studies,B,Economics,C,0.098,8900,Kegalle,65,B,B,C,B,1,1,2,4,4,1,1,3,4,3,4,3,Commerce,University of Kelaniya,018D,No,No
2024,Technology,Information Technology (IT),A,Engineering Technology,A,Science for Technology,B,1.945,2340,Matale,89,A,A,B,A,5,1,4,5,2,1,3,5,5,1,4,4,Information Technology (IT),University of Moratuwa,026G,No,Yes
2024,Physical Science,Physics,A,Chemistry,A,Combined Mathematics,B,2.689,78,Kalutara,96,A,A,A,A,5,1,5,5,1,1,1,5,5,1,5,4,Engineering,University of Peradeniya,008B,No,Yes
2024,Biological Science,Biology,A,Chemistry,A,Physics,A,2.701,134,Trincomalee,96,A,A,A,A,5,5,1,4,1,1,4,2,5,1,2,4,Medicine,Eastern University,001H,No,Yes
2024,Arts,Art,A,Music (Carnatic),A,Drama & Theatre (Tamil),A,1.978,1890,Jaffna,94,B,A,C,B,1,1,5,1,3,5,4,4,5,5,1,5,Music,Swamy Vipulananda Institute of Aesthetic Studies,068Y,Yes,Yes
2024,Commerce,Economics,B,Business Studies,A,Accounting,A,2.412,1678,Kalutara,85,A,B,A,B,1,1,3,5,5,1,1,4,5,5,5,3,Financial Economics,University of Sri Jayewardenepura,131C,No,Yes
2024,Technology,Engineering Technology,C,ICT,F,Science for Technology,B,-0.123,67890,Puttalam,44,C,F,B,S,5,1,4,5,2,1,3,5,5,1,4,5,,,,No,
2024,Physical Science,Physics,A,Chemistry,A,Combined Mathematics,A,2.712,189,Matale,97,A,A,A,A,5,1,5,5,1,1,1,5,5,1,5,4,Landscape Architecture,University of Moratuwa,097G,Yes,Yes
2024,Biological Science,Biology,B,Chemistry,A,Physics,B,1.102,2345,Badulla,72,B,A,B,B,3,4,2,3,1,1,3,2,3,2,3,3,Animal Production and Food Technology,Uva Wellassa University,067U,No,No
2024,Arts,Visual & Technological Arts,A,Drama & Theatre (English),B,Art,A,1.876,2789,Trincomalee,88,B,A,B,B,2,1,5,1,2,5,4,4,4,4,2,5,Visual & Technological Arts,Swamy Vipulananda Institute of Aesthetic Studies,072Y,Yes,Yes
2024,Commerce,Business Statistics,B,Accounting,B,Economics,C,0.045,15000,Polonnaruwa,53,C,B,C,C,1,1,2,4,5,1,1,3,4,3,4,2,Commerce,University of Sri Jayewardenepura,018C,No,No
2024,Technology,Computer Science,A,Mathematics,A,Physics,B,2.601,410,Colombo,94,A,A,A,A,5,1,2,5,1,1,1,4,5,2,4,5,Software Engineering,University of Sri Jayewardenepura,099C,No,Yes
2024,Physical Science,Physics,A,Chemistry,B,Combined Mathematics,A,2.689,2345,Colombo,93,A,A,A,A,5,1,5,4,1,1,1,5,5,1,5,4,Fashion Design & Product Development,University of Moratuwa,034G,Yes,Yes
2024,Biological Science,Biology,A,Chemistry,A,Physics,B,2.701,789,Peradeniya,95,A,A,A,A,5,5,1,5,1,1,4,2,5,1,2,4,Medical Laboratory Sciences,University of Peradeniya,052B,No,Yes
2024,Arts,Music (Western),A,Drama & Theatre (English),B,Art,B,1.945,5678,Colombo,89,B,A,B,A,2,2,5,3,3,5,2,3,4,4,3,5,Music,University of Sri Jayewardenepura,068C,Yes,Yes
2024,Physical Science,Physics,A,Chemistry,B,Combined Mathematics,A,2.654,123,Gampaha,95,A,A,B,A,5,1,2,5,1,1,1,5,4,2,5,4,Engineering,University of Peradeniya,008B,No,Yes
2024,Biological Science,Biology,B,Chemistry,A,Physics,B,2.431,234,Matale,88,B,A,B,A,4,4,1,3,1,1,3,2,5,1,2,4,Medicine,University of Peradeniya,001B,No,Yes
2024,Arts,Art,B,Music (Western),A,Drama & Theatre (English),A,1.876,1567,Colombo,92,B,A,B,B,2,2,5,3,2,5,2,3,4,5,3,5,Film & Television Studies,University of Kelaniya,100D,Yes,Yes
2024,Commerce,Economics,C,Business Studies,B,Accounting,A,2.112,345,Galle,82,C,B,A,B,1,1,2,5,5,1,1,4,4,5,5,3,Accounting Information Systems,University of Kelaniya,127D,No,Yes
2024,Technology,Engineering Technology,A,ICT,B,Science for Technology,A,2.487,567,Matara,90,A,B,A,A,5,1,4,5,2,1,3,5,5,1,4,5,Engineering Technology,University of Kelaniya,102D,No,Yes
2024,Physical Science,Physics,B,Chemistry,A,Combined Mathematics,B,2.521,678,Kegalle,91,A,B,A,A,5,1,4,5,2,1,1,5,4,1,4,5,Quantity Surveying,University of Moratuwa,011G,No,Yes
2024,Biological Science,Biology,A,Chemistry,B,Physics,A,1.002,456,Batticaloa,60,A,B,B,A,3,3,2,2,2,1,3,3,2,3,3,3,Medical Laboratory Sciences,University of Ruhuna,052F,No,No
2024,Arts,Music (Western),A,Art,B,Drama & Theatre (English),A,1.934,4789,Colombo,88,B,A,B,B,2,2,5,3,3,5,2,3,4,5,3,5,Music,University of Sri Jayewardenepura,068C,Yes,Yes
2024,Physical Science,Physics,C,Chemistry,C,Combined Mathematics,C,-0.654,54321,Vavuniya,35,F,S,C,F,5,1,4,5,2,1,1,5,4,1,4,5,,,,No,
2024,Biological Science,Biology,A,Chemistry,A,Physics,B,2.654,345,Jaffna,97,A,A,A,A,5,5,1,4,1,1,4,2,5,1,2,4,Medicine,University of Jaffna,001E,No,Yes
2024,,,,,,,,,,,,,,,,,,,,,,,,,,,,,,,,
2024,,,,,,,,,,,,,,,,,,,,,,,,,,,,,,,,
2024,Physical Science,Physics,A,Chemistry,B,Combined Mathematics,A,2.689,321,Colombo,95,A,A,A,A,5,1,4,5,2,1,1,5,5,2,5,4,Engineering,University of Peradeniya,008B,No,Yes
2024,Biological Science,Biology,B,Chemistry,A,Physics,B,2.512,678,Galle,88,B,A,B,A,4,4,1,4,1,1,3,2,5,1,2,4,Medicine,University of Colombo,001A,No,Yes
2024,Technology,Computer Science,A,Mathematics,A,Physics,B,2.601,410,Kandy,94,A,A,A,A,5,1,2,5,1,1,1,4,5,2,4,5,Software Engineering,University of Sri Jayewardenepura,099C,No,Yes
2024,Commerce,Accounting,B,Business Studies,A,Economics,B,2.412,1678,Kalutara,85,A,B,A,B,1,1,3,5,5,1,1,4,5,5,5,3,Financial Economics,University of Sri Jayewardenepura,131C,No,Yes
2024,Arts,Art,A,Drama & Theatre (English),B,Music (Western),A,1.945,5678,Colombo,89,B,A,B,A,2,2,5,3,3,5,2,3,4,4,3,5,Music,University of Sri Jayewardenepura,068C,Yes,Yes
2024,Physical Science,Physics,B,Chemistry,A,Combined Mathematics,B,2.521,678,Kegalle,91,A,B,A,A,5,1,4,5,2,1,1,5,4,1,4,5,Quantity Surveying,University of Moratuwa,011G,No,Yes
2024,Biological Science,Biology,A,Chemistry,B,Physics,A,1.002,456,Batticaloa,60,A,B,B,A,3,3,2,2,2,1,3,3,2,3,3,3,Medical Laboratory Sciences,University of Ruhuna,052F,No,No
2024,Technology,Engineering Technology,A,ICT,B,Science for Technology,A,2.487,567,Matara,90,A,B,A,A,5,1,4,5,2,1,3,5,5,1,4,5,Engineering Technology,University of Kelaniya,102D,No,Yes
2024,Commerce,Business Statistics,B,Accounting,B,Economics,C,0.045,15000,Polonnaruwa,53,C,B,C,C,1,1,2,4,5,1,1,3,4,3,4,2,Commerce,University of Sri Jayewardenepura,018C,No,No
2024,Arts,Visual & Technological Arts,A,Drama & Theatre (English),B,Art,A,1.876,2789,Trincomalee,88,B,A,B,B,2,1,5,1,2,5,4,4,4,4,2,5,Visual & Technological Arts,Swamy Vipulananda Institute of Aesthetic Studies,072Y,Yes,Yes
2024,Physical Science,Physics,A,Chemistry,A,Combined Mathematics,A,2.712,567,Colombo,96,A,A,A,A,5,1,5,5,1,1,1,5,5,1,5,4,Computer Science,University of Colombo School of Computing,012T,No,Yes
2024,Biological Science,Biology,A,Chemistry,A,Physics,B,2.654,345,Jaffna,97,A,A,A,A,5,5,1,4,1,1,4,2,5,1,2,4,Medicine,University of Jaffna,001E,No,Yes
2024,Technology,Bio Systems Technology,A,Science for Technology,B,ICT,A,2.567,1678,Monaragala,90,A,B,A,A,4,3,3,4,3,2,5,5,4,3,5,5,Green Technology,University of Ruhuna,095F,No,Yes
2024,Commerce,Economics,F,Business Studies,C,Accounting,F,-0.987,68901,Mannar,24,F,S,C,F,1,1,2,5,5,2,1,4,5,4,5,4,,,,No,No
2024,Arts,Visual Arts,A,Art,B,Dancing (Bharatha),A,1.934,1678,Batticaloa,90,B,A,C,B,1,1,5,1,3,5,4,4,5,5,1,5,Dance,Swamy Vipulananda Institute of Aesthetic Studies,069Y,Yes,Yes
2024,Physical Science,Physics,C,Chemistry,C,Combined Mathematics,C,-0.654,54321,Vavuniya,35,F,S,C,F,5,1,4,5,2,1,1,5,4,1,4,5,,,,No,No
2024,Biological Science,Biology,A,Chemistry,A,Physics,A,2.712,789,Peradeniya,95,A,A,A,A,5,5,1,5,1,1,4,2,5,1,2,4,Medical Laboratory Sciences,University of Peradeniya,052B,No,Yes
2024,Technology,Information Technology (IT),A,Engineering Technology,A,Science for Technology,B,1.945,2340,Matale,89,A,A,B,A,5,1,4,5,2,1,3,5,5,1,4,4,Information Technology (IT),University of Moratuwa,026G,No,Yes
2024,Commerce,Accounting,B,Business Studies,B,Economics,C,0.098,8900,Kegalle,65,B,B,C,B,1,1,2,4,4,1,1,3,4,3,4,3,Commerce,University of Kelaniya,018D,No,No
2024,Arts,Drama & Theatre (Sinhala),A,Art,B,Music (Western),B,1.967,2345,Colombo,93,B,A,B,A,1,1,5,1,2,5,4,5,5,5,1,5,Arts (SP) - Performing Arts,Sripalee Campus,041S,Yes,Yes
2024,Physical Science,Physics,A,Chemistry,B,Combined Mathematics,A,2.654,123,Gampaha,95,A,A,B,A,5,1,2,5,1,1,1,5,4,2,5,4,Engineering,University of Peradeniya,008B,No,Yes
2024,Biological Science,Biology,B,Chemistry,A,Physics,B,2.431,234,Matale,88,B,A,B,A,4,4,1,3,1,1,3,2,5,1,2,4,Medicine,University of Peradeniya,001B,No,Yes
2024,Arts,Art,B,Music (Western),A,Drama & Theatre (English),A,1.876,1567,Colombo,92,B,A,B,B,2,2,5,3,2,5,2,3,4,5,3,5,Film & Television Studies,University of Kelaniya,100D,Yes,Yes
2024,Technology,Engineering Technology,A,ICT,A,Science for Technology,A,2.534,430,Matara,91,A,A,A,A,5,1,4,5,2,1,3,5,5,1,4,5,Engineering Technology,University of Kelaniya,102D,No,Yes
2024,Commerce,Economics,B,Business Studies,A,Accounting,A,2.489,2345,Galle,87,A,B,B,B,1,1,2,5,5,1,1,4,5,4,5,4,Accounting Information Systems,University of Kelaniya,127D,No,Yes
2024,Physical Science,Physics,B,Chemistry,A,Combined Mathematics,A,2.689,3123,Gampaha,92,A,A,A,A,5,1,4,5,2,1,1,5,4,1,4,5,Quantity Surveying,University of Moratuwa,011G,No,Yes
2024,Biological Science,Biology,C,Chemistry,B,Physics,S,0.102,1456,Batticaloa,58,B,C,C,B,3,3,2,2,2,1,3,3,2,3,3,3,Medical Laboratory Sciences,University of Ruhuna,052F,No,No
2024,Arts,Music (Western),A,Art,A,Drama & Theatre (English),B,1.978,4567,Colombo,91,B,A,B,A,2,2,5,3,4,5,2,3,5,5,3,5,Music,University of Sri Jayewardenepura,068C,Yes,Yes
2024,Physical Science,Physics,F,Chemistry,C,Combined Mathematics,C,-0.876,61234,Vavuniya,30,F,S,C,F,5,1,4,5,2,1,1,5,4,1,4,5,,,,No,No
2024,Biological Science,Biology,A,Chemistry,A,Physics,A,2.712,345,Jaffna,98,A,A,A,A,5,5,1,4,1,1,4,2,5,1,2,4,Medicine,University of Jaffna,001E,No,Yes
2024,Arts,Visual Arts,A,Art,A,Dancing (Bharatha),A,1.934,1678,Batticaloa,93,B,A,C,B,1,1,5,1,3,5,4,4,5,5,1,5,Dance,Swamy Vipulananda Institute of Aesthetic Studies,069Y,Yes,Yes
2024,Commerce,Economics,F,Business Studies,C,Accounting,F,-0.987,68901,Mannar,24,F,S,C,F,1,1,2,5,5,2,1,4,5,4,5,4,,,,No,No
2024,Technology,Bio Systems Technology,A,Science for Technology,A,ICT,A,2.567,1678,Monaragala,90,A,A,A,A,4,3,3,4,3,2,5,5,4,3,5,5,Green Technology,University of Ruhuna,095F,No,Yes
2024,Physical Science,Physics,A,Chemistry,A,Combined Mathematics,A,2.701,345,Colombo,96,A,A,A,A,5,1,5,5,1,1,1,5,5,1,5,4,Computer Science,University of Colombo School of Computing,012T,No,Yes
2024,Biological Science,Biology,C,Chemistry,F,Physics,S,-0.789,58901,Mullaitivu,34,C,F,S,C,4,5,1,4,1,1,3,2,4,1,3,3,,,,No,No
2024,Arts,Drama & Theatre (Sinhala),A,Art,A,Music (Western),B,1.967,2345,Colombo,93,B,A,B,A,1,1,5,1,2,5,4,5,5,5,1,5,Arts (SP) - Performing Arts,Sripalee Campus,041S,Yes,Yes
2024,Commerce,Accounting,B,Business Studies,B,Economics,C,0.098,8900,Kegalle,65,B,B,C,B,1,1,2,4,4,1,1,3,4,3,4,3,Commerce,University of Kelaniya,018D,No,No
2024,Technology,Information Technology (IT),A,Engineering Technology,A,Science for Technology,B,1.945,2340,Matale,89,A,A,B,A,5,1,4,5,2,1,3,5,5,1,4,4,Information Technology (IT),University of Moratuwa,026G,No,Yes
2024,,,,,,,,,,,,,,,,,,,,,,,,,,,,,,,,
2024,Physical Science,Physics,A,Chemistry,B,Combined Mathematics,A,2.689,321,Colombo,95,A,A,A,A,5,1,4,5,2,1,1,5,5,2,5,4,Engineering,University of Peradeniya,008B,No,Yes
2024,Biological Science,Biology,B,Chemistry,A,Physics,B,2.512,678,Galle,88,B,A,B,A,4,4,1,4,1,1,3,2,5,1,2,4,Medicine,University of Colombo,001A,No,Yes
2024,Technology,Computer Science,A,Mathematics,A,Physics,B,2.601,410,Kandy,94,A,A,A,A,5,1,2,5,1,1,1,4,5,2,4,5,Software Engineering,University of Sri Jayewardenepura,099C,No,Yes
2024,Commerce,Accounting,B,Business Studies,A,Economics,B,2.412,1678,Kalutara,85,A,B,A,B,1,1,3,5,5,1,1,4,5,5,5,3,Financial Economics,University of Sri Jayewardenepura,131C,No,Yes
2024,Arts,Art,A,Drama & Theatre (English),B,Music (Western),A,1.945,5678,Colombo,89,B,A,B,A,2,2,5,3,3,5,2,3,4,4,3,5,Music,University of Sri Jayewardenepura,068C,Yes,Yes
2024,Physical Science,Physics,B,Chemistry,A,Combined Mathematics,B,2.521,678,Kegalle,91,A,B,A,A,5,1,4,5,2,1,1,5,4,1,4,5,Quantity Surveying,University of Moratuwa,011G,No,Yes
2024,Biological Science,Biology,A,Chemistry,B,Physics,A,1.002,456,Batticaloa,60,A,B,B,A,3,3,2,2,2,1,3,3,2,3,3,3,Medical Laboratory Sciences,University of Ruhuna,052F,No,No
2024,Technology,Engineering Technology,A,ICT,B,Science for Technology,A,2.487,567,Matara,90,A,B,A,A,5,1,4,5,2,1,3,5,5,1,4,5,Engineering Technology,University of Kelaniya,102D,No,Yes
2024,Commerce,Business Statistics,B,Accounting,B,Economics,C,0.045,15000,Polonnaruwa,53,C,B,C,C,1,1,2,4,5,1,1,3,4,3,4,2,Commerce,University of Sri Jayewardenepura,018C,No,No
2024,Arts,Visual & Technological Arts,A,Drama & Theatre (English),B,Art,A,1.876,2789,Trincomalee,88,B,A,B,B,2,1,5,1,2,5,4,4,4,4,2,5,Visual & Technological Arts,Swamy Vipulananda Institute of Aesthetic Studies,072Y,Yes,Yes
2024,Physical Science,Physics,A,Chemistry,A,Combined Mathematics,A,2.712,567,Colombo,96,A,A,A,A,5,1,5,5,1,1,1,5,5,1,5,4,Computer Science,University of Colombo School of Computing,012T,No,Yes
2024,Biological Science,Biology,A,Chemistry,A,Physics,B,2.654,345,Jaffna,97,A,A,A,A,5,5,1,4,1,1,4,2,5,1,2,4,Medicine,University of Jaffna,001E,No,Yes
2024,Technology,Bio Systems Technology,A,Science for Technology,B,ICT,A,2.567,1678,Monaragala,90,A,B,A,A,4,3,3,4,3,2,5,5,4,3,5,5,Green Technology,University of Ruhuna,095F,No,Yes
2024,Commerce,Economics,F,Business Studies,C,Accounting,F,-0.987,68901,Mannar,24,F,S,C,F,1,1,2,5,5,2,1,4,5,4,5,4,,,,No,No
2024,Arts,Visual Arts,A,Art,B,Dancing (Bharatha),A,1.934,1678,Batticaloa,90,B,A,C,B,1,1,5,1,3,5,4,4,5,5,1,5,Dance,Swamy Vipulananda Institute of Aesthetic Studies,069Y,Yes,Yes
2024,Physical Science,Physics,C,Chemistry,C,Combined Mathematics,C,-0.654,54321,Vavuniya,35,F,S,C,F,5,1,4,5,2,1,1,5,4,1,4,5,,,,No,No
2024,Biological Science,Biology,A,Chemistry,A,Physics,A,2.712,789,Peradeniya,95,A,A,A,A,5,5,1,5,1,1,4,2,5,1,2,4,Medical Laboratory Sciences,University of Peradeniya,052B,No,Yes
2024,Technology,Information Technology (IT),A,Engineering Technology,A,Science for Technology,B,1.945,2340,Matale,89,A,A,B,A,5,1,4,5,2,1,3,5,5,1,4,4,Information Technology (IT),University of Moratuwa,026G,No,Yes
2024,Commerce,Accounting,B,Business Studies,B,Economics,C,0.098,8900,Kegalle,65,B,B,C,B,1,1,2,4,4,1,1,3,4,3,4,3,Commerce,University of Kelaniya,018D,No,No
2024,Arts,Drama & Theatre (Sinhala),A,Art,B,Music (Western),B,1.967,2345,Colombo,93,B,A,B,A,1,1,5,1,2,5,4,5,5,5,1,5,Arts (SP) - Performing Arts,Sripalee Campus,041S,Yes,Yes
2024,Physical Science,Physics,A,Chemistry,B,Combined Mathematics,A,2.654,123,Gampaha,95,A,A,B,A,5,1,2,5,1,1,1,5,4,2,5,4,Engineering,University of Peradeniya,008B,No,Yes
2024,Biological Science,Biology,B,Chemistry,A,Physics,B,2.431,234,Matale,88,B,A,B,A,4,4,1,3,1,1,3,2,5,1,2,4,Medicine,University of Peradeniya,001B,No,Yes
2024,Arts,Art,B,Music (Western),A,Drama & Theatre (English),A,1.876,1567,Colombo,92,B,A,B,B,2,2,5,3,2,5,2,3,4,5,3,5,Film & Television Studies,University of Kelaniya,100D,Yes,Yes
2024,Technology,Engineering Technology,A,ICT,A,Science for Technology,A,2.534,430,Matara,91,A,A,A,A,5,1,4,5,2,1,3,5,5,1,4,5,Engineering Technology,University of Kelaniya,102D,No,Yes
2024,Commerce,Economics,B,Business Studies,A,Accounting,A,2.489,2345,Galle,87,A,B,B,B,1,1,2,5,5,1,1,4,5,4,5,4,Accounting Information Systems,University of Kelaniya,127D,No,Yes
2024,Physical Science,Physics,B,Chemistry,A,Combined Mathematics,A,2.689,3123,Gampaha,92,A,A,A,A,5,1,4,5,2,1,1,5,4,1,4,5,Quantity Surveying,University of Moratuwa,011G,No,Yes
2024,Biological Science,Biology,C,Chemistry,B,Physics,S,0.102,1456,Batticaloa,58,B,C,C,B,3,3,2,2,2,1,3,3,2,3,3,3,Medical Laboratory Sciences,University of Ruhuna,052F,No,No
2024,Arts,Music (Western),A,Art,A,Drama & Theatre (English),B,1.978,4567,Colombo,91,B,A,B,A,2,2,5,3,4,5,2,3,5,5,3,5,Music,University of Sri Jayewardenepura,068C,Yes,Yes
2024,Physical Science,Physics,F,Chemistry,C,Combined Mathematics,C,-0.876,61234,Vavuniya,30,F,S,C,F,5,1,4,5,2,1,1,5,4,1,4,5,,,,No,No
2024,Biological Science,Biology,A,Chemistry,A,Physics,A,2.712,345,Jaffna,98,A,A,A,A,5,5,1,4,1,1,4,2,5,1,2,4,Medicine,University of Jaffna,001E,No,Yes
2024,Arts,Visual Arts,A,Art,A,Dancing (Bharatha),A,1.934,1678,Batticaloa,93,B,A,C,B,1,1,5,1,3,5,4,4,5,5,1,5,Dance,Swamy Vipulananda Institute of Aesthetic Studies,069Y,Yes,Yes
2024,Commerce,Economics,F,Business Studies,C,Accounting,F,-0.987,68901,Mannar,24,F,S,C,F,1,1,2,5,5,2,1,4,5,4,5,4,,,,No,No
2024,Technology,Bio Systems Technology,A,Science for Technology,A,ICT,A,2.567,1678,Monaragala,90,A,A,A,A,4,3,3,4,3,2,5,5,4,3,5,5,Green Technology,University of Ruhuna,095F,No,Yes
2024,Physical Science,Physics,A,Chemistry,A,Combined Mathematics,A,2.701,345,Colombo,96,A,A,A,A,5,1,5,5,1,1,1,5,5,1,5,4,Computer Science,University of Colombo School of Computing,012T,No,Yes
2024,Biological Science,Biology,C,Chemistry,F,Physics,S,-0.789,58901,Mullaitivu,34,C,F,S,C,4,5,1,4,1,1,3,2,4,1,3,3,,,,No,No
2024,Arts,Drama & Theatre (Sinhala),A,Art,A,Music (Western),B,1.967,2345,Colombo,93,B,A,B,A,1,1,5,1,2,5,4,5,5,5,1,5,Arts (SP) - Performing Arts,Sripalee Campus,041S,Yes,Yes
2024,Commerce,Accounting,B,Business Studies,B,Economics,C,0.098,8900,Kegalle,65,B,B,C,B,1,1,2,4,4,1,1,3,4,3,4,3,Commerce,University of Kelaniya,018D,No,No
2024,Technology,Information Technology (IT),A,Engineering Technology,A,Science for Technology,B,1.945,2340,Matale,89,A,A,B,A,5,1,4,5,2,1,3,5,5,1,4,4,Information Technology (IT),University of Moratuwa,026G,No,Yes
2024,,,,,,,,,,,,,,,,,,,,,,,,,,,,,,,,
2024,,,,,,,,,,,,,,,,,,,,,,,,,,,,,,,,
2024,Physical Science,Physics,A,Chemistry,A,Combined Mathematics,A,2.312,156,Colombo,94,A,A,A,A,5,1,5,5,1,1,1,5,5,1,5,4,Engineering,University of Moratuwa,008G,No,Yes
2024,Biological Science,Biology,A,Chemistry,A,Physics,A,2.478,234,Kandy,92,A,A,A,A,5,5,1,5,1,1,4,2,5,1,2,4,Medicine,University of Peradeniya,001B,No,Yes
2024,Commerce,Economics,A,Business Studies,A,Accounting,A,2.145,456,Colombo,88,A,A,A,A,1,1,1,5,5,1,1,4,5,5,5,4,Management,University of Sri Jayewardenepura,016C,No,Yes
2024,Technology,Engineering Technology,A,Science for Technology,A,ICT,A,2.112,789,Gampaha,85,A,A,A,A,5,1,4,5,2,1,3,5,5,1,4,5,Engineering Technology,Uva Wellassa University,102U,No,Yes
2024,Arts,Sinhala,A,Political Science,A,Logic & Scientific Method,A,1.856,2123,Colombo,90,B,A,B,A,1,1,1,2,4,4,1,1,2,5,2,5,Law,University of Colombo,025A,Yes,Yes
2024,Physical Science,Physics,B,Chemistry,A,Combined Mathematics,A,2.234,567,Kurunegala,89,A,A,A,A,5,1,4,5,2,1,1,5,4,1,4,5,Computer Science,UCSC,096T,No,Yes
2024,Biological Science,Biology,A,Chemistry,A,Physics,B,2.345,678,Peradeniya,87,A,A,A,A,4,5,1,4,1,1,3,2,4,1,3,3,Medicine,University of Kelaniya,001D,No,Yes
2024,Technology,Bio Systems Technology,A,Science for Technology,A,Chemistry,A,1.989,1345,Badulla,82,A,A,A,A,4,4,2,3,2,1,5,4,3,2,5,4,Food Science & Technology,Sabaragamuwa University,035L,No,Yes
2024,Commerce,Economics,A,Accounting,A,Business Studies,A,2.101,1234,Colombo,86,A,A,A,A,1,1,1,5,5,1,1,4,5,5,5,4,Finance,University of Sri Jayewardenepura,027C,No,Yes
2024,Arts,History,A,Sinhala,A,Political Science,B,1.801,2678,Galle,84,B,B,B,B,1,1,1,2,4,4,1,1,2,5,2,5,Law,University of Peradeniya,025B,Yes,Yes
2024,Physical Science,Physics,A,Chemistry,A,Combined Mathematics,B,2.267,456,Colombo,91,A,A,A,A,5,1,4,5,2,1,1,5,5,1,5,4,Computer Science,University of Kelaniya,012D,No,Yes
2024,Biological Science,Biology,A,Chemistry,A,Physics,C,2.312,890,Kandy,83,A,A,A,A,4,5,1,3,1,1,4,2,4,1,3,3,Pharmacy,University of Ruhuna,051F,No,Yes
2024,Commerce,Economics,B,Business Studies,A,Accounting,A,2.078,1789,Gampaha,80,A,A,A,A,1,1,3,5,5,1,1,4,5,5,5,3,Business Administration,University of Colombo,34,No,Yes
2024,Technology,Engineering Technology,A,ICT,A,Science for Technology,B,2.045,2234,Matara,77,A,A,A,A,5,0,3,4,1,0,2,5,5,1,4,5,Software Engineering,Sabaragamuwa University,099L,No,Yes
2024,Arts,English,A,Political Science,A,Logic & Scientific Method,A,1.834,2890,Colombo,89,A,A,B,A,2,2,3,3,4,5,2,2,4,5,3,5,Mass Communication,University of Kelaniya,020S,Yes,Yes
2024,Physical Science,Physics,A,Chemistry,B,Combined Mathematics,A,2.289,345,Colombo,90,A,A,A,A,4,1,5,4,1,0,0,2,5,1,5,4,Civil Engineering,University of Moratuwa,008G,No,Yes
2024,Biological Science,Biology,A,Chemistry,A,Physics,B,2.378,567,Peradeniya,88,A,A,A,A,4,5,0,2,0,0,1,3,2,4,2,5,Dental Surgery,University of Peradeniya,002B,No,Yes
2024,Commerce,Economics,A,Business Studies,A,Accounting,B,2.167,1567,Colombo,82,A,A,A,A,2,0,0,5,5,1,0,1,2,4,5,5,Information Systems,UCSC,096T,Yes,Yes
2024,Technology,Bio Systems Technology,A,Science for Technology,A,ICT,B,2.012,2678,Anuradhapura,79,A,A,A,A,3,4,2,3,1,0,5,5,4,2,3,5,Food Science & Technology,Wayamba University,005M,No,Yes
2024,Arts,Sinhala,A,History,A,Geography,A,1.823,3123,Kandy,87,B,B,B,B,0,1,2,2,1,5,3,1,1,5,4,5,Peace & Conflict Resolution,University of Kelaniya,031D,No,Yes
2024,Physical Science,Physics,A,Chemistry,A,Combined Mathematics,A,2.345,234,Colombo,93,A,A,A,A,5,0,4,5,1,0,0,2,5,1,5,4,Quantity Surveying,University of Moratuwa,011G,No,Yes
2024,Biological Science,Biology,A,Chemistry,A,Physics,A,2.456,456,Peradeniya,91,A,A,A,A,1,5,1,1,0,0,1,3,2,4,2,5,Medical Laboratory Sciences,University of Peradeniya,052B,No,Yes
2024,Commerce,Economics,A,Business Studies,A,Accounting,A,2.234,678,Colombo,89,A,A,A,A,2,0,0,5,5,1,0,1,2,4,5,5,Information Systems,UCSC,096T,Yes,Yes
2024,Technology,Engineering Technology,A,Science for Technology,A,ICT,A,2.189,1890,Badulla,84,A,A,A,A,5,1,3,4,1,0,2,5,5,1,4,5,Engineering Technology,Rajarata University,102K,No,Yes
2024,Arts,Political Science,A,Sinhala,A,Logic & Scientific Method,A,1.912,1890,Colombo,90,B,A,B,A,0,1,2,1,2,5,1,1,1,5,3,5,Law,University of Colombo,025A,Yes,Yes
2024,Physical Science,Physics,B,Chemistry,A,Combined Mathematics,A,2.256,1234,Kandy,86,A,A,A,A,5,1,3,5,2,0,0,3,4,2,5,4,Computer Science,University of Peradeniya,12,No,Yes
2024,Biological Science,Biology,A,Chemistry,B,Physics,A,2.367,890,Kandy,83,A,A,A,A,2,5,1,2,0,0,1,4,3,3,3,5,Nursing,University of Sri Jayewardenepura,037C,No,Yes
2024,Commerce,Economics,B,Business Studies,A,Accounting,A,2.134,2345,Galle,81,A,A,A,A,2,0,1,4,5,1,0,1,2,3,5,5,Finance,University of Kelaniya,27,No,Yes
2024,Technology,Bio Systems Technology,A,Science for Technology,B,ICT,A,2.012,2890,Gampaha,80,A,A,A,A,3,4,2,3,1,0,5,5,4,2,3,5,Animal Science,Uva Wellassa University,067U,No,Yes
2024,Arts,Tamil,A,Political Science,A,History,B,1.889,3123,Jaffna,85,B,B,B,B,0,1,1,1,2,5,4,2,1,5,3,5,Arts,South Eastern University,019J,No,Yes
2024,Physical Science,Physics,A,Chemistry,A,Combined Mathematics,B,2.267,1890,Colombo,89,A,A,A,A,5,1,4,5,2,0,0,3,5,1,5,4,Computer Science,UCSC,096T,No,Yes
2024,Biological Science,Biology,A,Chemistry,A,Physics,B,2.423,1234,Kandy,87,A,A,A,A,1,5,0,2,0,0,1,3,2,4,2,5,Medicine,University of Peradeniya,001B,No,Yes
2024,Commerce,Economics,A,Business Studies,B,Accounting,A,2.189,2345,Colombo,84,A,A,A,A,2,0,0,5,5,1,0,1,2,4,5,5,Management,University of Colombo,016A,No,Yes
2024,Technology,Engineering Technology,A,ICT,B,Science for Technology,A,2.101,2678,Ratnapura,79,A,A,A,A,5,1,4,4,1,0,3,5,5,1,4,5,Engineering Technology,Uva Wellassa University,102U,No,Yes
2024,Arts,Sinhala,A,Logic & Scientific Method,A,Geography,A,1.867,3123,Galle,86,B,B,B,B,1,2,3,1,2,4,1,2,1,5,3,5,Mass Communication,University of Kelaniya,020S,Yes,Yes
2024,Physical Science,Physics,A,Chemistry,B,Combined Mathematics,A,2.301,1890,Colombo,91,A,A,A,A,5,1,5,4,1,0,0,3,5,1,5,4,Mechanical Engineering,University of Moratuwa,008G,No,Yes
2024,Biological Science,Biology,A,Chemistry,A,Physics,C,2.378,2345,Peradeniya,82,A,A,A,A,1,5,1,2,0,0,2,4,3,3,3,5,Pharmacy,University of Jaffna,051E,No,Yes
2024,Commerce,Economics,A,Business Studies,A,Accounting,B,2.234,2678,Gampaha,83,A,A,A,A,2,0,0,5,5,1,0,1,2,4,5,5,Management,University of Ruhuna,016F,No,Yes
2024,Technology,Bio Systems Technology,A,Science for Technology,A,ICT,B,2.123,2890,Anuradhapura,81,A,A,A,A,3,4,2,3,1,0,5,5,4,2,3,5,Food Science & Technology,Sabaragamuwa University,035L,No,Yes
2024,Arts,English,A,History,A,Political Science,A,1.901,2678,Kandy,88,B,B,B,B,0,1,2,2,1,5,3,1,1,5,4,5,Languages,University of Kelaniya,,No,Yes
2024,Physical Science,Physics,A,Chemistry,A,Combined Mathematics,A,2.345,345,Colombo,93,A,A,A,A,5,0,4,5,1,0,0,2,5,1,5,4,Architecture,University of Moratuwa,023G,Yes,Yes
2024,Biological Science,Biology,A,Chemistry,A,Physics,A,2.567,567,Peradeniya,92,A,A,A,A,1,5,1,1,0,0,1,3,2,4,2,5,Medicine,University of Peradeniya,001B,No,Yes
2024,Commerce,Economics,A,Business Studies,A,Accounting,A,2.267,1890,Colombo,90,A,A,A,A,2,0,0,5,5,1,0,1,2,4,5,5,Information Systems,UCSC,096T,Yes,Yes
2024,Technology,Engineering Technology,A,Science for Technology,A,ICT,A,2.234,2345,Badulla,87,A,A,A,A,5,1,3,4,1,0,2,5,5,1,4,5,Engineering Technology,Rajarata University,102K,No,Yes
2024,Arts,Political Science,A,Sinhala,A,Logic & Scientific Method,A,1.923,2345,Colombo,91,B,A,B,A,0,1,2,1,2,5,1,1,1,5,3,5,Law,University of Colombo,025A,Yes,Yes
2024,Physical Science,Physics,B,Chemistry,A,Combined Mathematics,A,2.278,2678,Kandy,85,A,A,A,A,5,1,3,5,2,0,0,3,4,2,5,4,Computer Science,University of Peradeniya,12,No,Yes
2024,Biological Science,Biology,A,Chemistry,B,Physics,A,2.378,3456,Kandy,84,A,A,A,A,2,5,1,2,0,0,1,4,3,3,3,5,Radiography,University of Peradeniya,053B,No,Yes
2024,Commerce,Economics,B,Business Studies,A,Accounting,A,2.189,3789,Galle,80,A,A,A,A,2,0,1,4,5,1,0,1,2,3,5,5,Finance,University of Sri Jayewardenepura,27,No,Yes
2024,Technology,Bio Systems Technology,A,Science for Technology,A,ICT,A,2.189,4123,Gampaha,86,A,A,A,A,3,4,2,3,1,0,4,5,5,2,3,5,Biotechnology,Uva Wellassa University,021L,No,Yes
2024,,,,,,,,,,,,,,,,,,,,,,,,,,,,,,,,
2024,,,,,,,,,,,,,,,,,,,,,,,,,,,,,,,,
2024,,,,,,,,,,,,,,,,,,,,,,,,,,,,,,,,
2024,Physical Science,Physics,A,Chemistry,A,Combined Mathematics,B,2.267,789,Colombo,90,A,A,A,A,5,1,4,5,2,1,1,5,5,1,5,4,Computer Science,University of Colombo School of Computing,012T,No,Yes
2024,Biological Science,Biology,A,Chemistry,B,Physics,A,2.378,1345,Kandy,88,A,A,A,A,4,5,1,4,1,1,3,2,4,1,3,3,Medicine,University of Sri Jayewardenepura,001C,No,Yes
2024,Arts,English,A,Political Science,A,Logic & Scientific Method,A,1.834,3456,Colombo,86,A,A,B,A,2,2,3,3,4,5,2,2,4,5,3,5,Mass Communication,University of Kelaniya,020S,Yes,Yes
2024,Commerce,Economics,B,Business Studies,A,Accounting,A,2.189,2345,Gampaha,82,A,A,A,A,1,1,3,5,5,1,1,4,5,5,5,3,Business Administration,University of Colombo,34,No,Yes
2024,Technology,Engineering Technology,A,ICT,A,Science for Technology,B,2.134,2890,Matara,79,A,A,A,A,5,0,3,4,1,0,2,5,5,1,4,5,Software Engineering,Sabaragamuwa University,099L,No,Yes
2024,Physical Science,Physics,B,Chemistry,A,Combined Mathematics,A,2.234,1890,Kurunegala,87,A,A,A,A,5,1,3,5,2,0,0,3,4,2,5,4,Computer Science,University of Peradeniya,12,No,Yes
2024,Biological Science,Biology,A,Chemistry,A,Physics,C,2.312,2345,Peradeniya,84,A,A,A,A,1,5,1,2,0,0,2,4,3,3,3,5,Pharmacy,University of Jaffna,051E,No,Yes
2024,Arts,Sinhala,A,History,A,Geography,A,1.823,3789,Kandy,85,B,B,B,B,0,1,2,2,1,5,3,1,1,5,4,5,Peace & Conflict Resolution,University of Kelaniya,031D,No,Yes
2024,Commerce,Economics,A,Business Studies,A,Accounting,B,2.156,2678,Colombo,80,A,A,A,A,2,0,0,5,5,1,0,1,2,4,5,5,Information Systems,UCSC,096T,Yes,Yes
2024,Technology,Bio Systems Technology,A,Science for Technology,A,ICT,A,2.078,3123,Anuradhapura,77,A,A,A,A,3,4,2,3,1,0,4,5,5,2,3,5,Biotechnology,Uva Wellassa University,021L,No,Yes
2024,Arts,Tamil,A,Political Science,A,History,B,1.801,4123,Jaffna,83,B,B,B,B,0,1,1,1,2,5,4,2,1,5,3,5,Arts,South Eastern University,019J,No,Yes
2024,Physical Science,Physics,A,Chemistry,A,Combined Mathematics,A,2.345,1234,Colombo,92,A,A,A,A,5,0,4,5,1,0,0,2,5,1,5,4,Architecture,University of Moratuwa,023G,Yes,Yes
2024,Biological Science,Biology,A,Chemistry,A,Physics,A,2.456,1890,Peradeniya,90,A,A,A,A,1,5,1,1,0,0,1,3,2,4,2,5,Medical Laboratory Sciences,University of Peradeniya,052B,No,Yes
2024,Commerce,Economics,A,Business Studies,A,Accounting,A,2.234,2345,Colombo,88,A,A,A,A,2,0,0,5,5,1,0,1,2,4,5,5,Information Systems,UCSC,096T,Yes,Yes
2024,Technology,Engineering Technology,A,Science for Technology,A,ICT,A,2.189,2678,Badulla,85,A,A,A,A,5,1,3,4,1,0,2,5,5,1,4,5,Engineering Technology,Rajarata University,102K,No,Yes
2024,Arts,Political Science,A,Sinhala,A,Logic & Scientific Method,A,1.912,2890,Colombo,91,B,A,B,A,0,1,2,1,2,5,1,1,1,5,3,5,Law,University of Colombo,025A,Yes,Yes
2024,Physical Science,Physics,B,Chemistry,A,Combined Mathematics,A,2.278,2345,Kandy,86,A,A,A,A,5,1,3,5,2,0,0,3,4,2,5,4,Computer Science,University of Peradeniya,12,No,Yes
2024,Biological Science,Biology,A,Chemistry,B,Physics,A,2.367,3123,Kandy,83,A,A,A,A,2,5,1,2,0,0,1,4,3,3,3,5,Radiography,University of Peradeniya,053B,No,Yes
2024,Commerce,Economics,B,Business Studies,A,Accounting,A,2.189,3456,Galle,81,A,A,A,A,2,0,1,4,5,1,0,1,2,3,5,5,Finance,University of Sri Jayewardenepura,27,No,Yes
2024,Technology,Bio Systems Technology,A,Science for Technology,A,ICT,B,2.134,3789,Gampaha,78,A,A,A,A,3,4,2,3,1,0,5,5,4,2,3,5,Animal Science,Uva Wellassa University,067U,No,Yes
2024,Arts,English,A,Political Science,A,Logic & Scientific Method,A,1.834,4123,Colombo,89,A,A,B,A,2,2,3,3,4,5,2,2,4,5,3,5,Mass Communication,University of Kelaniya,020S,Yes,Yes
2024,Physical Science,Physics,A,Chemistry,B,Combined Mathematics,A,2.301,2890,Colombo,90,A,A,A,A,4,1,5,4,1,0,0,2,5,1,5,4,Civil Engineering,University of Moratuwa,008G,No,Yes
2024,Biological Science,Biology,A,Chemistry,A,Physics,B,2.412,3456,Peradeniya,88,A,A,A,A,4,5,0,2,0,0,1,3,2,4,2,5,Dental Surgery,University of Peradeniya,002B,No,Yes
2024,Commerce,Economics,A,Business Studies,A,Accounting,B,2.234,3789,Colombo,85,A,A,A,A,2,0,0,5,5,1,0,1,2,4,5,5,Information Systems,UCSC,096T,Yes,Yes
2024,Technology,Engineering Technology,A,Science for Technology,A,ICT,A,2.201,4123,Badulla,82,A,A,A,A,5,1,3,4,1,0,2,5,5,1,4,5,Engineering Technology,Rajarata University,102K,No,Yes
2024,Arts,Political Science,A,Sinhala,A,Logic & Scientific Method,A,1.901,3456,Colombo,90,B,A,B,A,0,1,2,1,2,5,1,1,1,5,3,5,Law,University of Colombo,025A,Yes,Yes
2024,Physical Science,Physics,B,Chemistry,A,Combined Mathematics,A,2.256,2345,Kandy,86,A,A,A,A,5,1,3,5,2,0,0,3,4,2,5,4,Computer Science,University of Peradeniya,12,No,Yes
2024,Biological Science,Biology,A,Chemistry,B,Physics,A,2.378,2890,Kandy,83,A,A,A,A,2,5,1,2,0,0,1,4,3,3,3,5,Nursing,University of Sri Jayewardenepura,037C,No,Yes
2024,Commerce,Economics,B,Business Studies,A,Accounting,A,2.189,3456,Galle,81,A,A,A,A,2,0,1,4,5,1,0,1,2,3,5,5,Finance,University of Kelaniya,27,No,Yes
2024,Technology,Bio Systems Technology,A,Science for Technology,B,ICT,A,2.134,3789,Gampaha,78,A,A,A,A,3,4,2,3,1,0,5,5,4,2,3,5,Animal Science,Uva Wellassa University,067U,No,Yes
2024,Arts,Tamil,A,Political Science,A,History,B,1.889,4123,Jaffna,85,B,B,B,B,0,1,1,1,2,5,4,2,1,5,3,5,Arts,South Eastern University,019J,No,Yes
2024,Physical Science,Physics,A,Chemistry,A,Combined Mathematics,B,2.312,2678,Colombo,89,A,A,A,A,5,1,4,5,2,1,0,3,5,1,5,4,Computer Science,UCSC,096T,No,Yes
2024,Biological Science,Biology,A,Chemistry,A,Physics,B,2.423,2890,Kandy,87,A,A,A,A,1,5,0,2,0,0,1,3,2,4,2,5,Medicine,University of Peradeniya,001B,No,Yes
2024,Commerce,Economics,A,Business Studies,B,Accounting,A,2.201,3456,Colombo,84,A,A,A,A,2,0,0,5,5,1,0,1,2,4,5,5,Management,University of Colombo,016A,No,Yes
2024,Technology,Engineering Technology,A,ICT,B,Science for Technology,A,2.123,3789,Ratnapura,79,A,A,A,A,5,1,4,4,1,0,3,5,5,1,4,5,Engineering Technology,Uva Wellassa University,102U,No,Yes
2024,Arts,Sinhala,A,Logic & Scientific Method,A,Geography,A,1.867,4123,Galle,86,B,B,B,B,1,2,3,1,2,4,1,2,1,5,3,5,Mass Communication,University of Kelaniya,020S,Yes,Yes
2024,Physical Science,Physics,A,Chemistry,B,Combined Mathematics,A,2.323,2345,Colombo,91,A,A,A,A,5,1,5,4,1,0,0,3,5,1,5,4,Mechanical Engineering,University of Moratuwa,008G,No,Yes
2024,Biological Science,Biology,A,Chemistry,A,Physics,C,2.412,2678,Peradeniya,82,A,A,A,A,1,5,1,2,0,0,2,4,3,3,3,5,Pharmacy,University of Jaffna,051E,No,Yes
2024,Commerce,Economics,A,Business Studies,A,Accounting,B,2.223,2890,Gampaha,83,A,A,A,A,2,0,0,5,5,1,0,1,2,4,5,5,Management,University of Ruhuna,016F,No,Yes
2024,Technology,Bio Systems Technology,A,Science for Technology,A,ICT,B,2.145,3123,Anuradhapura,81,A,A,A,A,3,4,2,3,1,0,5,5,4,2,3,5,Food Science & Technology,Sabaragamuwa University,035L,No,Yes
2024,Arts,English,A,History,A,Political Science,A,1.901,3456,Kandy,88,B,B,B,B,0,1,2,2,1,5,3,1,1,5,4,5,Languages,University of Kelaniya,,No,Yes
2024,Physical Science,Physics,A,Chemistry,A,Combined Mathematics,A,2.356,1890,Colombo,93,A,A,A,A,5,0,4,5,1,0,0,2,5,1,5,4,Architecture,University of Moratuwa,023G,Yes,Yes
2024,Biological Science,Biology,A,Chemistry,A,Physics,A,2.523,2345,Peradeniya,92,A,A,A,A,1,5,1,1,0,0,1,3,2,4,2,5,Medicine,University of Peradeniya,001B,No,Yes
2024,Commerce,Economics,A,Business Studies,A,Accounting,A,2.245,2678,Colombo,90,A,A,A,A,2,0,0,5,5,1,0,1,2,4,5,5,Information Systems,UCSC,096T,Yes,Yes
2024,Technology,Engineering Technology,A,Science for Technology,A,ICT,A,2.234,2890,Badulla,87,A,A,A,A,5,1,3,4,1,0,2,5,5,1,4,5,Engineering Technology,Rajarata University,102K,No,Yes
2024,Arts,Political Science,A,Sinhala,A,Logic & Scientific Method,A,1.934,3123,Colombo,91,B,A,B,A,0,1,2,1,2,5,1,1,1,5,3,5,Law,University of Colombo,025A,Yes,Yes
2024,Physical Science,Physics,B,Chemistry,A,Combined Mathematics,A,2.289,2345,Kandy,86,A,A,A,A,5,1,3,5,2,0,0,3,4,2,5,4,Computer Science,University of Peradeniya,12,No,Yes
2024,Biological Science,Biology,A,Chemistry,B,Physics,A,2.434,3456,Kandy,84,A,A,A,A,2,5,1,2,0,0,1,4,3,3,3,5,Radiography,University of Peradeniya,053B,No,Yes
2024,Commerce,Economics,B,Business Studies,A,Accounting,A,2.212,3789,Galle,82,A,A,A,A,2,0,1,4,5,1,0,1,2,3,5,5,Finance,University of Sri Jayewardenepura,27,No,Yes
2024,Technology,Bio Systems Technology,A,Science for Technology,A,ICT,A,2.167,4123,Gampaha,80,A,A,A,A,3,4,2,3,1,0,4,5,5,2,3,5,Biotechnology,Uva Wellassa University,021L,No,Yes
2024,Arts,Tamil,A,Political Science,A,History,B,1.912,4567,Jaffna,85,B,B,B,B,0,1,1,1,2,5,4,2,1,5,3,5,Arts,South Eastern University,019J,No,Yes
2024,Physical Science,Physics,A,Chemistry,A,Combined Mathematics,B,2.334,2678,Colombo,89,A,A,A,A,5,1,4,5,2,1,0,3,5,1,5,4,Computer Science,UCSC,096T,No,Yes
2024,Biological Science,Biology,A,Chemistry,A,Physics,B,2.456,2890,Kandy,87,A,A,A,A,1,5,0,2,0,0,1,3,2,4,2,5,Medicine,University of Peradeniya,001B,No,Yes
2024,Commerce,Economics,A,Business Studies,B,Accounting,A,2.223,3123,Colombo,84,A,A,A,A,2,0,0,5,5,1,0,1,2,4,5,5,Management,University of Colombo,016A,No,Yes
2024,Technology,Engineering Technology,A,ICT,B,Science for Technology,A,2.145,3456,Ratnapura,79,A,A,A,A,5,1,4,4,1,0,3,5,5,1,4,5,Engineering Technology,Uva Wellassa University,102U,No,Yes
2024,Arts,Sinhala,A,Logic & Scientific Method,A,Geography,A,1.889,3789,Galle,86,B,B,B,B,1,2,3,1,2,4,1,2,1,5,3,5,Mass Communication,University of Kelaniya,020S,Yes,Yes
2024,Physical Science,Physics,A,Chemistry,B,Combined Mathematics,A,2.345,2345,Colombo,91,A,A,A,A,5,1,5,4,1,0,0,3,5,1,5,4,Mechanical Engineering,University of Moratuwa,008G,No,Yes
2024,Biological Science,Biology,A,Chemistry,A,Physics,C,2.467,2678,Peradeniya,82,A,A,A,A,1,5,1,2,0,0,2,4,3,3,3,5,Pharmacy,University of Jaffna,051E,No,Yes
2024,Commerce,Economics,A,Business Studies,A,Accounting,B,2.245,2890,Gampaha,83,A,A,A,A,2,0,0,5,5,1,0,1,2,4,5,5,Management,University of Ruhuna,016F,No,Yes
2024,Technology,Bio Systems Technology,A,Science for Technology,A,ICT,B,2.167,3123,Anuradhapura,81,A,A,A,A,3,4,2,3,1,0,5,5,4,2,3,5,Food Science & Technology,Sabaragamuwa University,035L,No,Yes
2024,Arts,English,A,History,A,Political Science,A,1.923,3456,Kandy,88,B,B,B,B,0,1,2,2,1,5,3,1,1,5,4,5,Languages,University of Kelaniya,,No,Yes
2024,Physical Science,Physics,A,Chemistry,A,Combined Mathematics,A,2.378,1890,Colombo,93,A,A,A,A,5,0,4,5,1,0,0,2,5,1,5,4,Architecture,University of Moratuwa,023G,Yes,Yes
2024,Biological Science,Biology,A,Chemistry,A,Physics,A,2.534,2345,Peradeniya,92,A,A,A,A,1,5,1,1,0,0,1,3,2,4,2,5,Medicine,University of Peradeniya,001B,No,Yes
2024,Commerce,Economics,A,Business Studies,A,Accounting,A,2.256,2678,Colombo,90,A,A,A,A,2,0,0,5,5,1,0,1,2,4,5,5,Information Systems,UCSC,096T,Yes,Yes
2024,Technology,Engineering Technology,A,Science for Technology,A,ICT,A,2.234,2890,Badulla,87,A,A,A,A,5,1,3,4,1,0,2,5,5,1,4,5,Engineering Technology,Rajarata University,102K,No,Yes
2024,Arts,Political Science,A,Sinhala,A,Logic & Scientific Method,A,1.934,3123,Colombo,91,B,A,B,A,0,1,2,1,2,5,1,1,1,5,3,5,Law,University of Colombo,025A,Yes,Yes
2024,Physical Science,Physics,B,Chemistry,A,Combined Mathematics,A,2.289,2345,Kandy,86,A,A,A,A,5,1,3,5,2,0,0,3,4,2,5,4,Computer Science,University of Peradeniya,12,No,Yes
2024,Biological Science,Biology,A,Chemistry,B,Physics,A,2.456,2678,Kandy,83,A,A,A,A,2,5,1,2,0,0,1,4,3,3,3,5,Radiography,University of Peradeniya,053B,No,Yes
2024,Commerce,Economics,B,Business Studies,A,Accounting,A,2.234,2890,Galle,82,A,A,A,A,2,0,1,4,5,1,0,1,2,3,5,5,Finance,University of Kelaniya,27,No,Yes
2024,Technology,Bio Systems Technology,A,Science for Technology,A,ICT,A,2.189,3123,Gampaha,80,A,A,A,A,3,4,2,3,1,0,4,5,5,2,3,5,Biotechnology,Uva Wellassa University,021L,No,Yes
,,,,,,,,,,,,,,,,,,,,,,,,,,,,,,,,
,,,,,,,,,,,,,,,,,,,,,,,,,,,,,,,,
2023,Physical Science,Physics,A,Chemistry,A,Combined Mathematics,A,3.189,34,Colombo,98,A,A,A,A,5,1,5,5,1,1,1,5,5,1,5,4,Engineering,University of Moratuwa,008G,No,Yes
2023,Biological Science,Biology,A,Chemistry,A,Physics,A,3.112,89,Kandy,96,A,A,A,A,5,5,1,5,1,1,4,2,5,1,2,4,Medicine,University of Peradeniya,001B,No,Yes
2023,Arts,Art,A,Drama & Theatre (Sinhala),A,Music (Western),A,1.945,1567,Colombo,94,B,A,B,A,1,1,5,1,2,5,4,5,5,5,1,5,Drama & Theatre,University of the Visual & Performing Arts,071Z,Yes,Yes
2023,Commerce,Economics,C,Business Studies,F,Accounting,F,-0.912,67890,Hambantota,27,F,S,C,F,1,1,2,5,5,2,1,4,5,4,5,4,,,,,No
2023,Technology,Engineering Technology,F,ICT,C,Science for Technology,C,-0.789,59876,Kilinochchi,32,C,F,S,C,5,1,4,5,2,1,3,5,5,1,4,5,,,,,No
2023,Physical Science,Physics,C,Chemistry,B,Combined Mathematics,F,-0.567,53456,Mannar,35,B,C,S,F,5,1,4,5,2,1,1,5,4,1,4,5,,,,,No
2023,Biological Science,Biology,A,Chemistry,A,Physics,A,3.078,189,Jaffna,95,A,A,A,A,5,5,1,4,1,1,4,2,5,1,2,4,Medicine,University of Jaffna,001E,No,Yes
2023,Arts,Visual Arts,A,Art,A,Dancing (Bharatha),A,1.923,1890,Batticaloa,93,B,A,C,B,1,1,5,1,3,5,4,4,5,5,1,5,Dance,Swamy Vipulananda Institute,069Y,Yes,Yes
2023,Physical Science,Physics,A,Chemistry,A,Combined Mathematics,A,3.212,23,Colombo,99,A,A,A,A,5,1,5,5,1,1,1,5,5,1,5,4,Computer Science,UCSC,096T,No,Yes
2023,Commerce,Economics,A,Business Studies,A,Accounting,A,2.378,890,Gampaha,90,A,A,A,A,1,1,1,5,5,1,1,4,5,5,5,4,Management,University of Sri Jayewardenepura,016C,No,Yes
2023,Technology,Bio Systems Technology,A,Science for Technology,A,ICT,A,2.456,1345,Matara,88,A,A,A,A,4,3,3,4,3,2,5,5,4,3,5,5,Biotechnology,Sabaragamuwa University,021L,No,Yes
2023,Arts,Physical Education,A,History,C,Political Science,B,1.856,4567,Sabaragamuwa,78,C,C,B,C,3,2,4,2,3,3,5,5,4,5,5,5,Sports Science & Management,Sabaragamuwa University,082L,Yes,Yes
2023,Physical Science,Physics,F,Chemistry,C,Combined Mathematics,C,-0.876,62345,Puttalam,29,F,S,C,F,5,1,4,5,2,1,1,5,4,1,4,5,,,,,No
2023,Biological Science,Biology,C,Chemistry,F,Physics,S,-0.789,56789,Monaragala,33,C,F,S,C,4,5,1,4,1,1,3,2,4,1,3,3,,,,,No
2023,Arts,Art,A,Music (Carnatic),A,Drama & Theatre (Tamil),A,1.978,1890,Jaffna,94,B,A,C,B,1,1,5,1,3,5,4,4,5,5,1,5,Music,Swamy Vipulananda Institute,068Y,Yes,Yes
2023,Commerce,Economics,B,Business Studies,A,Accounting,A,2.345,1890,Kurunegala,86,A,B,A,B,1,1,3,5,5,1,1,4,5,5,5,3,Finance,University of Sri Jayewardenepura,027C,No,Yes
2023,Technology,Engineering Technology,A,ICT,A,Science for Technology,A,2.489,1678,Matara,91,A,A,A,A,5,1,4,5,2,1,3,5,5,1,4,5,Engineering Technology,University of Kelaniya,102D,No,Yes
2023,Physical Science,Physics,A,Chemistry,A,Combined Mathematics,A,3.201,56,Colombo,98,A,A,A,A,5,1,5,5,1,1,1,5,5,1,5,4,Landscape Architecture,University of Moratuwa,097G,Yes,Yes
2023,Biological Science,Biology,A,Chemistry,A,Physics,A,3.089,267,Jaffna,97,A,A,A,A,5,5,1,4,1,1,4,2,5,1,2,4,Medicine,University of Jaffna,001E,No,Yes
2023,Arts,Drama & Theatre (Sinhala),A,Art,A,Music (Western),B,1.956,2345,Colombo,93,B,A,B,A,1,1,5,1,2,5,4,5,5,5,1,5,Arts (SP) - Performing Arts,Sripalee Campus,041S,Yes,Yes
2023,Commerce,Economics,F,Business Studies,C,Accounting,F,-0.987,75678,Polonnaruwa,26,F,S,C,F,1,1,2,5,5,2,1,4,5,4,5,4,,,,,No
2023,Technology,Bio Systems Technology,A,Science for Technology,A,ICT,A,2.534,1890,Matara,90,A,A,A,A,4,3,3,4,3,2,5,5,4,3,5,5,Green Technology,University of Ruhuna,095F,No,Yes
2023,Physical Science,Physics,A,Chemistry,A,Combined Mathematics,A,3.178,189,Colombo,96,A,A,A,A,5,1,5,5,1,1,1,5,5,1,5,4,Computer Science,UCSC,096T,No,Yes
2023,Biological Science,Biology,A,Chemistry,A,Physics,A,3.101,456,Peradeniya,95,A,A,A,A,5,5,1,5,1,1,4,2,5,1,2,4,Medicine,University of Peradeniya,001B,No,Yes
2023,Arts,Art,A,Music (Western),A,Drama & Theatre (English),A,1.989,1890,Colombo,95,B,A,B,A,2,2,5,3,4,5,2,3,5,5,3,5,Film & Television Studies,University of Kelaniya,100D,Yes,Yes
2023,Commerce,Economics,C,Business Studies,F,Accounting,C,-0.876,67890,Kegalle,30,F,S,C,F,1,1,2,5,5,2,1,4,5,4,5,4,,,,,No
2023,Technology,Engineering Technology,F,ICT,C,Science for Technology,B,-0.345,59876,Puttalam,39,C,F,B,S,5,1,4,5,2,1,3,5,5,1,4,5,,,,,No
2023,Physical Science,Physics,B,Chemistry,A,Combined Mathematics,A,2.667,2678,Gampaha,92,A,A,A,A,5,1,4,5,2,1,1,5,4,1,4,5,Quantity Surveying,University of Moratuwa,011G,No,Yes
2023,Biological Science,Biology,A,Chemistry,A,Physics,A,3.123,567,Jaffna,98,A,A,A,A,5,5,1,4,1,1,4,2,5,1,2,4,Medicine,South Eastern University,006J,No,Yes
2023,Arts,Drama & Theatre (Sinhala),A,Art,B,Sinhala,A,1.978,2345,Colombo,94,C,B,C,B,1,1,5,1,2,5,4,5,5,5,1,5,Arts (SP) - Performing Arts,Sripalee Campus,041S,Yes,Yes
2023,Commerce,Economics,B,Business Studies,A,Accounting,A,2.456,1890,Galle,83,A,B,A,B,1,1,3,5,5,1,1,4,5,5,5,3,,,,,No
2023,Technology,Bio Systems Technology,A,Science for Technology,A,ICT,A,2.567,1890,Monaragala,90,A,A,A,A,4,3,3,4,3,2,5,5,4,3,5,5,"Hospitality, Tourism and Events Management",Uva Wellassa University,090U,No,Yes
2023,Physical Science,Physics,A,Chemistry,A,Combined Mathematics,A,3.201,456,Colombo,96,A,A,A,A,5,1,5,5,1,1,1,5,5,1,5,4,Computer Science,UCSC,096T,No,Yes
2023,Biological Science,Biology,A,Chemistry,A,Physics,A,3.134,789,Peradeniya,95,A,A,A,A,5,5,1,5,1,1,4,2,5,1,2,4,Medicine,Sabaragamuwa University,001L,No,Yes
2023,Arts,Music (Western),A,Art,A,Drama & Theatre (English),B,1.989,4567,Colombo,91,B,A,B,A,2,2,5,3,4,5,2,3,5,5,3,5,Film & Television Studies,University of Kelaniya,100D,Yes,Yes
2023,Commerce,Economics,A,Business Studies,A,Accounting,B,2.489,1890,Colombo,86,A,A,B,A,1,1,2,5,5,2,1,4,5,4,5,4,Accounting Information Systems,University of Kelaniya,127D,No,No
2023,Technology,Bio Systems Technology,A,Science for Technology,A,ICT,B,2.456,2345,Matara,85,A,B,A,B,4,3,3,4,3,2,5,5,4,3,5,5,Green Technology,University of Ruhuna,095F,No,Yes
2023,Physical Science,Physics,A,Chemistry,B,Combined Mathematics,A,2.689,2345,Colombo,93,A,A,A,A,5,1,5,4,1,1,1,5,5,1,5,4,Fashion Design & Product Development,University of Moratuwa,034G,Yes,Yes
2023,Biological Science,Biology,A,Chemistry,A,Physics,B,2.712,2678,Kandy,89,A,A,A,A,4,5,1,4,1,1,3,2,4,1,3,3,Medical Laboratory Sciences,University of Ruhuna,052F,No,Yes
2023,Arts,Physical Education,A,History,B,Political Science,C,1.878,5678,Sabaragamuwa,80,C,C,B,C,3,2,4,2,3,3,5,5,4,5,5,5,Sports Science & Management,Sabaragamuwa University,082L,Yes,Yes
2023,Commerce,Economics,F,Business Studies,C,Accounting,C,-0.987,78901,Colombo,29,F,S,C,F,1,1,2,5,5,2,1,4,5,4,5,4,,,,,No
2023,Technology,Engineering Technology,C,ICT,F,Science for Technology,B,-0.123,67890,Puttalam,44,C,F,B,S,5,1,4,5,2,1,3,5,5,1,4,5,,,,,No
2023,Physical Science,Physics,B,Chemistry,A,Combined Mathematics,A,2.689,3123,Gampaha,92,A,A,A,A,5,1,4,5,2,1,1,5,4,1,4,5,Quantity Surveying,University of Moratuwa,011G,No,Yes
2023,Biological Science,Biology,A,Chemistry,A,Physics,A,3.123,456,Jaffna,97,A,A,A,A,5,5,1,4,1,1,4,2,5,1,2,4,Medicine,South Eastern University,006J,No,Yes
2023,Arts,Drama & Theatre (Sinhala),A,Art,B,Sinhala,A,1.989,3456,Colombo,92,C,B,C,B,1,1,5,1,2,5,4,5,5,5,1,5,Arts (SP) - Performing Arts,Sripalee Campus,041S,Yes,Yes
2023,Commerce,Economics,B,Business Studies,A,Accounting,A,2.489,2345,Galle,85,A,B,A,B,1,1,3,5,5,1,1,4,5,5,5,3,,,,,No
2023,Technology,Bio Systems Technology,A,Science for Technology,A,ICT,A,2.567,1890,Monaragala,90,A,A,A,A,4,3,3,4,3,2,5,5,4,3,5,5,,,,,
2023,Physical Science,Physics,A,Chemistry,A,Combined Mathematics,A,3.212,567,Colombo,96,A,A,A,A,5,1,5,5,1,1,1,5,5,1,5,4,Computer Science,UCSC,096T,No,Yes
2023,Biological Science,Biology,A,Chemistry,A,Physics,A,3.134,789,Peradeniya,95,A,A,A,A,5,5,1,5,1,1,4,2,5,1,2,4,Medicine,Sabaragamuwa University,001L,No,Yes
2023,Arts,Music (Western),A,Art,A,Drama & Theatre (English),B,1.989,4567,Colombo,91,B,A,B,A,2,2,5,3,4,5,2,3,5,5,3,5,Film & Television Studies,University of Kelaniya,100D,Yes,Yes
,,,,,,,,,,,,,,,,,,,,,,,,,,,,,,,,
,,,,,,,,,,,,,,,,,,,,,,,,,,,,,,,,
2023,Physical Science,Physics,A,Chemistry,A,Combined Mathematics,A,3.178,112,Colombo,97,A,A,A,A,5,1,5,5,1,1,1,5,5,1,5,4,Engineering,University of Moratuwa,008G,No,Yes
2023,Biological Science,Biology,A,Chemistry,A,Physics,A,3.101,234,Kandy,95,A,A,A,A,5,5,1,5,1,1,4,2,5,1,2,4,Medicine,University of Peradeniya,001B,No,Yes
2023,Arts,Drama & Theatre (Sinhala),A,Art,A,Music (Western),A,1.967,1678,Colombo,94,B,A,B,A,1,1,5,1,2,5,4,5,5,5,1,5,Drama & Theatre,University of the Visual & Performing Arts,071Z,Yes,Yes
2023,Commerce,Economics,F,Business Studies,C,Accounting,F,-0.987,75678,Monaragala,25,F,S,C,F,1,1,2,5,5,2,1,4,5,4,5,4,,,,,No
2023,Technology,Engineering Technology,F,ICT,C,Science for Technology,S,-0.789,61234,Kilinochchi,30,C,F,S,C,5,1,4,5,2,1,3,5,5,1,4,5,,,,,No
2023,Physical Science,Physics,C,Chemistry,B,Combined Mathematics,F,-0.678,56789,Mannar,33,B,C,S,F,5,1,4,5,2,1,1,5,4,1,4,5,,,,,No
2023,Biological Science,Biology,A,Chemistry,A,Physics,A,3.089,456,Jaffna,96,A,A,A,A,5,5,1,4,1,1,4,2,5,1,2,4,Medicine,University of Jaffna,001E,No,Yes
2023,Arts,Visual Arts,A,Art,A,Dancing (Bharatha),A,1.945,1890,Batticaloa,93,B,A,C,B,1,1,5,1,3,5,4,4,5,5,1,5,Dance,Swamy Vipulananda Institute,069Y,Yes,Yes
2023,Physical Science,Physics,A,Chemistry,A,Combined Mathematics,A,3.189,89,Colombo,98,A,A,A,A,5,1,5,5,1,1,1,5,5,1,5,4,Computer Science,UCSC,096T,No,Yes
2023,Commerce,Economics,A,Business Studies,A,Accounting,A,2.356,1345,Gampaha,89,A,A,A,A,1,1,1,5,5,1,1,4,5,5,5,4,Management,University of Sri Jayewardenepura,016C,No,Yes
2023,Technology,Bio Systems Technology,A,Science for Technology,A,ICT,A,2.478,1567,Matara,90,A,A,A,A,4,3,3,4,3,2,5,5,4,3,5,5,Green Technology,University of Ruhuna,095F,No,Yes
2023,Arts,Physical Education,A,History,C,Political Science,B,1.878,3789,Sabaragamuwa,79,C,C,B,C,3,2,4,2,3,3,5,5,4,5,5,5,Sports Science & Management,Sabaragamuwa University,082L,Yes,Yes
2023,Physical Science,Physics,F,Chemistry,C,Combined Mathematics,C,-0.876,62345,Puttalam,28,F,S,C,F,5,1,4,5,2,1,1,5,4,1,4,5,,,,,No
2023,Biological Science,Biology,C,Chemistry,F,Physics,S,-0.789,58901,Mullaitivu,32,C,F,S,C,4,5,1,4,1,1,3,2,4,1,3,3,,,,,No
2023,Arts,Art,A,Music (Carnatic),A,Drama & Theatre (Tamil),A,1.978,1890,Jaffna,94,B,A,C,B,1,1,5,1,3,5,4,4,5,5,1,5,Music,Swamy Vipulananda Institute,068Y,Yes,Yes
2023,Commerce,Economics,B,Business Studies,A,Accounting,A,2.345,1890,Kurunegala,86,A,B,A,B,1,1,3,5,5,1,1,4,5,5,5,3,Finance,University of Sri Jayewardenepura,027C,No,Yes
2023,Technology,Engineering Technology,A,ICT,A,Science for Technology,A,2.512,1678,Matara,91,A,A,A,A,5,1,4,5,2,1,3,5,5,1,4,5,Engineering Technology,University of Kelaniya,102D,No,Yes
2023,Physical Science,Physics,A,Chemistry,A,Combined Mathematics,A,3.178,234,Colombo,97,A,A,A,A,5,1,5,5,1,1,1,5,5,1,5,4,Landscape Architecture,University of Moratuwa,097G,Yes,Yes
2023,Biological Science,Biology,A,Chemistry,A,Physics,A,3.112,567,Jaffna,97,A,A,A,A,5,5,1,4,1,1,4,2,5,1,2,4,Medicine,South Eastern University,006J,No,Yes
2023,Arts,Drama & Theatre (Sinhala),A,Art,A,Music (Western),B,1.967,2345,Colombo,93,B,A,B,A,1,1,5,1,2,5,4,5,5,5,1,5,Arts (SP) - Performing Arts,Sripalee Campus,041S,Yes,Yes
2023,Commerce,Economics,F,Business Studies,C,Accounting,F,-0.987,78901,Polonnaruwa,26,F,S,C,F,1,1,2,5,5,2,1,4,5,4,5,4,,,,,No
2023,Technology,Bio Systems Technology,A,Science for Technology,A,ICT,A,2.534,1890,Matara,90,A,A,A,A,4,3,3,4,3,2,5,5,4,3,5,5,"Hospitality, Tourism and Events Management",Uva Wellassa University,090U,No,Yes
2023,Physical Science,Physics,A,Chemistry,A,Combined Mathematics,A,3.167,456,Colombo,96,A,A,A,A,5,1,5,5,1,1,1,5,5,1,5,4,Computer Science,UCSC,096T,No,Yes
2023,Biological Science,Biology,A,Chemistry,A,Physics,A,3.089,789,Peradeniya,95,A,A,A,A,5,5,1,5,1,1,4,2,5,1,2,4,Medicine,Sabaragamuwa University,001L,No,Yes
2023,Arts,Art,A,Music (Western),A,Drama & Theatre (English),A,1.989,2345,Colombo,95,B,A,B,A,2,2,5,3,4,5,2,3,5,5,3,5,Film & Television Studies,University of Kelaniya,100D,Yes,Yes
2023,Commerce,Economics,C,Business Studies,F,Accounting,C,-0.876,67890,Kegalle,29,F,S,C,F,1,1,2,5,5,2,1,4,5,4,5,4,,,,,No
2023,Technology,Engineering Technology,F,ICT,C,Science for Technology,B,-0.345,59876,Puttalam,38,C,F,B,S,5,1,4,5,2,1,3,5,5,1,4,5,,,,,No
2023,Physical Science,Physics,B,Chemistry,A,Combined Mathematics,A,2.667,2678,Gampaha,92,A,A,A,A,5,1,4,5,2,1,1,5,4,1,4,5,Quantity Surveying,University of Moratuwa,011G,No,Yes
2023,Biological Science,Biology,A,Chemistry,A,Physics,A,3.123,890,Jaffna,98,A,A,A,A,5,5,1,4,1,1,4,2,5,1,2,4,Medicine,South Eastern University,006J,No,Yes
2023,Arts,Drama & Theatre (Sinhala),A,Art,B,Sinhala,A,1.978,2345,Colombo,94,C,B,C,B,1,1,5,1,2,5,4,5,5,5,1,5,Arts (SP) - Performing Arts,Sripalee Campus,041S,Yes,Yes
2023,Commerce,Economics,B,Business Studies,A,Accounting,A,2.456,1890,Galle,84,A,B,A,B,1,1,3,5,5,1,1,4,5,5,5,3,,,,,No
2023,Technology,Bio Systems Technology,A,Science for Technology,A,ICT,A,2.567,1890,Monaragala,90,A,A,A,A,4,3,3,4,3,2,5,5,4,3,5,5,Aquatic Resources Technology,Uva Wellassa University,088U,No,Yes
2023,Physical Science,Physics,A,Chemistry,A,Combined Mathematics,A,3.189,567,Colombo,96,A,A,A,A,5,1,5,5,1,1,1,5,5,1,5,4,Computer Science,UCSC,096T,No,Yes
2023,Biological Science,Biology,A,Chemistry,A,Physics,A,3.112,890,Peradeniya,95,A,A,A,A,5,5,1,5,1,1,4,2,5,1,2,4,Medicine,Sabaragamuwa University,001L,No,Yes
2023,Arts,Music (Western),A,Art,A,Drama & Theatre (English),B,1.989,4567,Colombo,91,B,A,B,A,2,2,5,3,4,5,2,3,5,5,3,5,Film & Television Studies,University of Kelaniya,100D,Yes,Yes
2023,Commerce,Economics,A,Business Studies,A,Accounting,B,2.489,1890,Colombo,86,A,A,B,A,1,1,2,5,5,2,1,4,5,4,5,4,Accounting Information Systems,University of Kelaniya,127D,No,No
2023,Technology,Bio Systems Technology,A,Science for Technology,A,ICT,B,2.456,2345,Matara,85,A,B,A,B,4,3,3,4,3,2,5,5,4,3,5,5,Green Technology,University of Ruhuna,095F,No,Yes
2023,Physical Science,Physics,A,Chemistry,B,Combined Mathematics,A,2.689,2345,Colombo,93,A,A,A,A,5,1,5,4,1,1,1,5,5,1,5,4,Fashion Design & Product Development,University of Moratuwa,034G,Yes,Yes
2023,Biological Science,Biology,A,Chemistry,A,Physics,B,2.712,2678,Kandy,89,A,A,A,A,4,5,1,4,1,1,3,2,4,1,3,3,Medical Laboratory Sciences,University of Ruhuna,052F,No,Yes
2023,Arts,Physical Education,A,History,B,Political Science,C,1.878,5678,Sabaragamuwa,80,C,C,B,C,3,2,4,2,3,3,5,5,4,5,5,5,Sports Science & Management,Sabaragamuwa University,082L,Yes,Yes
2023,Commerce,Economics,F,Business Studies,C,Accounting,C,-0.987,78901,Colombo,28,F,S,C,F,1,1,2,5,5,2,1,4,5,4,5,4,,,,,No
2023,Technology,Engineering Technology,C,ICT,F,Science for Technology,B,-0.123,67890,Puttalam,43,C,F,B,S,5,1,4,5,2,1,3,5,5,1,4,5,,,,,No
2023,Physical Science,Physics,B,Chemistry,A,Combined Mathematics,A,2.689,3123,Gampaha,92,A,A,A,A,5,1,4,5,2,1,1,5,4,1,4,5,Quantity Surveying,University of Moratuwa,011G,No,Yes
2023,Biological Science,Biology,A,Chemistry,A,Physics,A,3.123,456,Jaffna,97,A,A,A,A,5,5,1,4,1,1,4,2,5,1,2,4,Medicine,South Eastern University,006J,No,Yes
2023,Arts,Drama & Theatre (Sinhala),A,Art,B,Sinhala,A,1.989,3456,Colombo,92,C,B,C,B,1,1,5,1,2,5,4,5,5,5,1,5,Arts (SP) - Performing Arts,Sripalee Campus,041S,Yes,Yes
2023,Commerce,Economics,B,Business Studies,A,Accounting,A,2.489,2345,Galle,85,A,B,A,B,1,1,3,5,5,1,1,4,5,5,5,3,,,,,No
2023,Technology,Bio Systems Technology,A,Science for Technology,A,ICT,A,2.567,1890,Monaragala,90,A,A,A,A,4,3,3,4,3,2,5,5,4,3,5,5,"Hospitality, Tourism and Events Management",Uva Wellassa University,090U,No,Yes
2023,Physical Science,Physics,A,Chemistry,A,Combined Mathematics,A,3.189,567,Colombo,96,A,A,A,A,5,1,5,5,1,1,1,5,5,1,5,4,Computer Science,UCSC,096T,No,Yes
2023,Biological Science,Biology,A,Chemistry,A,Physics,A,3.112,789,Peradeniya,95,A,A,A,A,5,5,1,5,1,1,4,2,5,1,2,4,Medicine,Sabaragamuwa University,001L,No,Yes
2023,Arts,Music (Western),A,Art,A,Drama & Theatre (English),B,1.989,4567,Colombo,91,B,A,B,A,2,2,5,3,4,5,2,3,5,5,3,5,Film & Television Studies,University of Kelaniya,100D,Yes,Yes
2023,Physical Science,Physics,A,Chemistry,A,Combined Mathematics,A,3.102,123,Colombo,95,A,A,A,A,5,1,5,5,1,1,1,5,5,1,5,4,Engineering,University of Moratuwa,008G,No,Yes
2023,Biological Science,Biology,A,Chemistry,A,Physics,A,3.112,234,Kandy,96,A,A,A,A,5,5,1,5,1,1,4,2,5,1,2,4,Medicine,University of Peradeniya,001B,No,Yes
2023,Arts,Drama & Theatre (Sinhala),A,Art,A,Music (Western),A,1.978,1890,Colombo,92,B,A,B,A,1,1,5,1,2,5,4,5,5,5,1,5,Drama & Theatre,University of the Visual & Performing Arts,071Z,Yes,Yes
2023,Commerce,Economics,B,Business Studies,A,Accounting,B,2.345,345,Galle,87,A,B,A,B,1,1,2,5,5,1,1,4,5,5,5,3,Accounting Information Systems,University of Kelaniya,127D,No,Yes
2023,Technology,Engineering Technology,A,ICT,A,Science for Technology,B,2.512,456,Matara,90,A,A,A,A,5,1,4,5,2,1,3,5,5,1,4,5,Engineering Technology,University of Kelaniya,102D,No,Yes
2023,Physical Science,Physics,B,Chemistry,A,Combined Mathematics,A,2.667,567,Gampaha,91,A,A,A,A,5,1,4,5,2,1,1,5,4,1,4,5,Quantity Surveying,University of Moratuwa,011G,No,Yes
2023,Biological Science,Biology,C,Chemistry,B,Physics,S,0.102,1456,Batticaloa,58,B,C,C,B,3,3,2,2,2,1,3,3,2,3,3,3,Medical Laboratory Sciences,University of Ruhuna,052F,No,No
2023,Arts,Music (Western),A,Art,A,Drama & Theatre (English),B,1.978,4567,Colombo,91,B,A,B,A,2,2,5,3,4,5,2,3,5,5,3,5,Music,University of the Visual & Performing Arts,068Z,Yes,Yes
2023,Physical Science,Physics,F,Chemistry,C,Combined Mathematics,C,-0.876,61234,Vavuniya,30,F,S,C,F,5,1,4,5,2,1,1,5,4,1,4,5,,,,,No
2023,Biological Science,Biology,A,Chemistry,A,Physics,A,3.045,345,Jaffna,97,A,A,A,A,5,5,1,4,1,1,4,2,5,1,2,4,Medicine,University of Jaffna,001E,No,Yes
2023,Arts,Visual Arts,A,Art,A,Dancing (Bharatha),A,1.934,1678,Batticaloa,93,B,A,C,B,1,1,5,1,3,5,4,4,5,5,1,5,Dance,Swamy Vipulananda Institute of Aesthetic Studies,069Y,Yes,Yes
2023,Commerce,Economics,F,Accounting,C,Business Studies,C,-0.987,68901,Mannar,24,F,S,C,F,1,1,2,5,5,2,1,4,5,4,5,4,,,,,No
2023,Technology,Bio Systems Technology,A,Science for Technology,A,ICT,B,2.567,1678,Monaragala,90,A,A,A,A,4,3,3,4,3,2,5,5,4,3,5,5,Green Technology,University of Ruhuna,095F,No,Yes
2023,Physical Science,Physics,A,Chemistry,A,Combined Mathematics,A,2.712,345,Colombo,96,A,A,A,A,5,1,5,5,1,1,1,5,5,1,5,4,Computer Science,University of Colombo School of Computing,012T,No,Yes
2023,Biological Science,Biology,C,Chemistry,F,Physics,S,-0.789,58901,Mullaitivu,34,C,F,S,C,4,5,1,4,1,1,3,2,4,1,3,3,,,,,No
2023,Arts,Drama & Theatre (Sinhala),A,Art,A,Music (Western),B,1.967,2345,Colombo,93,B,A,B,A,1,1,5,1,2,5,4,5,5,5,1,5,Arts (SP) - Performing Arts,Sripalee Campus,041S,Yes,Yes
2023,Commerce,Accounting,B,Business Studies,B,Economics,C,0.098,8900,Kegalle,65,B,B,C,B,1,1,2,4,4,1,1,3,4,3,4,3,Commerce,University of Kelaniya,018D,No,No
2023,Technology,Information Technology (IT),A,Engineering Technology,A,Science for Technology,B,1.945,2340,Matale,89,A,A,B,A,5,1,4,5,2,1,3,5,5,1,4,4,Information Technology (IT),University of Moratuwa,026G,No,Yes
2023,Physical Science,Physics,A,Chemistry,A,Combined Mathematics,B,2.689,78,Kalutara,96,A,A,A,A,5,1,5,5,1,1,1,5,5,1,5,4,Engineering,University of Peradeniya,008B,No,Yes
2023,Biological Science,Biology,A,Chemistry,A,Physics,A,2.701,134,Trincomalee,96,A,A,A,A,5,5,1,4,1,1,4,2,5,1,2,4,Medicine,Eastern University,001H,No,Yes
2023,Arts,Art,A,Music (Carnatic),A,Drama & Theatre (Tamil),A,1.978,1890,Jaffna,94,B,A,C,B,1,1,5,1,3,5,4,4,5,5,1,5,Music,Swamy Vipulananda Institute of Aesthetic Studies,068Y,Yes,Yes
2023,Commerce,Economics,B,Business Studies,A,Accounting,A,2.412,1678,Kalutara,85,A,B,A,B,1,1,3,5,5,1,1,4,5,5,5,3,Financial Economics,University of Sri Jayewardenepura,131C,No,Yes
2023,Technology,Engineering Technology,C,ICT,F,Science for Technology,B,-0.123,67890,Puttalam,44,C,F,B,S,5,1,4,5,2,1,3,5,5,1,4,5,,,,,No
2023,Physical Science,Physics,A,Chemistry,A,Combined Mathematics,A,2.712,189,Matale,97,A,A,A,A,5,1,5,5,1,1,1,5,5,1,5,4,Landscape Architecture,University of Moratuwa,097G,Yes,Yes
2023,Biological Science,Biology,B,Chemistry,A,Physics,B,1.102,2345,Badulla,72,B,A,B,B,3,4,2,3,1,1,3,2,3,2,3,3,Animal Production and Food Technology,Uva Wellassa University,067U,No,No
2023,Arts,Visual & Technological Arts,A,Drama & Theatre (English),B,Art,A,1.876,2789,Trincomalee,88,B,A,B,B,2,1,5,1,2,5,4,4,4,4,2,5,Visual & Technological Arts,Swamy Vipulananda Institute of Aesthetic Studies,072Y,Yes,Yes
2023,Commerce,Business Statistics,B,Accounting,B,Economics,C,0.045,15000,Polonnaruwa,53,C,B,C,C,1,1,2,4,5,1,1,3,4,3,4,2,Commerce,University of Sri Jayewardenepura,018C,No,No
2023,Technology,Computer Science,A,Mathematics,A,Physics,B,2.601,410,Colombo,94,A,A,A,A,5,1,2,5,1,1,1,4,5,2,4,5,Software Engineering,University of Sri Jayewardenepura,099C,No,Yes
2023,Physical Science,Physics,A,Chemistry,B,Combined Mathematics,A,2.689,2345,Colombo,93,A,A,A,A,5,1,5,4,1,1,1,5,5,1,5,4,Fashion Design & Product Development,University of Moratuwa,034G,Yes,Yes
2023,Biological Science,Biology,A,Chemistry,A,Physics,B,2.701,789,Peradeniya,95,A,A,A,A,5,5,1,5,1,1,4,2,5,1,2,4,Medical Laboratory Sciences,University of Peradeniya,052B,No,Yes
2023,Arts,Physical Education,A,History,B,Political Science,C,1.878,5678,Sabaragamuwa,80,C,C,B,C,3,2,4,2,3,3,5,5,4,5,5,5,Sports Science & Management,Sabaragamuwa University,082L,Yes,Yes
2023,Commerce,Economics,F,Business Studies,C,Accounting,C,-0.432,78901,Colombo,29,F,S,C,F,1,1,2,5,5,2,1,4,5,4,5,4,,,,,No
2023,Technology,Information Systems,B,ICT,B,Computer Science,C,0.256,23456,Kurunegala,61,B,B,C,B,3,2,2,4,3,1,3,3,3,3,3,3,Information Systems,University of Sri Jayewardenepura,096C,No,No
,,,,,,,,,,,,,,,,,,,,,,,,,,,,,,,,
2023,Physical Science,Physics,A,Chemistry,A,Combined Mathematics,A,3.167,134,Colombo,95,A,A,A,A,5,1,5,5,1,1,1,5,5,1,5,4,Engineering,University of Peradeniya,008B,No,Yes
2023,Biological Science,Biology,A,Chemistry,A,Physics,A,3.089,456,Kandy,94,A,A,A,A,5,5,1,5,1,1,4,2,5,1,2,4,Medicine,University of Kelaniya,001D,No,Yes
2023,Arts,Art,A,Dancing (Indigenous),A,Music (Carnatic),A,1.934,1678,Colombo,93,B,A,B,A,1,1,5,1,2,5,4,5,5,5,1,5,Dance,University of the Visual & Performing Arts,069Z,Yes,Yes
2023,Commerce,Economics,F,Business Studies,C,Accounting,F,-0.987,72345,Polonnaruwa,25,F,S,C,F,1,1,2,5,5,2,1,4,5,4,5,4,,,,,No
2023,Technology,Engineering Technology,F,ICT,C,Science for Technology,S,-0.789,64567,Mannar,31,C,F,S,C,5,1,4,5,2,1,3,5,5,1,4,5,,,,,No
2023,Physical Science,Physics,C,Chemistry,B,Combined Mathematics,F,-0.567,56789,Kilinochchi,34,B,C,S,F,5,1,4,5,2,1,1,5,4,1,4,5,,,,,No
2023,Biological Science,Biology,A,Chemistry,A,Physics,A,3.078,567,Jaffna,95,A,A,A,A,5,5,1,4,1,1,4,2,5,1,2,4,Medicine,University of Jaffna,001E,No,Yes
2023,Arts,Visual Arts,A,Art,A,Dancing (Bharatha),A,1.912,1890,Batticaloa,92,B,A,C,B,1,1,5,1,3,5,4,4,5,5,1,5,Visual & Technological Arts,Swamy Vipulananda Institute,072Y,Yes,Yes
2023,Physical Science,Physics,A,Chemistry,A,Combined Mathematics,A,3.189,134,Colombo,97,A,A,A,A,5,1,5,5,1,1,1,5,5,1,5,4,Computer Science,UCSC,096T,No,Yes
2023,Commerce,Economics,A,Business Studies,A,Accounting,A,2.378,1345,Gampaha,89,A,A,A,A,1,1,1,5,5,1,1,4,5,5,5,4,Management,University of Sri Jayewardenepura,016C,No,Yes
2023,Technology,Bio Systems Technology,A,Science for Technology,A,ICT,A,2.456,1567,Matara,90,A,A,A,A,4,3,3,4,3,2,5,5,4,3,5,5,Biotechnology,Sabaragamuwa University,021L,No,Yes
2023,Arts,Physical Education,A,History,C,Political Science,B,1.834,4567,Sabaragamuwa,77,C,C,B,C,3,2,4,2,3,3,5,5,4,5,5,5,Physical Education,University of Jaffna,081E,Yes,Yes
2023,Physical Science,Physics,F,Chemistry,C,Combined Mathematics,C,-0.876,61234,Vavuniya,30,F,S,C,F,5,1,4,5,2,1,1,5,4,1,4,5,,,,,No
2023,Biological Science,Biology,C,Chemistry,F,Physics,S,-0.789,58901,Mullaitivu,34,C,F,S,C,4,5,1,4,1,1,3,2,4,1,3,3,,,,,No
2023,Arts,Art,A,Music (Carnatic),A,Drama & Theatre (Tamil),A,1.978,1890,Jaffna,94,B,A,C,B,1,1,5,1,3,5,4,4,5,5,1,5,Music,Swamy Vipulananda Institute,068Y,Yes,Yes
2023,Commerce,Economics,B,Business Studies,A,Accounting,A,2.345,1890,Kurunegala,86,A,B,A,B,1,1,3,5,5,1,1,4,5,5,5,3,Finance,University of Sri Jayewardenepura,027C,No,Yes
2023,Technology,Engineering Technology,A,ICT,A,Science for Technology,A,2.512,1678,Matara,91,A,A,A,A,5,1,4,5,2,1,3,5,5,1,4,5,Engineering Technology,University of Kelaniya,102D,No,Yes
2023,Physical Science,Physics,A,Chemistry,A,Combined Mathematics,A,3.189,234,Colombo,97,A,A,A,A,5,1,5,5,1,1,1,5,5,1,5,4,Landscape Architecture,University of Moratuwa,097G,Yes,Yes
2023,Biological Science,Biology,A,Chemistry,A,Physics,A,3.112,567,Jaffna,97,A,A,A,A,5,5,1,4,1,1,4,2,5,1,2,4,Medicine,South Eastern University,006J,No,Yes
2023,Arts,Drama & Theatre (Sinhala),A,Art,A,Music (Western),B,1.967,2345,Colombo,93,B,A,B,A,1,1,5,1,2,5,4,5,5,5,1,5,Arts (SP) - Performing Arts,Sripalee Campus,041S,Yes,Yes
2023,Commerce,Economics,F,Business Studies,C,Accounting,F,-0.987,75678,Polonnaruwa,26,F,S,C,F,1,1,2,5,5,2,1,4,5,4,5,4,,,,,No
2023,Technology,Bio Systems Technology,A,Science for Technology,A,ICT,A,2.534,1890,Matara,90,A,A,A,A,4,3,3,4,3,2,5,5,4,3,5,5,"Hospitality, Tourism and Events Management",Uva Wellassa University,090U,No,Yes
2023,Physical Science,Physics,A,Chemistry,A,Combined Mathematics,A,3.178,456,Colombo,96,A,A,A,A,5,1,5,5,1,1,1,5,5,1,5,4,Computer Science,UCSC,096T,No,Yes
2023,Biological Science,Biology,A,Chemistry,A,Physics,A,3.089,789,Peradeniya,95,A,A,A,A,5,5,1,5,1,1,4,2,5,1,2,4,Medicine,Sabaragamuwa University,001L,No,Yes
2023,Arts,Art,A,Music (Western),A,Drama & Theatre (English),A,1.989,2345,Colombo,95,B,A,B,A,2,2,5,3,4,5,2,3,5,5,3,5,Film & Television Studies,University of Kelaniya,100D,Yes,Yes
2023,Commerce,Economics,C,Business Studies,F,Accounting,C,-0.876,67890,Kegalle,29,F,S,C,F,1,1,2,5,5,2,1,4,5,4,5,4,,,,,No
2023,Technology,Engineering Technology,F,ICT,C,Science for Technology,B,-0.345,59876,Puttalam,38,C,F,B,S,5,1,4,5,2,1,3,5,5,1,4,5,,,,,No
2023,Physical Science,Physics,B,Chemistry,A,Combined Mathematics,A,2.667,2678,Gampaha,92,A,A,A,A,5,1,4,5,2,1,1,5,4,1,4,5,Quantity Surveying,University of Moratuwa,011G,No,Yes
2023,Biological Science,Biology,A,Chemistry,A,Physics,A,3.123,890,Jaffna,98,A,A,A,A,5,5,1,4,1,1,4,2,5,1,2,4,Medicine,South Eastern University,006J,No,Yes
2023,Arts,Drama & Theatre (Sinhala),A,Art,B,Sinhala,A,1.978,2345,Colombo,94,C,B,C,B,1,1,5,1,2,5,4,5,5,5,1,5,Arts (SP) - Performing Arts,Sripalee Campus,041S,Yes,Yes
2023,Commerce,Economics,B,Business Studies,A,Accounting,A,2.456,1890,Galle,84,A,B,A,B,1,1,3,5,5,1,1,4,5,5,5,3,,,,,No
2023,Technology,Bio Systems Technology,A,Science for Technology,A,ICT,A,2.567,1890,Monaragala,90,A,A,A,A,4,3,3,4,3,2,5,5,4,3,5,5,Aquatic Resources Technology,Uva Wellassa University,088U,No,Yes
2023,Physical Science,Physics,A,Chemistry,A,Combined Mathematics,A,3.189,567,Colombo,96,A,A,A,A,5,1,5,5,1,1,1,5,5,1,5,4,Computer Science,UCSC,096T,No,Yes
2023,Biological Science,Biology,A,Chemistry,A,Physics,A,3.112,890,Peradeniya,95,A,A,A,A,5,5,1,5,1,1,4,2,5,1,2,4,Medicine,Sabaragamuwa University,001L,No,Yes
2023,Arts,Music (Western),A,Art,A,Drama & Theatre (English),B,1.989,4567,Colombo,91,B,A,B,A,2,2,5,3,4,5,2,3,5,5,3,5,Film & Television Studies,University of Kelaniya,100D,Yes,Yes
2023,Commerce,Economics,A,Business Studies,A,Accounting,B,2.489,1890,Colombo,86,A,A,B,A,1,1,2,5,5,2,1,4,5,4,5,4,Accounting Information Systems,University of Kelaniya,127D,No,No
2023,Technology,Bio Systems Technology,A,Science for Technology,A,ICT,B,2.456,2345,Matara,85,A,B,A,B,4,3,3,4,3,2,5,5,4,3,5,5,Green Technology,University of Ruhuna,095F,No,Yes
2023,Physical Science,Physics,A,Chemistry,B,Combined Mathematics,A,2.689,2345,Colombo,93,A,A,A,A,5,1,5,4,1,1,1,5,5,1,5,4,Fashion Design & Product Development,University of Moratuwa,034G,Yes,Yes
2023,Biological Science,Biology,A,Chemistry,A,Physics,B,2.712,2678,Kandy,89,A,A,A,A,4,5,1,4,1,1,3,2,4,1,3,3,Medical Laboratory Sciences,University of Ruhuna,052F,No,Yes
2023,Arts,Physical Education,A,History,B,Political Science,C,1.878,5678,Sabaragamuwa,80,C,C,B,C,3,2,4,2,3,3,5,5,4,5,5,5,Sports Science & Management,Sabaragamuwa University,082L,Yes,Yes
2023,Commerce,Economics,F,Business Studies,C,Accounting,C,-0.987,78901,Colombo,28,F,S,C,F,1,1,2,5,5,2,1,4,5,4,5,4,,,,,No
2023,Technology,Engineering Technology,C,ICT,F,Science for Technology,B,-0.123,67890,Puttalam,43,C,F,B,S,5,1,4,5,2,1,3,5,5,1,4,5,,,,,No
2023,Physical Science,Physics,B,Chemistry,A,Combined Mathematics,A,2.689,3123,Gampaha,92,A,A,A,A,5,1,4,5,2,1,1,5,4,1,4,5,Quantity Surveying,University of Moratuwa,011G,No,Yes
2023,Biological Science,Biology,A,Chemistry,A,Physics,A,3.123,456,Jaffna,97,A,A,A,A,5,5,1,4,1,1,4,2,5,1,2,4,Medicine,South Eastern University,006J,No,Yes
2023,Arts,Drama & Theatre (Sinhala),A,Art,B,Sinhala,A,1.978,2345,Colombo,94,C,B,C,B,1,1,5,1,2,5,4,5,5,5,1,5,Arts (SP) - Performing Arts,Sripalee Campus,041S,Yes,Yes
2023,Commerce,Economics,B,Business Studies,A,Accounting,A,2.456,1890,Galle,84,A,B,A,B,1,1,3,5,5,1,1,4,5,5,5,3,,,,,No
2023,Technology,Bio Systems Technology,A,Science for Technology,A,ICT,A,2.567,1890,Monaragala,90,A,A,A,A,4,3,3,4,3,2,5,5,4,3,5,5,"Hospitality, Tourism and Events Management",Uva Wellassa University,090U,No,Yes
2023,Physical Science,Physics,A,Chemistry,A,Combined Mathematics,A,3.189,567,Colombo,96,A,A,A,A,5,1,5,5,1,1,1,5,5,1,5,4,Computer Science,UCSC,096T,No,Yes
2023,Biological Science,Biology,A,Chemistry,A,Physics,A,3.112,789,Peradeniya,95,A,A,A,A,5,5,1,5,1,1,4,2,5,1,2,4,Medicine,Sabaragamuwa University,001L,No,Yes
2023,Arts,Music (Western),A,Art,A,Drama & Theatre (English),B,1.989,4567,Colombo,91,B,A,B,A,2,2,5,3,4,5,2,3,5,5,3,5,Film & Television Studies,University of Kelaniya,100D,Yes,Yes
,,,,,,,,,,,,,,,,,,,,,,,,,,,,,,,,
2023,Commerce,Economics,F,Business Studies,F,Accounting,C,-0.987,71234,Trincomalee,26,F,S,C,F,1,1,2,5,5,2,1,4,5,4,5,4,,,,,No
2023,Physical Science,Physics,A,Chemistry,A,Combined Mathematics,A,3.189,78,Colombo,98,A,A,A,A,5,1,5,5,1,1,1,5,5,1,5,4,Engineering,University of Moratuwa,008G,No,Yes
2023,Arts,Physical Education,A,History,B,Political Science,C,1.856,4567,Jaffna,77,C,C,B,C,3,2,4,2,3,3,5,5,4,5,5,5,Sports Science & Management,University of Kelaniya,082D,Yes,Yes
2023,Biological Science,Biology,A,Chemistry,A,Physics,A,3.112,234,Peradeniya,96,A,A,A,A,5,5,1,5,1,1,4,2,5,1,2,4,Medicine,University of Colombo,001A,No,Yes
2023,Technology,Engineering Technology,C,ICT,F,Science for Technology,S,-0.678,59876,Mullaitivu,34,C,F,S,C,5,1,4,5,2,1,3,5,5,1,4,5,,,,,No
2023,Physical Science,Physics,B,Chemistry,A,Combined Mathematics,A,2.667,1890,Gampaha,92,A,A,A,A,5,1,4,5,2,1,1,5,4,1,4,5,Quantity Surveying,University of Moratuwa,011G,No,Yes
2023,Arts,Art,A,Music (Western),A,Drama & Theatre (English),A,1.989,2345,Colombo,95,B,A,B,A,2,2,5,3,4,5,2,3,5,5,3,5,Film & Television Studies,University of Kelaniya,100D,Yes,Yes
2023,Commerce,Economics,A,Business Studies,A,Accounting,A,2.378,1345,Matale,89,A,A,A,A,1,1,1,5,5,1,1,4,5,5,5,4,Real Estate Management and Valuation,University of Sri Jayewardenepura,017C,No,Yes
2023,Technology,Bio Systems Technology,A,Science for Technology,A,ICT,A,2.534,1678,Matara,90,A,A,A,A,4,3,3,4,3,2,5,5,4,3,5,5,Aquatic Resources Technology,Uva Wellassa University,088U,No,Yes
2023,Biological Science,Biology,C,Chemistry,F,Physics,S,-0.789,56789,Monaragala,33,C,F,S,C,4,5,1,4,1,1,3,2,4,1,3,3,,,,,No
2023,Physical Science,Physics,F,Chemistry,C,Combined Mathematics,C,-0.876,62345,Vavuniya,29,F,S,C,F,5,1,4,5,2,1,1,5,4,1,4,5,,,,,No
2023,Arts,Visual Arts,A,Art,A,Dancing (Bharatha),A,1.945,1890,Batticaloa,93,B,A,C,B,1,1,5,1,3,5,4,4,5,5,1,5,Visual & Technological Arts,Swamy Vipulananda Institute,072Y,Yes,Yes
2023,Commerce,Economics,B,Business Studies,A,Accounting,A,2.345,1890,Kurunegala,86,A,B,A,B,1,1,3,5,5,1,1,4,5,5,5,3,Management and Information Technology (SEUSL),South Eastern University,079J,No,Yes
2023,Technology,Engineering Technology,A,ICT,A,Science for Technology,A,2.512,1678,Matara,91,A,A,A,A,5,1,4,5,2,1,3,5,5,1,4,5,Engineering Technology,University of Colombo,102A,No,Yes
2023,Physical Science,Physics,A,Chemistry,A,Combined Mathematics,A,3.178,234,Colombo,97,A,A,A,A,5,1,5,5,1,1,1,5,5,1,5,4,Computer Science,UCSC,096T,No,Yes
2023,Biological Science,Biology,A,Chemistry,A,Physics,A,3.089,567,Jaffna,97,A,A,A,A,5,5,1,4,1,1,4,2,5,1,2,4,Medicine,Eastern University,001H,No,Yes
2023,Arts,Drama & Theatre (Sinhala),A,Art,A,Music (Western),B,1.967,2345,Colombo,93,B,A,B,A,1,1,5,1,2,5,4,5,5,5,1,5,Arts (SP) - Performing Arts,Sripalee Campus,041S,Yes,Yes
2023,Commerce,Economics,F,Business Studies,C,Accounting,F,-0.987,75678,Polonnaruwa,26,F,S,C,F,1,1,2,5,5,2,1,4,5,4,5,4,,,,,No
2023,Technology,Bio Systems Technology,A,Science for Technology,A,ICT,A,2.567,1890,Monaragala,90,A,A,A,A,4,3,3,4,3,2,5,5,4,3,5,5,"Hospitality, Tourism and Events Management",Uva Wellassa University,090U,No,Yes
2023,Physical Science,Physics,A,Chemistry,A,Combined Mathematics,A,3.189,456,Colombo,96,A,A,A,A,5,1,5,5,1,1,1,5,5,1,5,4,Landscape Architecture,University of Moratuwa,097G,Yes,Yes
2023,Biological Science,Biology,A,Chemistry,A,Physics,A,3.112,789,Peradeniya,95,A,A,A,A,5,5,1,5,1,1,4,2,5,1,2,4,Medicine,Rajarata University,001K,No,Yes
2023,Arts,Art,A,Music (Carnatic),A,Drama & Theatre (Tamil),A,1.978,1890,Jaffna,94,B,A,C,B,1,1,5,1,3,5,4,4,5,5,1,5,Music,Swamy Vipulananda Institute,068Y,Yes,Yes
2023,Commerce,Economics,C,Business Studies,F,Accounting,C,-0.876,67890,Kegalle,29,F,S,C,F,1,1,2,5,5,2,1,4,5,4,5,4,,,,,No
2023,Technology,Engineering Technology,F,ICT,C,Science for Technology,B,-0.345,59876,Puttalam,38,C,F,B,S,5,1,4,5,2,1,3,5,5,1,4,5,,,,,No
2023,Physical Science,Physics,B,Chemistry,A,Combined Mathematics,A,2.667,2678,Gampaha,92,A,A,A,A,5,1,4,5,2,1,1,5,4,1,4,5,Quantity Surveying,University of Moratuwa,011G,No,Yes
2023,Biological Science,Biology,A,Chemistry,A,Physics,A,3.123,890,Jaffna,98,A,A,A,A,5,5,1,4,1,1,4,2,5,1,2,4,Medicine,Wayamba University,001M,No,Yes
2023,Arts,Physical Education,A,History,C,Political Science,B,1.878,5678,Sabaragamuwa,80,C,C,B,C,3,2,4,2,3,3,5,5,4,5,5,5,Physical Education,Sabaragamuwa University,081L,Yes,Yes
2023,Commerce,Economics,B,Business Studies,A,Accounting,A,2.456,1890,Galle,84,A,B,A,B,1,1,3,5,5,1,1,4,5,5,5,3,,,,,No
2023,Technology,Bio Systems Technology,A,Science for Technology,A,ICT,A,2.567,1890,Monaragala,90,A,A,A,A,4,3,3,4,3,2,5,5,4,3,5,5,Green Technology,University of Ruhuna,095F,No,Yes
2023,Physical Science,Physics,A,Chemistry,A,Combined Mathematics,A,3.189,567,Colombo,96,A,A,A,A,5,1,5,5,1,1,1,5,5,1,5,4,Computer Science,UCSC,096T,No,Yes
2023,Biological Science,Biology,A,Chemistry,A,Physics,A,3.112,890,Peradeniya,95,A,A,A,A,5,5,1,5,1,1,4,2,5,1,2,4,Medicine,Uva Wellassa University,001U,No,Yes
2023,Arts,Music (Western),A,Art,A,Drama & Theatre (English),B,1.989,4567,Colombo,91,B,A,B,A,2,2,5,3,4,5,2,3,5,5,3,5,Film & Television Studies,University of Kelaniya,100D,Yes,Yes
2023,Commerce,Economics,A,Business Studies,A,Accounting,B,2.489,1890,Colombo,86,A,A,B,A,1,1,2,5,5,2,1,4,5,4,5,4,Accounting Information Systems,University of Kelaniya,127D,No,No
2023,Technology,Bio Systems Technology,A,Science for Technology,A,ICT,B,2.456,2345,Matara,85,A,B,A,B,4,3,3,4,3,2,5,5,4,3,5,5,Green Technology,University of Ruhuna,095F,No,Yes
2023,Physical Science,Physics,A,Chemistry,B,Combined Mathematics,A,2.689,2345,Colombo,93,A,A,A,A,5,1,5,4,1,1,1,5,5,1,5,4,Fashion Design & Product Development,University of Moratuwa,034G,Yes,Yes
2023,Biological Science,Biology,A,Chemistry,A,Physics,B,2.712,2678,Kandy,89,A,A,A,A,4,5,1,4,1,1,3,2,4,1,3,3,Medical Laboratory Sciences,University of Ruhuna,052F,No,Yes
2023,Arts,Physical Education,A,History,B,Political Science,C,1.878,5678,Sabaragamuwa,80,C,C,B,C,3,2,4,2,3,3,5,5,4,5,5,5,Sports Science & Management,Sabaragamuwa University,082L,Yes,Yes
2023,Commerce,Economics,F,Business Studies,C,Accounting,C,-0.987,78901,Colombo,28,F,S,C,F,1,1,2,5,5,2,1,4,5,4,5,4,,,,,No
2023,Technology,Engineering Technology,C,ICT,F,Science for Technology,B,-0.123,67890,Puttalam,43,C,F,B,S,5,1,4,5,2,1,3,5,5,1,4,5,,,,,No
2023,Physical Science,Physics,B,Chemistry,A,Combined Mathematics,A,2.689,3123,Gampaha,92,A,A,A,A,5,1,4,5,2,1,1,5,4,1,4,5,Quantity Surveying,University of Moratuwa,011G,No,Yes
2023,Biological Science,Biology,A,Chemistry,A,Physics,A,3.123,456,Jaffna,97,A,A,A,A,5,5,1,4,1,1,4,2,5,1,2,4,Medicine,Rajarata University,001K,No,Yes
2023,Arts,Drama & Theatre (Sinhala),A,Art,B,Sinhala,A,1.978,2345,Colombo,94,C,B,C,B,1,1,5,1,2,5,4,5,5,5,1,5,Arts (SP) - Performing Arts,Sripalee Campus,041S,Yes,Yes
2023,Commerce,Economics,B,Business Studies,A,Accounting,A,2.456,1890,Galle,84,A,B,A,B,1,1,3,5,5,1,1,4,5,5,5,3,,,,,No
2023,Technology,Bio Systems Technology,A,Science for Technology,A,ICT,A,2.567,1890,Monaragala,90,A,A,A,A,4,3,3,4,3,2,5,5,4,3,5,5,Aquatic Resources Technology,Uva Wellassa University,088U,No,Yes
2023,Physical Science,Physics,A,Chemistry,A,Combined Mathematics,A,3.189,567,Colombo,96,A,A,A,A,5,1,5,5,1,1,1,5,5,1,5,4,Computer Science,UCSC,096T,No,Yes
2023,Biological Science,Biology,A,Chemistry,A,Physics,A,3.112,890,Peradeniya,95,A,A,A,A,5,5,1,5,1,1,4,2,5,1,2,4,Medicine,Wayamba University,001M,No,Yes
2023,Arts,Music (Western),A,Art,A,Drama & Theatre (English),B,1.989,4567,Colombo,91,B,A,B,A,2,2,5,3,4,5,2,3,5,5,3,5,Film & Television Studies,University of Kelaniya,100D,Yes,Yes
,,,,,,,,,,,,,,,,,,,,,,,,,,,,,,,,
2023,Arts,Physical Education,A,History,B,Political Science,C,1.834,5678,Kegalle,76,C,C,B,C,3,2,4,2,3,3,5,5,4,5,5,5,Sports Science & Management,University of Sri Jayewardenepura,082C,Yes,Yes
2023,Physical Science,Physics,A,Chemistry,A,Combined Mathematics,A,3.189,156,Matale,98,A,A,A,A,5,1,5,5,1,1,1,5,5,1,5,4,Engineering,University of Ruhuna,008F,No,Yes
2023,Technology,Bio Systems Technology,A,Science for Technology,A,ICT,A,2.512,1890,Anuradhapura,90,A,A,A,A,4,3,3,4,3,2,5,5,4,3,5,5,Animal Production and Food Technology,Uva Wellassa University,067U,No,Yes
2023,Biological Science,Biology,A,Chemistry,A,Physics,A,3.112,456,Kandy,96,A,A,A,A,5,5,1,5,1,1,4,2,5,1,2,4,Medicine,University of Ruhuna,001F,No,Yes
2023,Commerce,Economics,C,Business Studies,F,Accounting,F,-0.987,75678,Badulla,25,F,S,C,F,1,1,2,5,5,2,1,4,5,4,5,4,,,,,No
2023,Arts,Art,A,Drama & Theatre (Sinhala),A,Music (Western),A,1.978,2345,Colombo,94,B,A,B,A,1,1,5,1,2,5,4,5,5,5,1,5,Drama & Theatre,University of the Visual & Performing Arts,071Z,Yes,Yes
2023,Physical Science,Physics,B,Chemistry,A,Combined Mathematics,A,2.667,2678,Hambantota,92,A,A,A,A,5,1,4,5,2,1,1,5,4,1,4,5,Computer Science,University of Ruhuna,012F,No,Yes
2023,Technology,Engineering Technology,F,ICT,C,Science for Technology,S,-0.789,64567,Kilinochchi,31,C,F,S,C,5,1,4,5,2,1,3,5,5,1,4,5,,,,,No
2023,Biological Science,Biology,C,Chemistry,F,Physics,S,-0.876,62345,Mannar,30,C,F,S,C,4,5,1,4,1,1,3,2,4,1,3,3,,,,,No
2023,Commerce,Economics,A,Business Studies,A,Accounting,A,2.378,1345,Colombo,89,A,A,A,A,1,1,1,5,5,1,1,4,5,5,5,4,Commerce,University of Sri Jayewardenepura,018C,No,Yes
2023,Arts,Visual Arts,A,Art,A,Dancing (Bharatha),A,1.945,1890,Trincomalee,93,B,A,C,B,1,1,5,1,3,5,4,4,5,5,1,5,Visual & Technological Arts,Swamy Vipulananda Institute,072Y,Yes,Yes
2023,Physical Science,Physics,A,Chemistry,A,Combined Mathematics,A,3.178,234,Gampaha,97,A,A,A,A,5,1,5,5,1,1,1,5,5,1,5,4,Engineering (EM),University of Moratuwa,009G,No,Yes
2023,Technology,Bio Systems Technology,A,Science for Technology,A,ICT,A,2.534,1678,Matara,90,A,A,A,A,4,3,3,4,3,2,5,5,4,3,5,5,Food Production & Technology Management,Wayamba University,087M,No,Yes
2023,Biological Science,Biology,A,Chemistry,A,Physics,A,3.089,567,Peradeniya,96,A,A,A,A,5,5,1,5,1,1,4,2,5,1,2,4,Medicine,University of Sri Jayewardenepura,001C,No,Yes
2023,Arts,Physical Education,A,History,C,Political Science,B,1.856,4567,Jaffna,78,C,C,B,C,3,2,4,2,3,3,5,5,4,5,5,5,Physical Education,Sabaragamuwa University,081L,Yes,Yes
2023,Commerce,Economics,B,Business Studies,A,Accounting,A,2.345,1890,Kalutara,86,A,B,A,B,1,1,3,5,5,1,1,4,5,5,5,3,Management,University of Kelaniya,016D,No,Yes
2023,Physical Science,Physics,F,Chemistry,C,Combined Mathematics,C,-0.876,61234,Puttalam,29,F,S,C,F,5,1,4,5,2,1,1,5,4,1,4,5,,,,,No
2023,Technology,Engineering Technology,A,ICT,A,Science for Technology,A,2.512,1678,Matara,91,A,A,A,A,5,1,4,5,2,1,3,5,5,1,4,5,Engineering Technology,Sabaragamuwa University,102L,No,Yes
2023,Biological Science,Biology,A,Chemistry,A,Physics,A,3.123,890,Jaffna,98,A,A,A,A,5,5,1,4,1,1,4,2,5,1,2,4,Medicine,Eastern University,001H,No,Yes
2023,Arts,Drama & Theatre (Sinhala),A,Art,A,Music (Western),B,1.967,2345,Colombo,93,B,A,B,A,1,1,5,1,2,5,4,5,5,5,1,5,Arts (SP) - Performing Arts,Sripalee Campus,041S,Yes,Yes
2023,Commerce,Economics,F,Business Studies,C,Accounting,F,-0.987,75678,Polonnaruwa,26,F,S,C,F,1,1,2,5,5,2,1,4,5,4,5,4,,,,,No
2023,Physical Science,Physics,A,Chemistry,A,Combined Mathematics,A,3.189,456,Colombo,96,A,A,A,A,5,1,5,5,1,1,1,5,5,1,5,4,Computer Science,UCSC,096T,No,Yes
2023,Technology,Bio Systems Technology,A,Science for Technology,A,ICT,A,2.567,1890,Monaragala,90,A,A,A,A,4,3,3,4,3,2,5,5,4,3,5,5,"Hospitality, Tourism and Events Management",Uva Wellassa University,090U,No,Yes
2023,Biological Science,Biology,A,Chemistry,A,Physics,A,3.112,789,Peradeniya,95,A,A,A,A,5,5,1,5,1,1,4,2,5,1,2,4,Medicine,Rajarata University,001K,No,Yes
2023,Arts,Art,A,Music (Western),A,Drama & Theatre (English),A,1.989,2345,Colombo,95,B,A,B,A,2,2,5,3,4,5,2,3,5,5,3,5,Film & Television Studies,University of Kelaniya,100D,Yes,Yes
2023,Commerce,Economics,C,Business Studies,F,Accounting,C,-0.876,67890,Kegalle,29,F,S,C,F,1,1,2,5,5,2,1,4,5,4,5,4,,,,,No
2023,Technology,Engineering Technology,F,ICT,C,Science for Technology,B,-0.345,59876,Puttalam,38,C,F,B,S,5,1,4,5,2,1,3,5,5,1,4,5,,,,,No
2023,Physical Science,Physics,B,Chemistry,A,Combined Mathematics,A,2.667,2678,Gampaha,92,A,A,A,A,5,1,4,5,2,1,1,5,4,1,4,5,Quantity Surveying,University of Moratuwa,011G,No,Yes
2023,Biological Science,Biology,A,Chemistry,A,Physics,A,3.123,890,Jaffna,98,A,A,A,A,5,5,1,4,1,1,4,2,5,1,2,4,Medicine,Wayamba University,001M,No,Yes
2023,Arts,Drama & Theatre (Sinhala),A,Art,B,Sinhala,A,1.978,2345,Colombo,94,C,B,C,B,1,1,5,1,2,5,4,5,5,5,1,5,Arts (SP) - Performing Arts,Sripalee Campus,041S,Yes,Yes
2023,Commerce,Economics,B,Business Studies,A,Accounting,A,2.456,1890,Galle,84,A,B,A,B,1,1,3,5,5,1,1,4,5,5,5,3,,,,,No
2023,Technology,Bio Systems Technology,A,Science for Technology,A,ICT,A,2.567,1890,Monaragala,90,A,A,A,A,4,3,3,4,3,2,5,5,4,3,5,5,Aquatic Resources Technology,Uva Wellassa University,088U,No,Yes
2023,Physical Science,Physics,A,Chemistry,A,Combined Mathematics,A,3.189,567,Colombo,96,A,A,A,A,5,1,5,5,1,1,1,5,5,1,5,4,Computer Science,UCSC,096T,No,Yes
2023,Biological Science,Biology,A,Chemistry,A,Physics,A,3.112,890,Peradeniya,95,A,A,A,A,5,5,1,5,1,1,4,2,5,1,2,4,Medicine,Uva Wellassa University,001U,No,Yes
2023,Arts,Music (Western),A,Art,A,Drama & Theatre (English),B,1.989,4567,Colombo,91,B,A,B,A,2,2,5,3,4,5,2,3,5,5,3,5,Film & Television Studies,University of Kelaniya,100D,Yes,Yes
2023,Commerce,Economics,A,Business Studies,A,Accounting,B,2.489,1890,Colombo,86,A,A,B,A,1,1,2,5,5,2,1,4,5,4,5,4,Accounting Information Systems,University of Kelaniya,127D,No,No
2023,Technology,Bio Systems Technology,A,Science for Technology,A,ICT,B,2.456,2345,Matara,85,A,B,A,B,4,3,3,4,3,2,5,5,4,3,5,5,Green Technology,University of Ruhuna,095F,No,Yes
2023,Physical Science,Physics,A,Chemistry,B,Combined Mathematics,A,2.689,2345,Colombo,93,A,A,A,A,5,1,5,4,1,1,1,5,5,1,5,4,Fashion Design & Product Development,University of Moratuwa,034G,Yes,Yes
2023,Biological Science,Biology,A,Chemistry,A,Physics,B,2.712,2678,Kandy,89,A,A,A,A,4,5,1,4,1,1,3,2,4,1,3,3,Medical Laboratory Sciences,University of Ruhuna,052F,No,Yes
2023,Arts,Physical Education,A,History,B,Political Science,C,1.878,5678,Sabaragamuwa,80,C,C,B,C,3,2,4,2,3,3,5,5,4,5,5,5,Sports Science & Management,Sabaragamuwa University,082L,Yes,Yes
2023,Commerce,Economics,F,Business Studies,C,Accounting,C,-0.987,78901,Colombo,28,F,S,C,F,1,1,2,5,5,2,1,4,5,4,5,4,,,,,No
2023,Technology,Engineering Technology,C,ICT,F,Science for Technology,B,-0.123,67890,Puttalam,43,C,F,B,S,5,1,4,5,2,1,3,5,5,1,4,5,,,,,No
2023,Physical Science,Physics,B,Chemistry,A,Combined Mathematics,A,2.689,3123,Gampaha,92,A,A,A,A,5,1,4,5,2,1,1,5,4,1,4,5,Quantity Surveying,University of Moratuwa,011G,No,Yes
2023,Biological Science,Biology,A,Chemistry,A,Physics,A,3.123,456,Jaffna,97,A,A,A,A,5,5,1,4,1,1,4,2,5,1,2,4,Medicine,South Eastern University,006J,No,Yes
2023,Arts,Drama & Theatre (Sinhala),A,Art,B,Sinhala,A,1.989,3456,Colombo,92,C,B,C,B,1,1,5,1,2,5,4,5,5,5,1,5,Arts (SP) - Performing Arts,Sripalee Campus,041S,Yes,Yes
2023,Commerce,Economics,B,Business Studies,A,Accounting,A,2.489,2345,Galle,85,A,B,A,B,1,1,3,5,5,1,1,4,5,5,5,3,,,,,No
2023,Technology,Bio Systems Technology,A,Science for Technology,A,ICT,A,2.567,1890,Monaragala,90,A,A,A,A,4,3,3,4,3,2,5,5,4,3,5,5,"Hospitality, Tourism and Events Management",Uva Wellassa University,090U,No,Yes
2023,Physical Science,Physics,A,Chemistry,A,Combined Mathematics,A,3.189,567,Colombo,96,A,A,A,A,5,1,5,5,1,1,1,5,5,1,5,4,Computer Science,UCSC,096T,No,Yes
2023,Biological Science,Biology,A,Chemistry,A,Physics,A,3.112,890,Peradeniya,95,A,A,A,A,5,5,1,5,1,1,4,2,5,1,2,4,Medicine,Sabaragamuwa University,001L,No,Yes
2023,Arts,Music (Western),A,Art,A,Drama & Theatre (English),B,1.989,4567,Colombo,91,B,A,B,A,2,2,5,3,4,5,2,3,5,5,3,5,Film & Television Studies,University of Kelaniya,100D,Yes,Yes
,,,,,,,,,,,,,,,,,,,,,,,,,,,,,,,,
2023,Arts,Pali,A,Sanskrit,A,Arabic,A,1.856,4567,Trincomalee,78,B,B,C,B,1,1,1,1,1,5,1,1,1,5,2,5,Translation Studies,University of Kelaniya,098D,No,Yes
2023,Physical Science,Physics,A,Chemistry,A,Combined Mathematics,A,3.189,89,Badulla,98,A,A,A,A,5,1,5,5,1,1,1,5,5,1,5,4,Engineering (TM),University of Moratuwa,010G,No,Yes
2023,Technology,Civil Technology,A,Mechanical Technology,A,Electrical Electronic & Information Technology,A,2.534,1678,Kegalle,90,A,A,A,A,5,1,4,5,2,1,3,5,5,1,4,5,Engineering Technology,University of Sri Jayewardenepura,102C,No,Yes
2023,Biological Science,Agricultural Science,A,Biology,A,Chemistry,A,3.112,456,Ratnapura,96,A,A,A,A,4,5,1,5,1,1,5,2,5,1,2,4,Agriculture,Wayamba University,004M,No,Yes
2023,Commerce,Economics,F,Business Statistics,C,Accounting,F,-0.987,75678,Nuwara Eliya,25,F,S,C,F,1,1,2,5,5,2,1,4,5,4,5,4,,,,,No
2023,Arts,Drama & Theatre (English),A,Art,A,Music (Oriental),A,1.978,2345,Colombo,94,B,A,B,A,2,2,5,3,4,5,2,3,5,5,3,5,Film & Television Studies,University of Kelaniya,100D,Yes,Yes
2023,Physical Science,Physics,B,Chemistry,A,Combined Mathematics,A,2.667,2678,Monaragala,92,A,A,A,A,5,1,4,5,2,1,1,5,4,1,4,5,Information Systems,University of Colombo School of Computing,096T,No,Yes
2023,Technology,Food Technology,A,Agro Technology,A,Bio Resource Technology,A,2.512,1890,Puttalam,90,A,A,A,A,4,3,3,4,3,2,5,5,4,3,5,5,Food Science & Technology,University of Peradeniya,035B,No,Yes
2023,Biological Science,Biology,C,Chemistry,F,Physics,S,-0.876,62345,Anuradhapura,30,C,F,S,C,4,5,1,4,1,1,3,2,4,1,3,3,,,,,No
2023,Commerce,Economics,A,Business Studies,A,Accounting,A,2.378,1345,Kandy,89,A,A,A,A,1,1,1,5,5,1,1,4,5,5,5,4,Business Information Systems (Honours),University of Sri Jayewardenepura,077C,No,Yes
2023,Arts,French,A,German,A,Japanese,A,1.856,4567,Batticaloa,78,B,B,C,B,1,1,1,1,1,5,1,1,1,5,2,5,Translation Studies,Eastern University,098H,No,Yes
2023,Physical Science,Physics,A,Chemistry,A,Combined Mathematics,A,3.178,234,Gampaha,97,A,A,A,A,5,1,5,5,1,1,1,5,5,1,5,4,Artificial Intelligence,University of Moratuwa,117G,No,Yes
2023,Technology,Science for Technology,A,Engineering Technology,A,ICT,A,2.534,1678,Matara,90,A,A,A,A,5,1,4,5,2,1,3,5,5,1,4,5,Information Communication Technology,Uva Wellassa University,104U,No,Yes
2023,Biological Science,Biology,A,Chemistry,A,Physics,A,3.089,567,Peradeniya,96,A,A,A,A,5,5,1,5,1,1,4,2,5,1,2,4,Veterinary Science,University of Peradeniya,003B,No,Yes
2023,Arts,Christianity,A,Christian Civilization,A,Greek & Roman Civilization,A,1.834,5678,Kalutara,77,C,C,B,C,1,1,1,1,1,5,1,1,1,5,2,5,Arts,University of Peradeniya,019B,No,Yes
2023,Commerce,Economics,B,Business Studies,A,Accounting,A,2.345,1890,Matale,86,A,B,A,B,1,1,3,5,5,1,1,4,5,5,5,3,Management and Information Technology (MIT),University of Kelaniya,027D,No,Yes
2023,Physical Science,Physics,F,Chemistry,C,Combined Mathematics,C,-0.876,61234,Hambantota,29,F,S,C,F,5,1,4,5,2,1,1,5,4,1,4,5,,,,,No
2023,Technology,Bio Systems Technology,A,Science for Technology,A,ICT,A,2.567,1890,Matara,90,A,A,A,A,4,3,3,4,3,2,5,5,4,3,5,5,Marine and Freshwater Sciences,University of Ruhuna,106F,No,Yes
2023,Biological Science,Biology,A,Chemistry,A,Physics,A,3.123,890,Jaffna,98,A,A,A,A,5,5,1,4,1,1,4,2,5,1,2,4,Dental Surgery,University of Sri Jayewardenepura,002C,No,Yes
2023,Arts,Hinduism,A,Hindu Civilization,A,Islam,A,1.967,2345,Colombo,93,B,A,B,A,1,1,1,1,1,5,1,1,1,5,2,5,Islamic Studies,South Eastern University,063J,No,Yes
2023,Commerce,Economics,F,Business Studies,C,Accounting,F,-0.987,75678,Polonnaruwa,26,F,S,C,F,1,1,2,5,5,2,1,4,5,4,5,4,,,,,No
2023,Physical Science,Physics,A,Chemistry,A,Combined Mathematics,A,3.189,456,Colombo,96,A,A,A,A,5,1,5,5,1,1,1,5,5,1,5,4,Facilities Management,University of Moratuwa,056G,No,Yes
2023,Technology,Engineering Technology,A,ICT,A,Science for Technology,A,2.512,1678,Matara,91,A,A,A,A,5,1,4,5,2,1,3,5,5,1,4,5,Engineering Technology,Wayamba University,102M,No,Yes
2023,Biological Science,Biology,A,Chemistry,A,Physics,A,3.112,789,Peradeniya,95,A,A,A,A,5,5,1,5,1,1,4,2,5,1,2,4,Ayurveda Medicine and Surgery,Gampa ha Wickramarachchi University,032P,No,Yes
2023,Arts,Communication & Media Studies,A,Home Economics,A,Geography,A,1.989,2345,Colombo,95,B,A,B,A,1,1,2,2,2,5,3,1,1,5,4,5,Arts (SP) - Mass Media,Sripalee Campus,020S,Yes,Yes
2023,Commerce,Economics,C,Business Studies,F,Accounting,C,-0.876,67890,Kegalle,29,F,S,C,F,1,1,2,5,5,2,1,4,5,4,5,4,,,,,No
2023,Technology,Engineering Technology,F,ICT,C,Science for Technology,B,-0.345,59876,Puttalam,38,C,F,B,S,5,1,4,5,2,1,3,5,5,1,4,5,,,,,No
2023,Physical Science,Physics,B,Chemistry,A,Combined Mathematics,A,2.667,2678,Gampaha,92,A,A,A,A,5,1,4,5,2,1,1,5,4,1,4,5,Transport Management & Logistics Engineering (TMLE),University of Moratuwa,057G,No,Yes
2023,Biological Science,Biology,A,Chemistry,A,Physics,A,3.123,890,Jaffna,98,A,A,A,A,5,5,1,4,1,1,4,2,5,1,2,4,Siddha Medicine and Surgery,Trincomalee Campus,036W,No,Yes
2023,Arts,Buddhism,A,Buddhist Civilization,A,History of India,A,1.978,2345,Colombo,94,C,B,C,B,1,1,1,1,1,5,1,1,1,5,2,5,Arts,University of Colombo,019A,No,Yes
2023,Commerce,Economics,B,Business Studies,A,Accounting,A,2.456,1890,Galle,84,A,B,A,B,1,1,3,5,5,1,1,4,5,5,5,3,,,,,No
2023,Technology,Bio Systems Technology,A,Science for Technology,A,ICT,A,2.567,1890,Monaragala,90,A,A,A,A,4,3,3,4,3,2,5,5,4,3,5,5,Data Science,Sabaragamuwa University,136L,No,Yes
2023,Physical Science,Physics,A,Chemistry,A,Combined Mathematics,A,3.189,567,Colombo,96,A,A,A,A,5,1,5,5,1,1,1,5,5,1,5,4,Business Science,University of Moratuwa,109G,No,Yes
2023,Biological Science,Biology,A,Chemistry,A,Physics,A,3.112,890,Peradeniya,95,A,A,A,A,5,5,1,5,1,1,4,2,5,1,2,4,Physiotherapy,University of Colombo,054A,No,Yes
2023,Arts,Malay,A,Korean,A,Chinese,A,1.989,4567,Colombo,91,B,A,B,A,1,1,1,1,1,5,1,1,1,5,2,5,Translation Studies,Sabaragamuwa University,098L,No,Yes
2023,Commerce,Economics,A,Business Studies,A,Accounting,B,2.489,1890,Colombo,86,A,A,B,A,1,1,2,5,5,2,1,4,5,4,5,4,Financial Engineering,University of Kelaniya,110D,No,No
2023,Technology,Bio Systems Technology,A,Science for Technology,A,ICT,B,2.456,2345,Matara,85,A,B,A,B,4,3,3,4,3,2,5,5,4,3,5,5,Food Business Management,Sabaragamuwa University,107L,No,Yes
2023,Physical Science,Physics,A,Chemistry,B,Combined Mathematics,A,2.689,2345,Colombo,93,A,A,A,A,5,1,5,4,1,1,1,5,5,1,5,4,Design,University of Moratuwa,024G,Yes,Yes
2023,Biological Science,Biology,A,Chemistry,A,Physics,B,2.712,2678,Kandy,89,A,A,A,A,4,5,1,4,1,1,3,2,4,1,3,3,Occupational Therapy,University of Kelaniya,115D,No,Yes
2023,Arts,Physical Education,A,History,B,Political Science,C,1.878,5678,Sabaragamuwa,80,C,C,B,C,3,2,4,2,3,3,5,5,4,5,5,5,Sports Science & Management,University of Sri Jayewardenepura,082C,Yes,Yes
2023,Commerce,Economics,F,Business Studies,C,Accounting,C,-0.987,78901,Colombo,28,F,S,C,F,1,1,2,5,5,2,1,4,5,4,5,4,,,,,No
2023,Technology,Engineering Technology,C,ICT,F,Science for Technology,B,-0.123,67890,Puttalam,43,C,F,B,S,5,1,4,5,2,1,3,5,5,1,4,5,,,,,No
2023,Physical Science,Physics,B,Chemistry,A,Combined Mathematics,A,2.689,3123,Gampaha,92,A,A,A,A,5,1,4,5,2,1,1,5,4,1,4,5,Financial Mathematics and Industrial Statistics,University of Ruhuna,113F,No,Yes
2023,Biological Science,Biology,A,Chemistry,A,Physics,A,3.123,456,Jaffna,97,A,A,A,A,5,5,1,4,1,1,4,2,5,1,2,4,Unani Medicine and Surgery,University of Colombo,033A,No,Yes
2023,Arts,Logic & Scientific Method,A,History of Modern World,A,Communication & Media Studies,A,1.989,3456,Colombo,92,C,B,C,B,1,1,2,2,2,5,3,1,1,5,4,5,Communication Studies,Trincomalee Campus,029W,No,Yes
2023,Commerce,Economics,B,Business Studies,A,Accounting,A,2.489,2345,Galle,85,A,B,A,B,1,1,3,5,5,1,1,4,5,5,5,3,,,,,No
2023,Technology,Bio Systems Technology,A,Science for Technology,A,ICT,A,2.567,1890,Monaragala,90,A,A,A,A,4,3,3,4,3,2,5,5,4,3,5,5,Polymer Science and Industrial Management,University of Sri Jayewardenepura,139C,No,Yes
2023,Physical Science,Physics,A,Chemistry,A,Combined Mathematics,A,3.189,567,Colombo,96,A,A,A,A,5,1,5,5,1,1,1,5,5,1,5,4,Applied Chemistry,University of Kelaniya,118D,No,Yes
2023,Biological Science,Biology,A,Chemistry,A,Physics,A,3.112,890,Peradeniya,95,A,A,A,A,5,5,1,5,1,1,4,2,5,1,2,4,Optometry,University of Sri Jayewardenepura,116C,No,Yes
2023,Arts,Russian,A,Hindi,A,Korean,A,1.989,4567,Colombo,91,B,A,B,A,1,1,1,1,1,5,1,1,1,5,2,5,Teaching English as a Second Language (TESL),University of Sri Jayewardenepura,105C,No,Yes
,,,,,,,,,,,,,,,,,,,,,,,,,,,,,,,,
2023,Arts,Sanskrit,A,Pali,A,French,A,1.856,5678,Kurunegala,78,B,B,C,B,1,1,1,1,1,5,1,1,1,5,2,5,Translation Studies,University of Jaffna,098E,No,Yes
2023,Physical Science,Physics,A,Chemistry,A,Combined Mathematics,A,3.189,89,Matara,98,A,A,A,A,5,1,5,5,1,1,1,5,5,1,5,4,Engineering,South Eastern University,008J,No,Yes
2023,Technology,Civil Technology,A,Mechanical Technology,A,Electrical Electronic & Information Technology,A,2.534,1678,Badulla,90,A,A,A,A,5,1,4,5,2,1,3,5,5,1,4,5,Engineering Technology,University of Ruhuna,102F,No,Yes
2023,Biological Science,Agricultural Science,A,Biology,A,Chemistry,A,3.112,456,Monaragala,96,A,A,A,A,4,5,1,5,1,1,5,2,5,1,2,4,Agriculture,Eastern University,004H,No,Yes
2023,Commerce,Economics,F,Business Statistics,C,Accounting,F,-0.987,75678,Kilinochchi,25,F,S,C,F,1,1,2,5,5,2,1,4,5,4,5,4,,,,,No
2023,Arts,Drama & Theatre (English),A,Art,A,Music (Oriental),A,1.978,2345,Gampaha,94,B,A,B,A,2,2,5,3,4,5,2,3,5,5,3,5,Film & Television Studies,University of Kelaniya,100D,Yes,Yes
2023,Physical Science,Physics,B,Chemistry,A,Combined Mathematics,A,2.667,2678,Puttalam,92,A,A,A,A,5,1,4,5,2,1,1,5,4,1,4,5,Computer Science,Trincomalee Campus,012W,No,Yes
2023,Technology,Food Technology,A,Agro Technology,A,Bio Resource Technology,A,2.512,1890,Hambantota,90,A,A,A,A,4,3,3,4,3,2,5,5,4,3,5,5,Food Science & Technology,University of Sri Jayewardenepura,035C,No,Yes
2023,Biological Science,Biology,C,Chemistry,F,Physics,S,-0.876,62345,Mullaitivu,30,C,F,S,C,4,5,1,4,1,1,3,2,4,1,3,3,,,,,No
2023,Commerce,Economics,A,Business Studies,A,Accounting,A,2.378,1345,Colombo,89,A,A,A,A,1,1,1,5,5,1,1,4,5,5,5,4,Commerce,Eastern University,018H,No,Yes
2023,Arts,German,A,Russian,A,Hindi,A,1.856,4567,Jaffna,78,B,B,C,B,1,1,1,1,1,5,1,1,1,5,2,5,Translation Studies,Eastern University,098H,No,Yes
2023,Physical Science,Physics,A,Chemistry,A,Combined Mathematics,A,3.178,234,Kandy,97,A,A,A,A,5,1,5,5,1,1,1,5,5,1,5,4,Information Technology (IT),University of Moratuwa,026G,No,Yes
2023,Technology,Science for Technology,A,Engineering Technology,A,ICT,A,2.534,1678,Matara,90,A,A,A,A,5,1,4,5,2,1,3,5,5,1,4,5,Information Communication Technology,Rajarata University,104K,No,Yes
2023,Biological Science,Biology,A,Chemistry,A,Physics,A,3.089,567,Peradeniya,96,A,A,A,A,5,5,1,5,1,1,4,2,5,1,2,4,Veterinary Science,University of Peradeniya,003B,No,Yes
2023,Arts,Home Economics,A,Communication & Media Studies,A,Geography,A,1.834,5678,Kalutara,77,C,C,B,C,1,1,2,2,2,5,3,1,1,5,4,5,Arts (SP) - Mass Media,Sripalee Campus,020S,Yes,Yes
2023,Commerce,Economics,B,Business Studies,A,Accounting,A,2.345,1890,Matale,86,A,B,A,B,1,1,3,5,5,1,1,4,5,5,5,3,Management,University of Jaffna,016E,No,Yes
2023,Physical Science,Physics,F,Chemistry,C,Combined Mathematics,C,-0.876,61234,Hambantota,29,F,S,C,F,5,1,4,5,2,1,1,5,4,1,4,5,,,,,No
2023,Technology,Bio Systems Technology,A,Science for Technology,A,ICT,A,2.567,1890,Matara,90,A,A,A,A,4,3,3,4,3,2,5,5,4,3,5,5,Marine and Freshwater Sciences,University of Ruhuna,106F,No,Yes
2023,Biological Science,Biology,A,Chemistry,A,Physics,A,3.123,890,Jaffna,98,A,A,A,A,5,5,1,4,1,1,4,2,5,1,2,4,Dental Surgery,University of Peradeniya,002B,No,Yes
2023,Arts,Chinese,A,Japanese,A,Korean,A,1.967,2345,Colombo,93,B,A,B,A,1,1,1,1,1,5,1,1,1,5,2,5,Teaching English as a Second Language (TESL),Sabaragamuwa University,105L,No,Yes
2023,Commerce,Economics,F,Business Studies,C,Accounting,F,-0.987,75678,Polonnaruwa,26,F,S,C,F,1,1,2,5,5,2,1,4,5,4,5,4,,,,,No
2023,Physical Science,Physics,A,Chemistry,A,Combined Mathematics,A,3.189,456,Colombo,96,A,A,A,A,5,1,5,5,1,1,1,5,5,1,5,4,Facilities Management,University of Moratuwa,056G,No,Yes
2023,Technology,Engineering Technology,A,ICT,A,Science for Technology,A,2.512,1678,Matara,91,A,A,A,A,5,1,4,5,2,1,3,5,5,1,4,5,Engineering Technology,Uva Wellassa University,102U,No,Yes
2023,Biological Science,Biology,A,Chemistry,A,Physics,A,3.112,789,Peradeniya,95,A,A,A,A,5,5,1,5,1,1,4,2,5,1,2,4,Ayurveda Medicine and Surgery,University of Colombo,032A,No,Yes
2023,Arts,Buddhist Civilization,A,Buddhism,A,History of India,A,1.989,2345,Colombo,95,B,A,B,A,1,1,1,1,1,5,1,1,1,5,2,5,Arts,University of Ruhuna,019F,No,Yes
2023,Commerce,Economics,C,Business Studies,F,Accounting,C,-0.876,67890,Kegalle,29,F,S,C,F,1,1,2,5,5,2,1,4,5,4,5,4,,,,,No
2023,Technology,Engineering Technology,F,ICT,C,Science for Technology,B,-0.345,59876,Puttalam,38,C,F,B,S,5,1,4,5,2,1,3,5,5,1,4,5,,,,,No
2023,Physical Science,Physics,B,Chemistry,A,Combined Mathematics,A,2.667,2678,Gampaha,92,A,A,A,A,5,1,4,5,2,1,1,5,4,1,4,5,Transport Management & Logistics Engineering (TMLE),University of Moratuwa,057G,No,Yes
2023,Biological Science,Biology,A,Chemistry,A,Physics,A,3.123,890,Jaffna,98,A,A,A,A,5,5,1,4,1,1,4,2,5,1,2,4,Siddha Medicine and Surgery,University of Jaffna,036E,No,Yes
2023,Arts,Islamic Civilization,A,Islam,A,Arabic,A,1.978,2345,Colombo,94,C,B,C,B,1,1,1,1,1,5,1,1,1,5,2,5,Arabic Language,South Eastern University,084J,No,Yes
2023,Commerce,Economics,B,Business Studies,A,Accounting,A,2.456,1890,Galle,84,A,B,A,B,1,1,3,5,5,1,1,4,5,5,5,3,,,,,No
2023,Technology,Bio Systems Technology,A,Science for Technology,A,ICT,A,2.567,1890,Monaragala,90,A,A,A,A,4,3,3,4,3,2,5,5,4,3,5,5,Data Science,Sabaragamuwa University,136L,No,Yes
2023,Physical Science,Physics,A,Chemistry,A,Combined Mathematics,A,3.189,567,Colombo,96,A,A,A,A,5,1,5,5,1,1,1,5,5,1,5,4,Business Science,University of Moratuwa,109G,No,Yes
2023,Biological Science,Biology,A,Chemistry,A,Physics,A,3.112,890,Peradeniya,95,A,A,A,A,5,5,1,5,1,1,4,2,5,1,2,4,Physiotherapy,University of Peradeniya,054B,No,Yes
2023,Arts,Malay,A,Korean,A,Chinese,A,1.989,4567,Colombo,91,B,A,B,A,1,1,1,1,1,5,1,1,1,5,2,5,Teaching English as a Second Language (TESL),University of Kelaniya,105D,No,Yes
2023,Commerce,Economics,A,Business Studies,A,Accounting,B,2.489,1890,Colombo,86,A,A,B,A,1,1,2,5,5,2,1,4,5,4,5,4,Financial Engineering,University of Kelaniya,110D,No,No
2023,Technology,Bio Systems Technology,A,Science for Technology,A,ICT,B,2.456,2345,Matara,85,A,B,A,B,4,3,3,4,3,2,5,5,4,3,5,5,Food Business Management,Sabaragamuwa University,107L,No,Yes
2023,Physical Science,Physics,A,Chemistry,B,Combined Mathematics,A,2.689,2345,Colombo,93,A,A,A,A,5,1,5,4,1,1,1,5,5,1,5,4,Design,University of Moratuwa,024G,Yes,Yes
2023,Biological Science,Biology,A,Chemistry,A,Physics,B,2.712,2678,Kandy,89,A,A,A,A,4,5,1,4,1,1,3,2,4,1,3,3,Occupational Therapy,University of Kelaniya,115D,No,Yes
2023,Arts,Physical Education,A,History,B,Political Science,C,1.878,5678,Sabaragamuwa,80,C,C,B,C,3,2,4,2,3,3,5,5,4,5,5,5,Sports Science & Management,University of Kelaniya,082D,Yes,Yes
2023,Commerce,Economics,F,Business Studies,C,Accounting,C,-0.987,78901,Colombo,28,F,S,C,F,1,1,2,5,5,2,1,4,5,4,5,4,,,,,No
2023,Technology,Engineering Technology,C,ICT,F,Science for Technology,B,-0.123,67890,Puttalam,43,C,F,B,S,5,1,4,5,2,1,3,5,5,1,4,5,,,,,No
2023,Physical Science,Physics,B,Chemistry,A,Combined Mathematics,A,2.689,3123,Gampaha,92,A,A,A,A,5,1,4,5,2,1,1,5,4,1,4,5,Financial Mathematics and Industrial Statistics,University of Ruhuna,113F,No,Yes
2023,Biological Science,Biology,A,Chemistry,A,Physics,A,3.123,456,Jaffna,97,A,A,A,A,5,5,1,4,1,1,4,2,5,1,2,4,Unani Medicine and Surgery,University of Colombo,033A,No,Yes
2023,Arts,Logic & Scientific Method,A,History of Modern World,A,Communication & Media Studies,A,1.989,3456,Colombo,92,C,B,C,B,1,1,2,2,2,5,3,1,1,5,4,5,Communication Studies,Trincomalee Campus,029W,No,Yes
2023,Commerce,Economics,B,Business Studies,A,Accounting,A,2.489,2345,Galle,85,A,B,A,B,1,1,3,5,5,1,1,4,5,5,5,3,,,,,No
2023,Technology,Bio Systems Technology,A,Science for Technology,A,ICT,A,2.567,1890,Monaragala,90,A,A,A,A,4,3,3,4,3,2,5,5,4,3,5,5,Polymer Science and Industrial Management,University of Sri Jayewardenepura,139C,No,Yes
2023,Physical Science,Physics,A,Chemistry,A,Combined Mathematics,A,3.189,567,Colombo,96,A,A,A,A,5,1,5,5,1,1,1,5,5,1,5,4,Applied Chemistry,University of Kelaniya,118D,No,Yes
2023,Biological Science,Biology,A,Chemistry,A,Physics,A,3.112,890,Peradeniya,95,A,A,A,A,5,5,1,5,1,1,4,2,5,1,2,4,Optometry,University of Sri Jayewardenepura,116C,No,Yes
2023,Arts,Russian,A,Hindi,A,Korean,A,1.989,4567,Colombo,91,B,A,B,A,1,1,1,1,1,5,1,1,1,5,2,5,Teaching English as a Second Language (TESL),University of Sri Jayewardenepura,105C,No,Yes
,,,,,,,,,,,,,,,,,,,,,,,,,,,,,,,,
2023,Commerce,Economics,F,Business Studies,F,Accounting,C,-0.987,71234,Trincomalee,26,F,S,C,F,1,1,2,5,5,2,1,4,5,4,5,4,,,,,No
2023,Physical Science,Physics,A,Chemistry,A,Combined Mathematics,A,3.189,78,Colombo,98,A,A,A,A,5,1,5,5,1,1,1,5,5,1,5,4,Engineering,University of Moratuwa,008G,No,Yes
2023,Arts,Physical Education,A,History,B,Political Science,C,1.856,4567,Jaffna,77,C,C,B,C,3,2,4,2,3,3,5,5,4,5,5,5,Sports Science & Management,University of Kelaniya,082D,Yes,Yes
2023,Biological Science,Biology,A,Chemistry,A,Physics,A,3.112,234,Peradeniya,96,A,A,A,A,5,5,1,5,1,1,4,2,5,1,2,4,Medicine,University of Colombo,001A,No,Yes
2023,Technology,Engineering Technology,C,ICT,F,Science for Technology,S,-0.678,59876,Mullaitivu,34,C,F,S,C,5,1,4,5,2,1,3,5,5,1,4,5,,,,,No
2023,Physical Science,Physics,B,Chemistry,A,Combined Mathematics,A,2.667,1890,Gampaha,92,A,A,A,A,5,1,4,5,2,1,1,5,4,1,4,5,Quantity Surveying,University of Moratuwa,011G,No,Yes
2023,Arts,Art,A,Music (Western),A,Drama & Theatre (English),A,1.989,2345,Colombo,95,B,A,B,A,2,2,5,3,4,5,2,3,5,5,3,5,Film & Television Studies,University of Kelaniya,100D,Yes,Yes
2023,Commerce,Economics,A,Business Studies,A,Accounting,A,2.378,1345,Matale,89,A,A,A,A,1,1,1,5,5,1,1,4,5,5,5,4,Real Estate Management and Valuation,University of Sri Jayewardenepura,017C,No,Yes
2023,Technology,Bio Systems Technology,A,Science for Technology,A,ICT,A,2.534,1678,Matara,90,A,A,A,A,4,3,3,4,3,2,5,5,4,3,5,5,Aquatic Resources Technology,Uva Wellassa University,088U,No,Yes
2023,Biological Science,Biology,C,Chemistry,F,Physics,S,-0.789,56789,Monaragala,33,C,F,S,C,4,5,1,4,1,1,3,2,4,1,3,3,,,,,No
2023,Physical Science,Physics,F,Chemistry,C,Combined Mathematics,C,-0.876,62345,Vavuniya,29,F,S,C,F,5,1,4,5,2,1,1,5,4,1,4,5,,,,,No
2023,Arts,Visual Arts,A,Art,A,Dancing (Bharatha),A,1.945,1890,Batticaloa,93,B,A,C,B,1,1,5,1,3,5,4,4,5,5,1,5,Visual & Technological Arts,Swamy Vipulananda Institute,072Y,Yes,Yes
2023,Commerce,Economics,B,Business Studies,A,Accounting,A,2.345,1890,Kurunegala,86,A,B,A,B,1,1,3,5,5,1,1,4,5,5,5,3,Management and Information Technology (SEUSL),South Eastern University,079J,No,Yes
2023,Technology,Engineering Technology,A,ICT,A,Science for Technology,A,2.512,1678,Matara,91,A,A,A,A,5,1,4,5,2,1,3,5,5,1,4,5,Engineering Technology,University of Colombo,102A,No,Yes
2023,Physical Science,Physics,A,Chemistry,A,Combined Mathematics,A,3.178,234,Colombo,97,A,A,A,A,5,1,5,5,1,1,1,5,5,1,5,4,Computer Science,UCSC,096T,No,Yes
2023,Biological Science,Biology,A,Chemistry,A,Physics,A,3.089,567,Jaffna,97,A,A,A,A,5,5,1,4,1,1,4,2,5,1,2,4,Medicine,Eastern University,001H,No,Yes
2023,Arts,Drama & Theatre (Sinhala),A,Art,A,Music (Western),B,1.967,2345,Colombo,93,B,A,B,A,1,1,5,1,2,5,4,5,5,5,1,5,Arts (SP) - Performing Arts,Sripalee Campus,041S,Yes,Yes
2023,Commerce,Economics,F,Business Studies,C,Accounting,F,-0.987,75678,Polonnaruwa,26,F,S,C,F,1,1,2,5,5,2,1,4,5,4,5,4,,,,,No
2023,Technology,Bio Systems Technology,A,Science for Technology,A,ICT,A,2.567,1890,Monaragala,90,A,A,A,A,4,3,3,4,3,2,5,5,4,3,5,5,"Hospitality, Tourism and Events Management",Uva Wellassa University,090U,No,Yes
2023,Physical Science,Physics,A,Chemistry,A,Combined Mathematics,A,3.189,456,Colombo,96,A,A,A,A,5,1,5,5,1,1,1,5,5,1,5,4,Landscape Architecture,University of Moratuwa,097G,Yes,Yes
2023,Biological Science,Biology,A,Chemistry,A,Physics,A,3.112,789,Peradeniya,95,A,A,A,A,5,5,1,5,1,1,4,2,5,1,2,4,Medicine,Rajarata University,001K,No,Yes
2023,Arts,Art,A,Music (Carnatic),A,Drama & Theatre (Tamil),A,1.978,1890,Jaffna,94,B,A,C,B,1,1,5,1,3,5,4,4,5,5,1,5,Music,Swamy Vipulananda Institute,068Y,Yes,Yes
2023,Commerce,Economics,C,Business Studies,F,Accounting,C,-0.876,67890,Kegalle,29,F,S,C,F,1,1,2,5,5,2,1,4,5,4,5,4,,,,,No
2023,Technology,Engineering Technology,F,ICT,C,Science for Technology,B,-0.345,59876,Puttalam,38,C,F,B,S,5,1,4,5,2,1,3,5,5,1,4,5,,,,,No
2023,Physical Science,Physics,B,Chemistry,A,Combined Mathematics,A,2.667,2678,Gampaha,92,A,A,A,A,5,1,4,5,2,1,1,5,4,1,4,5,Quantity Surveying,University of Moratuwa,011G,No,Yes
2023,Biological Science,Biology,A,Chemistry,A,Physics,A,3.123,890,Jaffna,98,A,A,A,A,5,5,1,4,1,1,4,2,5,1,2,4,Medicine,Wayamba University,001M,No,Yes
2023,Arts,Physical Education,A,History,C,Political Science,B,1.878,5678,Sabaragamuwa,80,C,C,B,C,3,2,4,2,3,3,5,5,4,5,5,5,Physical Education,Sabaragamuwa University,081L,Yes,Yes
2023,Commerce,Economics,B,Business Studies,A,Accounting,A,2.456,1890,Galle,84,A,B,A,B,1,1,3,5,5,1,1,4,5,5,5,3,,,,,No
2023,Technology,Bio Systems Technology,A,Science for Technology,A,ICT,A,2.567,1890,Monaragala,90,A,A,A,A,4,3,3,4,3,2,5,5,4,3,5,5,Green Technology,University of Ruhuna,095F,No,Yes
2023,Physical Science,Physics,A,Chemistry,A,Combined Mathematics,A,3.189,567,Colombo,96,A,A,A,A,5,1,5,5,1,1,1,5,5,1,5,4,Computer Science,UCSC,096T,No,Yes
2023,Biological Science,Biology,A,Chemistry,A,Physics,A,3.112,890,Peradeniya,95,A,A,A,A,5,5,1,5,1,1,4,2,5,1,2,4,Medicine,Uva Wellassa University,001U,No,Yes
2023,Arts,Music (Western),A,Art,A,Drama & Theatre (English),B,1.989,4567,Colombo,91,B,A,B,A,2,2,5,3,4,5,2,3,5,5,3,5,Film & Television Studies,University of Kelaniya,100D,Yes,Yes
2023,Commerce,Economics,A,Business Studies,A,Accounting,B,2.489,1890,Colombo,86,A,A,B,A,1,1,2,5,5,2,1,4,5,4,5,4,Accounting Information Systems,University of Kelaniya,127D,No,No
2023,Technology,Bio Systems Technology,A,Science for Technology,A,ICT,B,2.456,2345,Matara,85,A,B,A,B,4,3,3,4,3,2,5,5,4,3,5,5,Green Technology,University of Ruhuna,095F,No,Yes
2023,Physical Science,Physics,A,Chemistry,B,Combined Mathematics,A,2.689,2345,Colombo,93,A,A,A,A,5,1,5,4,1,1,1,5,5,1,5,4,Fashion Design & Product Development,University of Moratuwa,034G,Yes,Yes
2023,Biological Science,Biology,A,Chemistry,A,Physics,B,2.712,2678,Kandy,89,A,A,A,A,4,5,1,4,1,1,3,2,4,1,3,3,Medical Laboratory Sciences,University of Ruhuna,052F,No,Yes
2023,Arts,Physical Education,A,History,B,Political Science,C,1.878,5678,Sabaragamuwa,80,C,C,B,C,3,2,4,2,3,3,5,5,4,5,5,5,Sports Science & Management,Sabaragamuwa University,082L,Yes,Yes
2023,Commerce,Economics,F,Business Studies,C,Accounting,C,-0.987,78901,Colombo,28,F,S,C,F,1,1,2,5,5,2,1,4,5,4,5,4,,,,,No
2023,Technology,Engineering Technology,C,ICT,F,Science for Technology,B,-0.123,67890,Puttalam,43,C,F,B,S,5,1,4,5,2,1,3,5,5,1,4,5,,,,,No
2023,Physical Science,Physics,B,Chemistry,A,Combined Mathematics,A,2.689,3123,Gampaha,92,A,A,A,A,5,1,4,5,2,1,1,5,4,1,4,5,Quantity Surveying,University of Moratuwa,011G,No,Yes
2023,Biological Science,Biology,A,Chemistry,A,Physics,A,3.123,456,Jaffna,97,A,A,A,A,5,5,1,4,1,1,4,2,5,1,2,4,Medicine,South Eastern University,006J,No,Yes
2023,Arts,Drama & Theatre (Sinhala),A,Art,B,Sinhala,A,1.989,3456,Colombo,92,C,B,C,B,1,1,5,1,2,5,4,5,5,5,1,5,Arts (SP) - Performing Arts,Sripalee Campus,041S,Yes,Yes
2023,Commerce,Economics,B,Business Studies,A,Accounting,A,2.489,2345,Galle,85,A,B,A,B,1,1,3,5,5,1,1,4,5,5,5,3,,,,,No
2023,Technology,Bio Systems Technology,A,Science for Technology,A,ICT,A,2.567,1890,Monaragala,90,A,A,A,A,4,3,3,4,3,2,5,5,4,3,5,5,"Hospitality, Tourism and Events Management",Uva Wellassa University,090U,No,Yes
2023,Physical Science,Physics,A,Chemistry,A,Combined Mathematics,A,3.189,567,Colombo,96,A,A,A,A,5,1,5,5,1,1,1,5,5,1,5,4,Computer Science,UCSC,096T,No,Yes
2023,Biological Science,Biology,A,Chemistry,A,Physics,A,3.112,890,Peradeniya,95,A,A,A,A,5,5,1,5,1,1,4,2,5,1,2,4,Medicine,Sabaragamuwa University,001L,No,Yes
2023,Arts,Music (Western),A,Art,A,Drama & Theatre (English),B,1.989,4567,Colombo,91,B,A,B,A,2,2,5,3,4,5,2,3,5,5,3,5,Film & Television Studies,University of Kelaniya,100D,Yes,Yes
,,,,,,,,,,,,,,,,,,,,,,,,,,,,,,,,
2023,Arts,Korean,A,Japanese,A,Chinese,A,1.856,5678,Anuradhapura,78,B,B,C,B,1,1,1,1,1,5,1,1,1,5,2,5,Teaching English as a Second Language (TESL),University of Kelaniya,105D,No,Yes
2023,Physical Science,Physics,A,Chemistry,A,Combined Mathematics,A,3.189,89,Matara,98,A,A,A,A,5,1,5,5,1,1,1,5,5,1,5,4,Engineering,University of Jaffna,008E,No,Yes
2023,Technology,Electrical Electronic & Information Technology,A,Civil Technology,A,Mechanical Technology,A,2.534,1678,Kegalle,90,A,A,A,A,5,1,4,5,2,1,3,5,5,1,4,5,Engineering Technology,University of Kelaniya,102D,No,Yes
2023,Biological Science,Biology,A,Chemistry,A,Agricultural Science,A,3.112,456,Ratnapura,96,A,A,A,A,4,5,1,5,1,1,5,2,5,1,2,4,Agriculture,Rajarata University,004K,No,Yes
2023,Commerce,Economics,F,Accounting,F,Business Statistics,C,-0.987,75678,Nuwara Eliya,25,F,S,C,F,1,1,2,5,5,2,1,4,5,4,5,4,,,,,No
2023,Arts,Drama & Theatre (Tamil),A,Art,A,Music (Carnatic),A,1.978,2345,Jaffna,94,B,A,B,A,1,1,5,1,3,5,4,4,5,5,1,5,Drama & Theatre,Swamy Vipulananda Institute,071Y,Yes,Yes
2023,Physical Science,Physics,B,Chemistry,A,Combined Mathematics,A,2.667,2678,Monaragala,92,A,A,A,A,5,1,4,5,2,1,1,5,4,1,4,5,Computer Science,University of Kelaniya,012D,No,Yes
2023,Technology,Agro Technology,A,Food Technology,A,Bio Resource Technology,A,2.512,1890,Puttalam,90,A,A,A,A,4,3,3,4,3,2,5,5,4,3,5,5,Food Science & Technology,Sabaragamuwa University,035L,No,Yes
2023,Biological Science,Biology,C,Chemistry,F,Physics,S,-0.876,62345,Mullaitivu,30,C,F,S,C,4,5,1,4,1,1,3,2,4,1,3,3,,,,,No
2023,Commerce,Economics,A,Business Studies,A,Accounting,A,2.378,1345,Colombo,89,A,A,A,A,1,1,1,5,5,1,1,4,5,5,5,4,Commerce,South Eastern University,018J,No,Yes
2023,Arts,Hindi,A,Russian,A,German,A,1.856,4567,Batticaloa,78,B,B,C,B,1,1,1,1,1,5,1,1,1,5,2,5,Translation Studies,Sabaragamuwa University,098L,No,Yes
2023,Physical Science,Physics,A,Chemistry,A,Combined Mathematics,A,3.178,234,Kandy,97,A,A,A,A,5,1,5,5,1,1,1,5,5,1,5,4,Management and Information Technology (MIT),University of Kelaniya,027D,No,Yes
2023,Technology,Science for Technology,A,ICT,A,Engineering Technology,A,2.534,1678,Matara,90,A,A,A,A,5,1,4,5,2,1,3,5,5,1,4,5,Information Communication Technology,University of Vavuniya,104R,No,Yes
2023,Biological Science,Biology,A,Chemistry,A,Physics,A,3.089,567,Peradeniya,96,A,A,A,A,5,5,1,5,1,1,4,2,5,1,2,4,Health Promotion,Rajarata University,050K,No,Yes
2023,Arts,Home Economics,A,Communication & Media Studies,A,Geography,A,1.834,5678,Kalutara,77,C,C,B,C,1,1,2,2,2,5,3,1,1,5,4,5,Arts (SP) - Mass Media,Sripalee Campus,020S,Yes,Yes
2023,Commerce,Economics,B,Business Studies,A,Accounting,A,2.345,1890,Matale,86,A,B,A,B,1,1,3,5,5,1,1,4,5,5,5,3,Management,Wayamba University,016M,No,Yes
2023,Physical Science,Physics,F,Chemistry,C,Combined Mathematics,C,-0.876,61234,Hambantota,29,F,S,C,F,5,1,4,5,2,1,1,5,4,1,4,5,,,,,No
2023,Technology,Bio Systems Technology,A,ICT,A,Science for Technology,A,2.567,1890,Matara,90,A,A,A,A,4,3,3,4,3,2,5,5,4,3,5,5,Fisheries & Marine Sciences,University of Ruhuna,062F,No,Yes
2023,Biological Science,Biology,A,Chemistry,A,Physics,A,3.123,890,Jaffna,98,A,A,A,A,5,5,1,4,1,1,4,2,5,1,2,4,Radiography,University of Peradeniya,053B,No,Yes
2023,Arts,Greek & Roman Civilization,A,Christian Civilization,A,Buddhist Civilization,A,1.967,2345,Colombo,93,B,A,B,A,1,1,1,1,1,5,1,1,1,5,2,5,Arts,Rajarata University,019K,No,Yes
2023,Commerce,Economics,F,Business Studies,C,Accounting,F,-0.987,75678,Polonnaruwa,26,F,S,C,F,1,1,2,5,5,2,1,4,5,4,5,4,,,,,No
2023,Physical Science,Physics,A,Chemistry,A,Combined Mathematics,A,3.189,456,Colombo,96,A,A,A,A,5,1,5,5,1,1,1,5,5,1,5,4,Urban Informatics and Planning,University of Moratuwa,030G,No,Yes
2023,Technology,Engineering Technology,A,Science for Technology,A,ICT,A,2.512,1678,Matara,91,A,A,A,A,5,1,4,5,2,1,3,5,5,1,4,5,Engineering Technology,Rajarata University,102K,No,Yes
2023,Biological Science,Biology,A,Chemistry,A,Physics,A,3.112,789,Peradeniya,95,A,A,A,A,5,5,1,5,1,1,4,2,5,1,2,4,Pharmacy,University of Sri Jayewardenepura,051C,No,Yes
2023,Arts,Buddhism,A,Buddhist Civilization,A,History of India,A,1.989,2345,Colombo,95,B,A,B,A,1,1,1,1,1,5,1,1,1,5,2,5,Arts,Eastern University,019H,No,Yes
2023,Commerce,Economics,C,Business Studies,F,Accounting,C,-0.876,67890,Kegalle,29,F,S,C,F,1,1,2,5,5,2,1,4,5,4,5,4,,,,,No
2023,Technology,Engineering Technology,F,ICT,C,Science for Technology,B,-0.345,59876,Puttalam,38,C,F,B,S,5,1,4,5,2,1,3,5,5,1,4,5,,,,,No
2023,Physical Science,Physics,B,Chemistry,A,Combined Mathematics,A,2.667,2678,Gampaha,92,A,A,A,A,5,1,4,5,2,1,1,5,4,1,4,5,Industrial Statistics & Mathematical Finance,University of Colombo,059A,No,Yes
2023,Biological Science,Biology,A,Chemistry,A,Physics,A,3.123,890,Jaffna,98,A,A,A,A,5,5,1,4,1,1,4,2,5,1,2,4,Medical Imaging Technology,University of Colombo,138A,No,Yes
2023,Arts,Islamic Civilization,A,Islam,A,Arabic,A,1.978,2345,Colombo,94,C,B,C,B,1,1,1,1,1,5,1,1,1,5,2,5,Arabic Language,South Eastern University,084J,No,Yes
2023,Commerce,Economics,B,Business Studies,A,Accounting,A,2.456,1890,Galle,84,A,B,A,B,1,1,3,5,5,1,1,4,5,5,5,3,,,,,No
2023,Technology,Bio Systems Technology,A,Science for Technology,A,ICT,A,2.567,1890,Monaragala,90,A,A,A,A,4,3,3,4,3,2,5,5,4,3,5,5,Primary Education,University of Colombo,137A,No,Yes
2023,Physical Science,Physics,A,Chemistry,A,Combined Mathematics,A,3.189,567,Colombo,96,A,A,A,A,5,1,5,5,1,1,1,5,5,1,5,4,Statistics & Operations Research,University of Peradeniya,060B,No,Yes
2023,Biological Science,Biology,A,Chemistry,A,Physics,A,3.112,890,Peradeniya,95,A,A,A,A,5,5,1,5,1,1,4,2,5,1,2,4,Service Management,Gampa ha Wickramarachchi University,140P,No,Yes
2023,Arts,Malay,A,Korean,A,Chinese,A,1.989,4567,Colombo,91,B,A,B,A,1,1,1,1,1,5,1,1,1,5,2,5,Teaching English as a Second Language (TESL),University of Sri Jayewardenepura,105C,No,Yes
2023,Commerce,Economics,A,Business Studies,A,Accounting,B,2.489,1890,Colombo,86,A,A,B,A,1,1,2,5,5,2,1,4,5,4,5,4,Banking and Insurance,University of Vavuniya,133R,No,No
2023,Technology,Bio Systems Technology,A,Science for Technology,A,ICT,B,2.456,2345,Matara,85,A,B,A,B,4,3,3,4,3,2,5,5,4,3,5,5,Indigenous Pharmaceutical Technology,Gampa ha Wickramarachchi University,124P,No,Yes
2023,Physical Science,Physics,A,Chemistry,B,Combined Mathematics,A,2.689,2345,Colombo,93,A,A,A,A,5,1,5,4,1,1,1,5,5,1,5,4,Architecture,University of Moratuwa,023G,Yes,Yes
2023,Biological Science,Biology,A,Chemistry,A,Physics,B,2.712,2678,Kandy,89,A,A,A,A,4,5,1,4,1,1,3,2,4,1,3,3,Yoga and Parapsychology,Gampa ha Wickramarachchi University,125P,No,Yes
2023,Arts,Physical Education,A,History,B,Political Science,C,1.878,5678,Sabaragamuwa,80,C,C,B,C,3,2,4,2,3,3,5,5,4,5,5,5,Sports Science & Management,University of Sri Jayewardenepura,082C,Yes,Yes
2023,Commerce,Economics,F,Business Studies,C,Accounting,C,-0.987,78901,Colombo,28,F,S,C,F,1,1,2,5,5,2,1,4,5,4,5,4,,,,,No
2023,Technology,Engineering Technology,C,ICT,F,Science for Technology,B,-0.123,67890,Puttalam,43,C,F,B,S,5,1,4,5,2,1,3,5,5,1,4,5,,,,,No
2023,Physical Science,Physics,B,Chemistry,A,Combined Mathematics,A,2.689,3123,Gampaha,92,A,A,A,A,5,1,4,5,2,1,1,5,4,1,4,5,Geographical Information Science,University of Peradeniya,111B,No,Yes
2023,Biological Science,Biology,A,Chemistry,A,Physics,A,3.123,456,Jaffna,97,A,A,A,A,5,5,1,4,1,1,4,2,5,1,2,4,Indigenous Medicinal Resources,Gampa ha Wickramarachchi University,120P,No,Yes
2023,Arts,Logic & Scientific Method,A,History of Modern World,A,Communication & Media Studies,A,1.989,3456,Colombo,92,C,B,C,B,1,1,2,2,2,5,3,1,1,5,4,5,Management and Public Policy,University of Sri Jayewardenepura,028C,No,Yes
2023,Commerce,Economics,B,Business Studies,A,Accounting,A,2.489,2345,Galle,85,A,B,A,B,1,1,3,5,5,1,1,4,5,5,5,3,,,,,No
2023,Technology,Bio Systems Technology,A,Science for Technology,A,ICT,A,2.567,1890,Monaragala,90,A,A,A,A,4,3,3,4,3,2,5,5,4,3,5,5,Creative Music Technology and Production,University of Sri Jayewardenepura,134C,No,Yes
2023,Physical Science,Physics,A,Chemistry,A,Combined Mathematics,A,3.189,567,Colombo,96,A,A,A,A,5,1,5,5,1,1,1,5,5,1,5,4,Electronics and Computer Science,University of Kelaniya,119D,No,Yes
2023,Biological Science,Biology,A,Chemistry,A,Physics,A,3.112,890,Peradeniya,95,A,A,A,A,5,5,1,5,1,1,4,2,5,1,2,4,Health Information and Communication Technology,Gampa ha Wickramarachchi University,121P,No,Yes
2023,Arts,Russian,A,Hindi,A,Korean,A,1.989,4567,Colombo,91,B,A,B,A,1,1,1,1,1,5,1,1,1,5,2,5,Teaching English as a Second Language (TESL),University of Kelaniya,105D,No,Yes
,,,,,,,,,,,,,,,,,,,,,,,,,,,,,,,,
2023,Arts,Arabic,A,Islamic Civilization,A,Malay,A,1.834,5678,Mannar,76,B,B,C,B,1,1,1,1,1,5,1,1,1,5,2,5,Arabic Language,South Eastern University,084J,No,Yes
2023,Physical Science,Physics,A,Chemistry,A,Combined Mathematics,A,3.189,89,Kilinochchi,98,A,A,A,A,5,1,5,5,1,1,1,5,5,1,5,4,Engineering,University of Ruhuna,008F,No,Yes
2023,Technology,Mechanical Technology,A,Electrical Electronic & Information Technology,A,Civil Technology,A,2.534,1678,Vavuniya,90,A,A,A,A,5,1,4,5,2,1,3,5,5,1,4,5,Engineering Technology,University of Jaffna,102E,No,Yes
2023,Biological Science,Biology,A,Agricultural Science,A,Chemistry,A,3.112,456,Mullaitivu,96,A,A,A,A,4,5,1,5,1,1,5,2,5,1,2,4,Agriculture,Sabaragamuwa University,004L,No,Yes
2023,Commerce,Economics,F,Accounting,F,Business Studies,C,-0.987,75678,Trincomalee,25,F,S,C,F,1,1,2,5,5,2,1,4,5,4,5,4,,,,,No
2023,Arts,Music (Carnatic),A,Drama & Theatre (Tamil),A,Art,A,1.978,2345,Batticaloa,94,B,A,B,A,1,1,5,1,3,5,4,4,5,5,1,5,Music,Swamy Vipulananda Institute,068Y,Yes,Yes
2023,Physical Science,Physics,B,Chemistry,A,Combined Mathematics,A,2.667,2678,Kegalle,92,A,A,A,A,5,1,4,5,2,1,1,5,4,1,4,5,Computer Science,University of Sri Jayewardenepura,012C,No,Yes
2023,Technology,Agro Technology,A,Bio Resource Technology,A,Food Technology,A,2.512,1890,Matale,90,A,A,A,A,4,3,3,4,3,2,5,5,4,3,5,5,Food Science & Technology,Wayamba University,005M,No,Yes
2023,Biological Science,Biology,C,Chemistry,F,Physics,S,-0.876,62345,Polonnaruwa,30,C,F,S,C,4,5,1,4,1,1,3,2,4,1,3,3,,,,,No
2023,Commerce,Economics,A,Business Studies,A,Accounting,A,2.378,1345,Gampaha,89,A,A,A,A,1,1,1,5,5,1,1,4,5,5,5,4,Commerce,University of Kelaniya,018D,No,Yes
2023,Arts,Korean,A,Chinese,A,Japanese,A,1.856,4567,Mannar,78,B,B,C,B,1,1,1,1,1,5,1,1,1,5,2,5,Translation Studies,University of Kelaniya,098D,No,Yes
2023,Physical Science,Physics,A,Chemistry,A,Combined Mathematics,A,3.178,234,Colombo,97,A,A,A,A,5,1,5,5,1,1,1,5,5,1,5,4,Engineering,University of Peradeniya,008B,No,Yes
2023,Technology,Science for Technology,A,ICT,A,Engineering Technology,A,2.534,1678,Matara,90,A,A,A,A,5,1,4,5,2,1,3,5,5,1,4,5,Information Communication Technology,Eastern University,104H,No,Yes
2023,Biological Science,Biology,A,Chemistry,A,Physics,A,3.089,567,Kandy,96,A,A,A,A,5,5,1,5,1,1,4,2,5,1,2,4,Pharmacy,University of Peradeniya,051B,No,Yes
2023,Arts,History of Europe,A,Greek & Roman Civilization,A,Christian Civilization,A,1.834,5678,Badulla,77,C,C,B,C,1,1,1,1,1,5,1,1,1,5,2,5,Arts,South Eastern University,019J,No,Yes
2023,Commerce,Economics,B,Business Studies,A,Accounting,A,2.345,1890,Kurunegala,86,A,B,A,B,1,1,3,5,5,1,1,4,5,5,5,3,Management,Eastern University,016H,No,Yes
2023,Physical Science,Physics,F,Chemistry,C,Combined Mathematics,C,-0.876,61234,Puttalam,29,F,S,C,F,5,1,4,5,2,1,1,5,4,1,4,5,,,,,No
2023,Technology,Bio Systems Technology,A,ICT,A,Science for Technology,A,2.567,1890,Matara,90,A,A,A,A,4,3,3,4,3,2,5,5,4,3,5,5,Agribusiness Management,University of Ruhuna,094F,No,Yes
2023,Biological Science,Biology,A,Chemistry,A,Physics,A,3.123,890,Peradeniya,98,A,A,A,A,5,5,1,4,1,1,4,2,5,1,2,4,Pharmacy,University of Jaffna,051E,No,Yes
2023,Arts,Hindu Civilization,A,Hinduism,A,History of India,A,1.967,2345,Colombo,93,B,A,B,A,1,1,1,1,1,5,1,1,1,5,2,5,Arts,University of Jaffna,019E,No,Yes
2023,Commerce,Economics,F,Business Studies,C,Accounting,F,-0.987,75678,Polonnaruwa,26,F,S,C,F,1,1,2,5,5,2,1,4,5,4,5,4,,,,,No
2023,Physical Science,Physics,A,Chemistry,A,Combined Mathematics,A,3.189,456,Colombo,96,A,A,A,A,5,1,5,5,1,1,1,5,5,1,5,4,Engineering (EM),University of Moratuwa,009G,No,Yes
2023,Technology,Engineering Technology,A,Science for Technology,A,ICT,A,2.512,1678,Matara,91,A,A,A,A,5,1,4,5,2,1,3,5,5,1,4,5,Engineering Technology,South Eastern University,008J,No,Yes
2023,Biological Science,Biology,A,Chemistry,A,Physics,A,3.112,789,Jaffna,95,A,A,A,A,5,5,1,5,1,1,4,2,5,1,2,4,Medical Laboratory Sciences,University of Peradeniya,052B,No,Yes
2023,Arts,Buddhist Civilization,A,Buddhism,A,History of Modern World,A,1.989,2345,Colombo,95,B,A,B,A,1,1,1,1,1,5,1,1,1,5,2,5,Peace and Conflict Resolution,University of Kelaniya,031D,No,Yes
2023,Commerce,Economics,C,Business Studies,F,Accounting,C,-0.876,67890,Kegalle,29,F,S,C,F,1,1,2,5,5,2,1,4,5,4,5,4,,,,,No
2023,Technology,Engineering Technology,F,ICT,C,Science for Technology,B,-0.345,59876,Puttalam,38,C,F,B,S,5,1,4,5,2,1,3,5,5,1,4,5,,,,,No
2023,Physical Science,Physics,B,Chemistry,A,Combined Mathematics,A,2.667,2678,Gampaha,92,A,A,A,A,5,1,4,5,2,1,1,5,4,1,4,5,Surveying Science,Sabaragamuwa University,014L,No,Yes
2023,Biological Science,Biology,A,Chemistry,A,Physics,A,3.123,890,Peradeniya,98,A,A,A,A,5,5,1,4,1,1,4,2,5,1,2,4,Nursing,University of Ruhuna,037F,No,Yes
2023,Arts,Christianity,A,Christian Civilization,A,History of Europe,A,1.978,2345,Colombo,94,C,B,C,B,1,1,1,1,1,5,1,1,1,5,2,5,Arts,University of Kelaniya,019D,No,Yes
2023,Commerce,Economics,B,Business Studies,A,Accounting,A,2.456,1890,Galle,84,A,B,A,B,1,1,3,5,5,1,1,4,5,5,5,3,,,,,No
2023,Technology,Bio Systems Technology,A,Science for Technology,A,ICT,A,2.567,1890,Monaragala,90,A,A,A,A,4,3,3,4,3,2,5,5,4,3,5,5,Entrepreneurship and Management,Uva Wellassa University,066U,No,Yes
2023,Physical Science,Physics,A,Chemistry,A,Combined Mathematics,A,3.189,567,Colombo,96,A,A,A,A,5,1,5,5,1,1,1,5,5,1,5,4,Computer Science & Technology,Uva Wellassa University,065U,No,Yes
2023,Biological Science,Biology,A,Chemistry,A,Physics,A,3.112,890,Kandy,95,A,A,A,A,5,5,1,5,1,1,4,2,5,1,2,4,Nursing,University of Jaffna,037E,No,Yes
2023,Arts,Hindi,A,French,A,German,A,1.989,4567,Colombo,91,B,A,B,A,1,1,1,1,1,5,1,1,1,5,2,5,Translation Studies,University of Jaffna,098E,No,Yes
2023,Commerce,Economics,A,Business Studies,A,Accounting,B,2.489,1890,Colombo,86,A,A,B,A,1,1,2,5,5,2,1,4,5,4,5,4,Real Estate Management and Valuation,University of Sri Jayewardenepura,017C,No,No
2023,Technology,Bio Systems Technology,A,Science for Technology,A,ICT,B,2.456,2345,Matara,85,A,B,A,B,4,3,3,4,3,2,5,5,4,3,5,5,Science and Technology,Uva Wellassa University,064U,No,Yes
2023,Physical Science,Physics,A,Chemistry,B,Combined Mathematics,A,2.689,2345,Colombo,93,A,A,A,A,5,1,5,4,1,1,1,5,5,1,5,4,Landscape Architecture,University of Moratuwa,097G,Yes,Yes
2023,Biological Science,Biology,A,Chemistry,A,Physics,B,2.712,2678,Peradeniya,89,A,A,A,A,4,5,1,4,1,1,3,2,4,1,3,3,Biochemistry & Molecular Biology,University of Colombo,058A,No,Yes
2023,Arts,Physical Education,A,History,B,Political Science,C,1.878,5678,Sabaragamuwa,80,C,C,B,C,3,2,4,2,3,3,5,5,4,5,5,5,Sports Science & Management,University of Kelaniya,082D,Yes,Yes
2023,Commerce,Economics,F,Business Studies,C,Accounting,C,-0.987,78901,Colombo,28,F,S,C,F,1,1,2,5,5,2,1,4,5,4,5,4,,,,,No
2023,Technology,Engineering Technology,C,ICT,F,Science for Technology,B,-0.123,67890,Puttalam,43,C,F,B,S,5,1,4,5,2,1,3,5,5,1,4,5,,,,,No
2023,Physical Science,Physics,B,Chemistry,A,Combined Mathematics,A,2.689,3123,Gampaha,92,A,A,A,A,5,1,4,5,2,1,1,5,4,1,4,5,Applied Sciences (Physical Sc.),Wayamba University,015M,No,Yes
2023,Biological Science,Biology,A,Chemistry,A,Physics,A,3.123,456,Peradeniya,97,A,A,A,A,5,5,1,4,1,1,4,2,5,1,2,4,Applied Sciences (Biological Sc.),University of Vavuniya,007R,No,Yes
2023,Arts,Logic & Scientific Method,A,History of India,A,Communication & Media Studies,A,1.989,3456,Colombo,92,C,B,C,B,1,1,2,2,2,5,3,1,1,5,4,5,Management Studies (TV),University of Vavuniya,022R,No,Yes
2023,Commerce,Economics,B,Business Studies,A,Accounting,A,2.489,2345,Galle,85,A,B,A,B,1,1,3,5,5,1,1,4,5,5,5,3,,,,,No
2023,Technology,Bio Systems Technology,A,Science for Technology,A,ICT,A,2.567,1890,Monaragala,90,A,A,A,A,4,3,3,4,3,2,5,5,4,3,5,5,Mineral Resources and Technology,Uva Wellassa University,076U,No,Yes
2023,Physical Science,Physics,A,Chemistry,A,Combined Mathematics,A,3.189,567,Colombo,96,A,A,A,A,5,1,5,5,1,1,1,5,5,1,5,4,Export Agriculture,Uva Wellassa University,073U,No,Yes
2023,Biological Science,Biology,A,Chemistry,A,Physics,A,3.112,890,Kandy,95,A,A,A,A,5,5,1,5,1,1,4,2,5,1,2,4,Animal Science & Fisheries,University of Peradeniya,086B,No,Yes
2023,Arts,Russian,A,Hindi,A,Korean,A,1.989,4567,Colombo,91,B,A,B,A,1,1,1,1,1,5,1,1,1,5,2,5,Teaching English as a Second Language (TESL),Sabaragamuwa University,105L,No,Yes
,,,,,,,,,,,,,,,,,,,,,,,,,,,,,,,,
,,,,,,,,,,,,,,,,,,,,,,,,,,,,,,,,
2023,Physical Science,Combined Mathematics,A,Physics,A,Chemistry,B,2.981,214,Colombo,73,A,B,A,A,5,2,1,5,2,1,2,3,5,2,4,3,ENGINEERING,UNIVERSITY OF MORATUWA,008G,No,Yes
2023,Biological Science,Biology,A,Chemistry,A,Physics,B,2.744,391,Gampaha,71,B,B,B,A,4,5,1,3,2,1,4,3,4,3,3,2,MEDICINE,UNIVERSITY OF COLOMBO,001A,No,Yes
2023,Commerce,Accounting,A,Business Studies,B,Business Statistics,B,1.876,2143,Kurunegala,66,A,B,B,C,2,1,1,2,5,2,2,3,3,4,4,3,MANAGEMENT,UNIVERSITY OF SRI JAYEWARDENEPURA,016C,No,Yes
2023,Arts,Economics,A,Political Science,B,History of Modern World,B,1.322,3865,Kandy,62,A,C,C,C,1,1,2,1,3,4,1,2,2,4,2,3,ARTS,UNIVERSITY OF PERADENIYA,019B,No,Yes
2023,Technology,Engineering Technology,A,ICT,B,Science for Technology,B,1.984,1722,Matara,69,B,B,C,B,4,2,2,4,3,1,3,5,4,2,3,4,ENGINEERING TECHNOLOGY (ET),UNIVERSITY OF RUHUNA,102F,No,Yes
2023,Arts,Oriental Music,A,Drama & Theatre (Tamil),A,Dancing (Bharatha),B,1.115,4123,Batticaloa,58,B,C,C,B,1,1,5,1,1,5,2,3,2,4,1,3,MUSIC,SWAMY VIPULANANDA INSTITUTE OF AESTHETIC STUDIES,068Y,Yes,Yes
2023,Arts,Art,A,Western Music,B,Drama & Theatre (English),B,1.042,4387,Kalutara,60,A,C,C,B,1,1,5,1,1,5,1,3,3,4,2,4,VISUAL ARTS,UNIVERSITY OF THE VISUAL & PERFORMING ARTS,085Z,Yes,Yes
2023,Physical Science,Combined Mathematics,C,Physics,C,Chemistry,S,0.214,11234,Monaragala,54,B,D,D,D,2,1,1,1,2,1,2,2,1,1,1,2,,,,No,No
2023,Biological Science,Biology,C,Chemistry,S,Physics,F,-0.432,18221,Mullaitivu,49,C,D,D,D,1,2,1,1,1,1,2,1,1,2,1,1,,,,No,No
2023,Commerce,Accounting,C,Business Studies,S,Business Statistics,F,-0.287,16432,Puttalam,51,C,D,D,D,1,1,1,1,2,1,1,1,1,1,1,2,,,,No,No
2023,Technology,Bio Systems Technology,A,Agro Technology,B,ICT,B,1.652,2681,Anuradhapura,67,B,B,C,B,3,2,2,3,3,1,4,5,4,2,2,4,BIOSYSTEMS TECHNOLOGY (BST),SABARAGAMUWA UNIVERSITY OF SRI LANKA,136L,No,Yes
2023,Arts,Physical Education,A,Biology,C,General English,B,0.998,5124,Polonnaruwa,61,A,C,C,B,1,2,2,1,1,3,3,5,2,3,2,3,SPORTS SCIENCE & MANAGEMENT,UNIVERSITY OF KELANIYA,082D,Yes,Yes
2023,Physical Science,Combined Mathematics,A,Physics,B,Chemistry,C,1.998,1654,Matale,70,B,B,B,B,4,2,1,4,3,1,2,3,4,2,3,3,PHYSICAL SCIENCE,UNIVERSITY OF PERADENIYA,013B,No,Yes
2023,Technology,ICT,A,Engineering Technology,B,Science for Technology,B,2.112,1422,Jaffna,72,A,B,B,B,5,2,2,5,3,1,2,4,5,2,4,4,INFORMATION TECHNOLOGY (IT),UNIVERSITY OF MORATUWA,026G,No,Yes
2023,Arts,Communication & Media Studies,A,Logic & Scientific Method,B,Economics,C,1.204,3981,Galle,63,A,C,C,B,1,1,3,2,2,4,1,2,3,4,2,4,FILM & TELEVISION STUDIES,UNIVERSITY OF KELANIYA,100D,Yes,Yes
2023,Biological Science,Biology,A,Chemistry,B,Physics,C,2.115,1344,Ampara,71,B,B,B,B,4,4,1,3,2,1,4,3,4,3,3,3,PHARMACY,UNIVERSITY OF RUHUNA,051F,No,Yes
,,,,,,,,,,,,,,,,,,,,,,,,,,,,,,,,
2023,Physical Science,Combined Mathematics,A,Physics,B,Chemistry,B,2.105,17970,Gampaha,63,S,A,A,A,2,2,5,5,1,5,2,5,4,2,4,5,MUSIC,UNIVERSITY OF THE VISUAL & PERFORMING ARTS,068Z,Yes,Yes
2023,Commerce,Accounting,F,Business Studies,A,Business Statistics,F,1.944,9205,Kandy,51,C,A,A,S,1,3,3,5,3,1,4,5,1,4,1,5,MANAGEMENT,UNIVERSITY OF SRI JAYEWARDENEPURA,016C,No,Yes
2023,Commerce,Accounting,F,Business Studies,S,Business Statistics,F,1.437,2379,Colombo,66,B,C,A,B,1,4,3,4,3,2,3,3,2,3,1,5,MUSIC,UNIVERSITY OF THE VISUAL & PERFORMING ARTS,068Z,Yes,Yes
2023,Biological Science,Biology,C,Chemistry,B,Physics,C,0.147,18350,Kurunegala,66,C,A,B,A,3,4,3,1,2,5,3,2,4,4,4,2,,,,No,No
2023,Commerce,Accounting,A,Business Studies,S,Business Statistics,C,2.15,19221,Jaffna,56,B,B,F,S,1,1,1,2,2,4,5,1,4,4,5,4,ARTS,UNIVERSITY OF PERADENIYA,019B,No,Yes
2023,Technology,Engineering Technology,B,ICT,C,Science for Technology,F,1.87,17695,Badulla,53,C,A,C,S,2,4,1,3,5,2,5,1,3,5,5,2,ENGINEERING,UNIVERSITY OF MORATUWA,008G,No,Yes
2023,Biological Science,Biology,B,Chemistry,A,Physics,F,2.886,19726,Matara,60,A,A,C,C,2,1,2,5,1,1,4,1,5,2,2,4,ENGINEERING,UNIVERSITY OF MORATUWA,008G,No,Yes
2023,Technology,Engineering Technology,A,ICT,C,Science for Technology,S,3.062,6691,Monaragala,54,S,C,S,F,4,1,2,2,1,3,1,5,5,2,5,2,ENGINEERING TECHNOLOGY (ET),UNIVERSITY OF RUHUNA,102F,No,Yes
2023,Physical Science,Combined Mathematics,A,Physics,S,Chemistry,B,2.815,10927,Gampaha,61,B,C,S,B,5,2,5,5,4,2,4,4,2,1,1,4,SPORTS SCIENCE & MANAGEMENT,UNIVERSITY OF KELANIYA,082D,Yes,Yes
2023,Commerce,Accounting,C,Business Studies,C,Business Statistics,S,1.84,3324,Colombo,57,C,A,B,B,2,5,4,2,4,2,3,4,2,1,4,5,MUSIC,UNIVERSITY OF THE VISUAL & PERFORMING ARTS,068Z,Yes,Yes
2023,Physical Science,Combined Mathematics,A,Physics,F,Chemistry,F,3.082,7845,Kandy,58,S,S,B,S,1,2,4,1,4,3,4,3,4,5,4,2,SPORTS SCIENCE & MANAGEMENT,UNIVERSITY OF KELANIYA,082D,Yes,Yes
2023,Biological Science,Biology,B,Chemistry,F,Physics,C,1.29,10376,Colombo,46,F,S,F,F,2,1,5,1,2,1,5,1,2,4,1,5,MUSIC,UNIVERSITY OF THE VISUAL & PERFORMING ARTS,068Z,Yes,Yes
2023,Biological Science,Biology,C,Chemistry,A,Physics,A,1.773,17230,Matara,74,C,B,C,B,3,4,2,3,4,3,1,1,4,5,5,1,ENGINEERING TECHNOLOGY (ET),UNIVERSITY OF RUHUNA,102F,No,Yes
2023,Physical Science,Combined Mathematics,C,Physics,C,Chemistry,A,0.478,8104,Matara,54,B,S,F,C,5,5,1,5,3,1,2,3,1,1,5,2,ENGINEERING,UNIVERSITY OF MORATUWA,008G,No,Yes
2023,Commerce,Accounting,B,Business Studies,B,Business Statistics,B,1.9,8750,Ampara,60,C,A,A,S,3,1,1,3,2,3,2,4,5,4,5,1,SPORTS SCIENCE & MANAGEMENT,UNIVERSITY OF KELANIYA,082D,Yes,Yes
2023,Physical Science,Combined Mathematics,A,Physics,F,Chemistry,F,1.304,12198,Anuradhapura,62,B,S,B,A,3,3,1,3,2,2,1,3,5,4,5,2,SPORTS SCIENCE & MANAGEMENT,UNIVERSITY OF KELANIYA,082D,Yes,Yes
2023,Biological Science,Biology,F,Chemistry,F,Physics,F,2.714,5977,Monaragala,74,C,S,B,C,2,1,4,1,4,2,2,4,3,3,2,2,ENGINEERING,UNIVERSITY OF MORATUWA,008G,No,Yes
2023,Physical Science,Combined Mathematics,S,Physics,B,Chemistry,B,-0.696,9246,Matara,65,F,S,F,C,1,1,3,2,5,3,1,1,5,4,3,3,,,,No,No
2023,Arts,Economics,S,Political Science,C,History of Modern World,B,1.434,1554,Monaragala,58,A,F,F,B,3,4,1,3,5,3,1,3,5,3,4,3,MANAGEMENT,UNIVERSITY OF SRI JAYEWARDENEPURA,016C,No,Yes
2023,Arts,Economics,S,Political Science,C,History of Modern World,A,1.805,5802,Anuradhapura,63,C,S,F,A,3,3,2,4,5,5,3,4,4,4,2,5,ARTS,UNIVERSITY OF PERADENIYA,019B,No,Yes
2023,Arts,Economics,S,Political Science,F,History of Modern World,S,1.78,16990,Polonnaruwa,65,F,C,A,B,3,2,2,2,1,1,2,4,5,1,4,4,MANAGEMENT,UNIVERSITY OF SRI JAYEWARDENEPURA,016C,No,Yes
2023,Technology,Engineering Technology,A,ICT,S,Science for Technology,C,0.037,281,Kegalle,69,A,S,B,B,5,4,1,5,2,1,4,2,4,5,5,5,,,,No,No
2023,Commerce,Accounting,F,Business Studies,F,Business Statistics,S,2.033,14083,Ratnapura,74,F,S,B,S,4,3,2,3,5,4,2,3,4,1,3,2,ENGINEERING TECHNOLOGY (ET),UNIVERSITY OF RUHUNA,102F,No,Yes
2023,Commerce,Accounting,B,Business Studies,F,Business Statistics,A,-0.354,12651,Monaragala,49,B,A,S,S,3,5,4,4,1,2,4,4,5,1,5,4,,,,No,No
2023,Arts,Economics,A,Political Science,B,History of Modern World,S,2.597,13830,Ampara,68,F,F,B,S,2,3,4,4,1,4,3,4,2,4,2,5,SPORTS SCIENCE & MANAGEMENT,UNIVERSITY OF KELANIYA,082D,Yes,Yes
2023,Technology,Engineering Technology,A,ICT,B,Science for Technology,C,-0.873,14144,Kandy,72,S,B,A,C,4,3,2,4,3,3,4,3,4,3,1,4,,,,No,No
2023,Physical Science,Combined Mathematics,S,Physics,A,Chemistry,F,-0.045,2348,Badulla,75,A,A,B,B,1,5,2,2,2,4,1,5,2,4,3,3,,,,No,No
2023,Biological Science,Biology,S,Chemistry,F,Physics,S,2.279,10292,Gampaha,63,A,C,F,S,4,2,1,5,2,1,3,5,1,5,1,3,MEDICINE,UNIVERSITY OF COLOMBO,001A,No,Yes
2023,Technology,Engineering Technology,C,ICT,B,Science for Technology,C,0.446,13864,Ratnapura,60,A,S,C,S,2,4,2,5,3,5,5,4,4,4,5,3,SPORTS SCIENCE & MANAGEMENT,UNIVERSITY OF KELANIYA,082D,Yes,Yes
2023,Commerce,Accounting,F,Business Studies,F,Business Statistics,A,2.715,15327,Anuradhapura,64,S,C,A,S,3,2,4,2,3,3,3,3,5,3,5,1,MEDICINE,UNIVERSITY OF COLOMBO,001A,No,Yes
2023,Technology,Engineering Technology,F,ICT,A,Science for Technology,S,1.065,7974,Monaragala,60,S,S,A,A,3,2,4,2,3,5,3,4,5,5,3,4,SPORTS SCIENCE & MANAGEMENT,UNIVERSITY OF KELANIYA,082D,Yes,Yes
2023,Technology,Engineering Technology,B,ICT,S,Science for Technology,B,0.069,4053,Monaragala,51,C,A,F,B,2,2,4,3,5,5,5,3,1,2,3,2,,,,No,No
2023,Commerce,Accounting,A,Business Studies,A,Business Statistics,C,0.165,1886,Ampara,54,B,S,A,A,5,3,4,4,4,3,2,1,3,4,1,1,,,,No,No
2023,Arts,Economics,C,Political Science,C,History of Modern World,S,-0.35,18543,Galle,47,B,A,F,S,5,5,5,2,5,4,4,4,3,5,4,3,,,,No,No
2023,Technology,Engineering Technology,S,ICT,S,Science for Technology,S,2.992,7014,Galle,66,A,B,B,B,5,1,2,1,4,4,5,4,3,1,2,3,MEDICINE,UNIVERSITY OF COLOMBO,001A,No,Yes
2023,Commerce,Accounting,S,Business Studies,C,Business Statistics,S,2.893,19426,Polonnaruwa,70,B,S,A,F,2,2,3,2,1,1,2,3,5,5,3,4,SPORTS SCIENCE & MANAGEMENT,UNIVERSITY OF KELANIYA,082D,Yes,Yes
2023,Physical Science,Combined Mathematics,C,Physics,B,Chemistry,C,0.156,17794,Batticaloa,59,A,F,A,S,3,5,3,1,1,2,5,5,1,3,5,1,,,,No,No
2023,Biological Science,Biology,C,Chemistry,S,Physics,F,-0.225,19280,Jaffna,65,S,A,S,C,4,3,3,1,2,3,4,4,3,4,5,1,,,,No,No
2023,Arts,Economics,A,Political Science,B,History of Modern World,A,2.257,16962,Ratnapura,45,F,S,S,A,2,5,3,5,4,4,1,2,3,5,2,3,SPORTS SCIENCE & MANAGEMENT,UNIVERSITY OF KELANIYA,082D,Yes,Yes
2023,Arts,Economics,F,Political Science,C,History of Modern World,A,1.658,7941,Monaragala,50,C,F,A,F,4,1,2,1,4,1,2,4,3,5,3,4,SPORTS SCIENCE & MANAGEMENT,UNIVERSITY OF KELANIYA,082D,Yes,Yes
2023,Arts,Economics,F,Political Science,B,History of Modern World,C,0.624,16754,Monaragala,73,B,A,C,S,3,5,3,1,3,3,5,5,4,2,4,5,ENGINEERING TECHNOLOGY (ET),UNIVERSITY OF RUHUNA,102F,No,Yes
2023,Arts,Economics,B,Political Science,C,History of Modern World,C,0.925,6281,Monaragala,52,F,S,B,S,1,3,4,4,4,2,4,1,2,5,5,3,MANAGEMENT,UNIVERSITY OF SRI JAYEWARDENEPURA,016C,No,Yes
2023,Physical Science,Combined Mathematics,F,Physics,C,Chemistry,C,0.932,4823,Jaffna,72,B,A,S,C,3,5,4,1,3,5,4,3,4,5,1,5,MUSIC,UNIVERSITY OF THE VISUAL & PERFORMING ARTS,068Z,Yes,Yes
2023,Physical Science,Combined Mathematics,B,Physics,S,Chemistry,B,-0.032,3061,Jaffna,48,A,S,B,C,1,1,3,1,3,3,3,4,2,2,5,4,,,,No,No
2023,Technology,Engineering Technology,S,ICT,A,Science for Technology,A,1.572,7991,Batticaloa,74,F,B,B,S,3,4,3,1,4,3,5,2,1,4,3,5,ARTS,UNIVERSITY OF PERADENIYA,019B,No,Yes
2023,Commerce,Accounting,S,Business Studies,C,Business Statistics,B,2.562,12705,Ratnapura,60,A,B,S,F,3,5,3,3,1,4,3,1,5,1,5,4,MEDICINE,UNIVERSITY OF COLOMBO,001A,No,Yes
2023,Commerce,Accounting,S,Business Studies,B,Business Statistics,F,-0.067,6330,Anuradhapura,53,B,A,A,C,4,1,5,3,2,1,3,3,4,2,2,2,,,,No,No
2023,Technology,Engineering Technology,F,ICT,B,Science for Technology,C,0.157,5491,Galle,74,S,C,C,A,4,1,2,2,4,5,3,1,4,1,3,5,,,,No,No
2023,Physical Science,Combined Mathematics,C,Physics,S,Chemistry,S,1.468,12272,Gampaha,66,B,S,A,F,5,3,5,2,1,4,3,4,1,2,1,1,SPORTS SCIENCE & MANAGEMENT,UNIVERSITY OF KELANIYA,082D,Yes,Yes
2023,Commerce,Accounting,F,Business Studies,A,Business Statistics,B,1.27,14964,Matara,66,F,S,F,B,4,1,4,5,4,3,1,3,2,4,4,2,ARTS,UNIVERSITY OF PERADENIYA,019B,No,Yes
2023,Commerce,Accounting,A,Business Studies,S,Business Statistics,C,3.119,2084,Jaffna,53,B,A,S,A,2,5,1,1,3,2,2,5,2,1,5,2,MANAGEMENT,UNIVERSITY OF SRI JAYEWARDENEPURA,016C,No,Yes
2023,Technology,Engineering Technology,B,ICT,F,Science for Technology,B,-0.367,19629,Colombo,53,B,B,F,C,2,1,1,2,1,3,2,5,3,1,2,3,,,,No,No
2023,Physical Science,Combined Mathematics,A,Physics,C,Chemistry,A,-0.72,14789,Badulla,56,F,F,A,S,5,2,5,1,5,3,4,1,1,4,4,4,,,,No,No
2023,Physical Science,Combined Mathematics,C,Physics,F,Chemistry,A,-0.648,4960,Gampaha,49,C,F,F,F,3,4,5,5,3,4,5,5,4,1,1,5,,,,No,No
2023,Biological Science,Biology,C,Chemistry,F,Physics,C,2.487,13731,Monaragala,48,C,S,C,C,3,2,4,1,1,1,1,4,1,3,2,5,ARTS,UNIVERSITY OF PERADENIYA,019B,No,Yes
2023,Physical Science,Combined Mathematics,C,Physics,C,Chemistry,B,-0.474,11686,Ratnapura,66,S,A,C,F,3,3,1,5,5,2,2,4,2,1,3,5,,,,No,No
2023,Commerce,Accounting,A,Business Studies,B,Business Statistics,B,0.815,18343,Colombo,64,C,A,B,C,3,3,3,1,2,2,5,4,1,2,1,1,ENGINEERING TECHNOLOGY (ET),UNIVERSITY OF RUHUNA,102F,No,Yes
2023,Technology,Engineering Technology,B,ICT,C,Science for Technology,B,0.567,10729,Badulla,75,F,F,A,A,2,2,5,1,1,3,4,4,4,5,4,4,MUSIC,UNIVERSITY OF THE VISUAL & PERFORMING ARTS,068Z,Yes,Yes
2023,Commerce,Accounting,B,Business Studies,C,Business Statistics,B,-0.521,19535,Batticaloa,61,C,A,B,S,5,1,1,2,3,2,2,3,3,3,1,1,,,,No,No
2023,Arts,Economics,S,Political Science,A,History of Modern World,B,1.968,18408,Ratnapura,66,C,A,S,A,4,1,4,1,3,5,4,5,4,4,3,1,ENGINEERING TECHNOLOGY (ET),UNIVERSITY OF RUHUNA,102F,No,Yes
2023,Arts,Economics,A,Political Science,B,History of Modern World,F,1.609,11957,Gampaha,58,A,B,S,F,4,5,1,4,3,3,2,3,2,1,5,1,SPORTS SCIENCE & MANAGEMENT,UNIVERSITY OF KELANIYA,082D,Yes,Yes
2023,Technology,Engineering Technology,C,ICT,F,Science for Technology,B,2.067,4939,Kurunegala,48,B,C,B,B,5,2,1,2,4,4,5,5,4,5,5,3,SPORTS SCIENCE & MANAGEMENT,UNIVERSITY OF KELANIYA,082D,Yes,Yes
2023,Commerce,Accounting,A,Business Studies,A,Business Statistics,C,0.285,9100,Anuradhapura,46,C,F,A,C,4,4,1,1,3,3,1,1,5,5,5,4,,,,No,No
2023,Arts,Economics,C,Political Science,F,History of Modern World,S,-0.815,18832,Polonnaruwa,51,C,F,S,F,2,1,4,1,3,1,5,2,1,2,4,4,,,,No,No
2023,Technology,Engineering Technology,C,ICT,A,Science for Technology,B,0.201,13494,Badulla,55,F,A,C,A,3,1,5,4,3,3,5,2,3,1,5,2,,,,No,No
2023,Commerce,Accounting,B,Business Studies,S,Business Statistics,S,-0.446,2876,Galle,62,S,C,B,F,1,4,5,3,1,3,3,2,2,3,4,2,,,,No,No
2023,Biological Science,Biology,F,Chemistry,A,Physics,B,2.322,17787,Ratnapura,68,F,A,C,F,2,5,4,2,2,2,5,2,4,1,4,3,ENGINEERING TECHNOLOGY (ET),UNIVERSITY OF RUHUNA,102F,No,Yes
2023,Biological Science,Biology,F,Chemistry,S,Physics,S,2.304,17598,Kurunegala,54,S,B,C,F,4,4,3,4,5,5,4,2,2,5,2,3,MEDICINE,UNIVERSITY OF COLOMBO,001A,No,Yes
2023,Physical Science,Combined Mathematics,S,Physics,F,Chemistry,C,-0.556,17005,Ratnapura,48,C,A,B,C,4,5,2,4,1,2,4,3,1,4,1,4,,,,No,No
2023,Technology,Engineering Technology,B,ICT,B,Science for Technology,A,-0.044,10542,Kegalle,48,C,B,B,A,3,4,2,4,4,5,1,1,1,3,2,2,,,,No,No
2023,Technology,Engineering Technology,F,ICT,S,Science for Technology,C,2.272,9968,Gampaha,46,B,S,F,S,1,1,4,5,5,1,5,5,2,2,3,4,MEDICINE,UNIVERSITY OF COLOMBO,001A,No,Yes
2023,Physical Science,Combined Mathematics,S,Physics,B,Chemistry,C,1.803,17253,Matara,47,F,F,F,F,5,1,4,4,1,4,3,3,1,3,1,3,ENGINEERING,UNIVERSITY OF MORATUWA,008G,No,Yes
2023,Biological Science,Biology,S,Chemistry,S,Physics,S,2.1,4471,Colombo,56,F,C,B,S,4,2,2,1,4,1,3,2,1,2,1,3,MANAGEMENT,UNIVERSITY OF SRI JAYEWARDENEPURA,016C,No,Yes
2023,Commerce,Accounting,C,Business Studies,F,Business Statistics,C,0.077,6362,Galle,56,A,C,C,A,3,4,4,4,4,3,2,4,4,3,5,3,,,,No,No
2023,Physical Science,Combined Mathematics,S,Physics,A,Chemistry,S,2.466,9726,Matara,48,A,C,C,C,4,5,4,2,4,3,4,1,3,5,4,3,ENGINEERING TECHNOLOGY (ET),UNIVERSITY OF RUHUNA,102F,No,Yes
2023,Physical Science,Combined Mathematics,A,Physics,S,Chemistry,B,2.377,5342,Colombo,49,F,S,A,B,1,2,3,3,4,5,1,5,2,4,3,3,MUSIC,UNIVERSITY OF THE VISUAL & PERFORMING ARTS,068Z,Yes,Yes
2023,Arts,Economics,S,Political Science,C,History of Modern World,C,0.684,9232,Kurunegala,75,A,A,B,S,5,4,5,1,3,3,4,2,5,3,4,2,MUSIC,UNIVERSITY OF THE VISUAL & PERFORMING ARTS,068Z,Yes,Yes
2023,Physical Science,Combined Mathematics,A,Physics,A,Chemistry,A,2.008,10572,Polonnaruwa,56,A,F,F,C,3,2,2,3,5,2,1,2,2,2,4,1,ENGINEERING,UNIVERSITY OF MORATUWA,008G,No,Yes
2023,Commerce,Accounting,C,Business Studies,B,Business Statistics,F,1.329,2925,Gampaha,54,S,S,F,S,4,5,1,2,3,1,4,4,5,3,2,5,ENGINEERING TECHNOLOGY (ET),UNIVERSITY OF RUHUNA,102F,No,Yes
2023,Technology,Engineering Technology,A,ICT,F,Science for Technology,C,2.837,4168,Ampara,49,C,B,B,C,2,3,5,3,1,3,2,5,3,2,3,5,ENGINEERING,UNIVERSITY OF MORATUWA,008G,No,Yes
2023,Technology,Engineering Technology,A,ICT,S,Science for Technology,C,1.451,19929,Matara,71,F,A,A,A,1,5,3,2,5,4,5,1,4,5,3,3,MEDICINE,UNIVERSITY OF COLOMBO,001A,No,Yes
2023,Arts,Economics,B,Political Science,F,History of Modern World,C,0.917,2063,Kandy,59,S,S,S,B,3,5,2,3,3,3,4,2,3,5,5,1,MUSIC,UNIVERSITY OF THE VISUAL & PERFORMING ARTS,068Z,Yes,Yes
2023,Commerce,Accounting,B,Business Studies,A,Business Statistics,C,-0.395,1758,Galle,75,S,F,S,B,2,3,5,3,2,2,4,5,4,4,3,4,,,,No,No
2023,Physical Science,Combined Mathematics,A,Physics,B,Chemistry,C,0.024,19215,Matara,46,A,C,S,F,4,3,5,1,1,4,2,3,3,4,3,1,,,,No,No
2023,Arts,Economics,A,Political Science,C,History of Modern World,B,0.225,12759,Ampara,59,F,C,F,F,1,2,1,4,3,3,5,3,2,2,5,5,,,,No,No
2023,Arts,Economics,C,Political Science,A,History of Modern World,A,0.411,17117,Batticaloa,49,F,F,B,C,5,3,2,4,5,3,5,3,5,5,5,4,ARTS,UNIVERSITY OF PERADENIYA,019B,No,Yes
2023,Technology,Engineering Technology,B,ICT,F,Science for Technology,B,1.842,19226,Galle,70,A,F,S,C,5,5,2,1,5,4,2,5,5,4,2,2,ARTS,UNIVERSITY OF PERADENIYA,019B,No,Yes
2023,Physical Science,Combined Mathematics,C,Physics,S,Chemistry,A,0.865,5062,Jaffna,67,B,S,F,F,4,1,2,5,2,5,3,4,5,4,3,2,ARTS,UNIVERSITY OF PERADENIYA,019B,No,Yes
2023,Arts,Economics,F,Political Science,B,History of Modern World,B,2.255,8762,Anuradhapura,60,B,B,C,F,3,2,3,3,2,4,3,4,3,5,3,3,MUSIC,UNIVERSITY OF THE VISUAL & PERFORMING ARTS,068Z,Yes,Yes
2023,Physical Science,Combined Mathematics,C,Physics,C,Chemistry,F,0.67,4899,Galle,46,C,A,C,S,3,4,2,2,5,3,5,3,2,1,5,5,MANAGEMENT,UNIVERSITY OF SRI JAYEWARDENEPURA,016C,No,Yes
2023,Biological Science,Biology,B,Chemistry,S,Physics,C,1.692,3383,Jaffna,55,S,A,B,A,5,2,4,4,4,2,3,3,3,1,1,5,ENGINEERING,UNIVERSITY OF MORATUWA,008G,No,Yes
2023,Biological Science,Biology,C,Chemistry,S,Physics,F,2.848,13793,Kegalle,71,B,A,S,S,2,3,1,1,3,5,5,1,3,3,4,5,MEDICINE,UNIVERSITY OF COLOMBO,001A,No,Yes
2023,Technology,Engineering Technology,C,ICT,F,Science for Technology,F,0.978,3791,Matara,50,S,C,B,A,3,3,5,2,2,5,4,4,5,3,1,4,MEDICINE,UNIVERSITY OF COLOMBO,001A,No,Yes
2023,Physical Science,Combined Mathematics,A,Physics,A,Chemistry,B,0.055,8645,Jaffna,52,S,C,C,C,5,5,1,3,3,2,1,1,4,3,2,4,,,,No,No
2023,Technology,Engineering Technology,F,ICT,F,Science for Technology,S,1.912,9767,Matara,64,B,B,B,S,2,4,5,3,4,5,4,5,2,2,5,1,MUSIC,UNIVERSITY OF THE VISUAL & PERFORMING ARTS,068Z,Yes,Yes
2023,Technology,Engineering Technology,C,ICT,S,Science for Technology,A,1.382,18045,Kegalle,61,B,F,F,B,2,3,5,4,1,2,5,4,1,5,4,1,ENGINEERING,UNIVERSITY OF MORATUWA,008G,No,Yes
2023,Arts,Economics,A,Political Science,C,History of Modern World,C,1.359,10198,Monaragala,45,S,C,A,B,5,1,1,4,3,1,5,1,1,4,1,3,MUSIC,UNIVERSITY OF THE VISUAL & PERFORMING ARTS,068Z,Yes,Yes
2023,Arts,Economics,A,Political Science,A,History of Modern World,S,2.075,12370,Kegalle,57,S,S,S,A,5,2,3,1,2,5,4,5,2,2,1,1,ARTS,UNIVERSITY OF PERADENIYA,019B,No,Yes
2023,Commerce,Accounting,C,Business Studies,S,Business Statistics,C,0.606,8210,Batticaloa,56,B,C,B,A,1,4,5,1,2,2,1,1,5,1,4,5,MEDICINE,UNIVERSITY OF COLOMBO,001A,No,Yes
2023,Physical Science,Combined Mathematics,B,Physics,A,Chemistry,C,1.279,1949,Kandy,61,C,B,F,C,5,5,3,2,3,2,5,2,4,3,3,1,SPORTS SCIENCE & MANAGEMENT,UNIVERSITY OF KELANIYA,082D,Yes,Yes
2023,Technology,Engineering Technology,F,ICT,F,Science for Technology,F,1.642,18314,Batticaloa,46,C,S,F,C,4,4,2,3,4,2,5,4,2,2,3,2,ARTS,UNIVERSITY OF PERADENIYA,019B,No,Yes
2023,Arts,Economics,F,Political Science,C,History of Modern World,F,1.353,12827,Kurunegala,53,B,C,A,S,3,1,5,2,1,3,4,5,5,1,1,2,MEDICINE,UNIVERSITY OF COLOMBO,001A,No,Yes
2023,Technology,Engineering Technology,S,ICT,C,Science for Technology,C,2.664,10034,Kegalle,45,B,B,A,S,2,5,2,4,2,5,3,3,4,4,5,3,MANAGEMENT,UNIVERSITY OF SRI JAYEWARDENEPURA,016C,No,Yes
2023,Commerce,Accounting,B,Business Studies,C,Business Statistics,C,-0.573,15484,Badulla,71,C,B,C,C,4,1,5,2,2,1,3,5,5,5,4,3,,,,No,No
2023,Biological Science,Biology,A,Chemistry,B,Physics,C,0.045,18143,Polonnaruwa,75,C,C,S,S,4,2,3,2,2,5,4,2,5,1,5,1,,,,No,No
2023,Physical Science,Combined Mathematics,F,Physics,S,Chemistry,S,0.745,7683,Gampaha,67,B,A,B,F,4,3,1,5,5,4,4,1,1,5,5,4,SPORTS SCIENCE & MANAGEMENT,UNIVERSITY OF KELANIYA,082D,Yes,Yes
2023,Physical Science,Combined Mathematics,A,Physics,S,Chemistry,C,0.217,16556,Ratnapura,67,S,B,A,A,5,2,2,2,5,5,3,3,3,4,1,3,,,,No,No
2023,Arts,Economics,C,Political Science,B,History of Modern World,S,0.273,2741,Polonnaruwa,72,A,A,S,S,4,5,4,1,1,2,1,4,4,3,5,1,,,,No,No
2023,Technology,Engineering Technology,F,ICT,B,Science for Technology,F,1.92,15681,Galle,46,A,C,F,F,1,2,3,1,2,5,2,4,1,3,2,5,ENGINEERING TECHNOLOGY (ET),UNIVERSITY OF RUHUNA,102F,No,Yes
2023,Biological Science,Biology,C,Chemistry,F,Physics,S,1.283,4685,Badulla,67,A,F,C,A,1,4,2,1,3,5,5,5,4,3,1,3,ARTS,UNIVERSITY OF PERADENIYA,019B,No,Yes
2023,Arts,Economics,C,Political Science,B,History of Modern World,F,0.826,19297,Polonnaruwa,57,A,F,C,B,1,1,3,2,4,2,4,3,3,1,1,1,MUSIC,UNIVERSITY OF THE VISUAL & PERFORMING ARTS,068Z,Yes,Yes
2023,Commerce,Accounting,C,Business Studies,S,Business Statistics,A,-0.62,14222,Batticaloa,62,F,F,S,A,1,1,3,5,1,5,5,3,4,1,3,4,,,,No,No
2023,Arts,Economics,S,Political Science,S,History of Modern World,C,3.181,18841,Ampara,50,S,B,B,C,3,3,4,2,1,2,4,3,4,3,4,1,MEDICINE,UNIVERSITY OF COLOMBO,001A,No,Yes
2023,Commerce,Accounting,B,Business Studies,B,Business Statistics,S,1.506,15103,Gampaha,49,C,A,S,C,5,4,3,4,3,4,5,2,3,3,5,2,MEDICINE,UNIVERSITY OF COLOMBO,001A,No,Yes
2023,Arts,Economics,B,Political Science,F,History of Modern World,F,0.237,16189,Anuradhapura,70,B,C,S,C,4,3,1,5,2,5,5,2,5,1,4,2,,,,No,No
2023,Arts,Economics,S,Political Science,F,History of Modern World,A,2.573,13506,Polonnaruwa,60,B,C,B,C,2,4,4,1,4,5,4,5,4,5,5,4,SPORTS SCIENCE & MANAGEMENT,UNIVERSITY OF KELANIYA,082D,Yes,Yes
2023,Technology,Engineering Technology,A,ICT,F,Science for Technology,S,2.424,2884,Gampaha,69,B,C,B,F,1,5,4,3,4,1,1,1,3,2,5,5,ENGINEERING TECHNOLOGY (ET),UNIVERSITY OF RUHUNA,102F,No,Yes
2023,Technology,Engineering Technology,C,ICT,C,Science for Technology,C,0.655,19386,Monaragala,61,B,C,A,S,1,3,4,1,1,2,3,3,3,4,2,5,SPORTS SCIENCE & MANAGEMENT,UNIVERSITY OF KELANIYA,082D,Yes,Yes
2023,Arts,Economics,B,Political Science,A,History of Modern World,S,0.913,9939,Colombo,70,A,A,C,A,2,2,5,2,5,2,3,5,4,4,2,4,ENGINEERING,UNIVERSITY OF MORATUWA,008G,No,Yes
2023,Biological Science,Biology,A,Chemistry,S,Physics,B,2.109,14831,Anuradhapura,58,S,A,B,B,3,1,5,1,5,2,3,3,2,4,1,3,MEDICINE,UNIVERSITY OF COLOMBO,001A,No,Yes
2023,Arts,Economics,C,Political Science,S,History of Modern World,C,1.58,3843,Matara,56,S,F,B,C,5,5,1,2,3,1,2,3,1,2,3,2,ENGINEERING TECHNOLOGY (ET),UNIVERSITY OF RUHUNA,102F,No,Yes
2023,Technology,Engineering Technology,B,ICT,C,Science for Technology,C,0.789,17708,Monaragala,74,B,F,B,S,3,2,2,3,4,5,1,3,1,4,2,2,ARTS,UNIVERSITY OF PERADENIYA,019B,No,Yes
2023,Arts,Economics,F,Political Science,C,History of Modern World,C,1.888,14644,Batticaloa,50,A,F,A,B,3,1,3,2,5,3,2,4,5,4,5,5,ARTS,UNIVERSITY OF PERADENIYA,019B,No,Yes
2023,Physical Science,Combined Mathematics,C,Physics,B,Chemistry,C,3.174,1463,Badulla,68,S,F,B,S,1,2,3,1,4,3,3,1,4,1,2,2,ENGINEERING TECHNOLOGY (ET),UNIVERSITY OF RUHUNA,102F,No,Yes
2023,Technology,Engineering Technology,S,ICT,F,Science for Technology,S,0.811,4662,Badulla,51,B,A,F,C,5,3,5,5,2,3,3,3,5,3,5,1,ENGINEERING TECHNOLOGY (ET),UNIVERSITY OF RUHUNA,102F,No,Yes
2023,Biological Science,Biology,F,Chemistry,S,Physics,F,3.18,4257,Monaragala,72,B,B,B,C,2,4,4,2,5,3,4,4,4,1,1,4,SPORTS SCIENCE & MANAGEMENT,UNIVERSITY OF KELANIYA,082D,Yes,Yes
2023,Technology,Engineering Technology,S,ICT,S,Science for Technology,F,0.922,10824,Anuradhapura,45,A,S,C,A,5,4,2,4,2,4,3,3,3,3,5,5,ARTS,UNIVERSITY OF PERADENIYA,019B,No,Yes
2023,Biological Science,Biology,C,Chemistry,C,Physics,B,1.879,1605,Gampaha,65,S,A,A,B,4,4,1,4,2,2,3,2,3,1,3,3,ENGINEERING,UNIVERSITY OF MORATUWA,008G,No,Yes
2023,Physical Science,Combined Mathematics,B,Physics,F,Chemistry,A,0.677,7772,Jaffna,65,A,A,A,B,4,1,2,5,2,5,4,1,1,3,1,4,MANAGEMENT,UNIVERSITY OF SRI JAYEWARDENEPURA,016C,No,Yes
2023,Biological Science,Biology,C,Chemistry,B,Physics,A,2.397,10367,Matara,73,C,B,S,B,2,1,5,5,1,5,2,4,3,2,2,4,ENGINEERING,UNIVERSITY OF MORATUWA,008G,No,Yes
2023,Technology,Engineering Technology,S,ICT,F,Science for Technology,A,-0.565,4135,Anuradhapura,68,S,C,S,C,2,2,3,1,2,5,5,5,5,3,1,3,,,,No,No
2023,Biological Science,Biology,C,Chemistry,C,Physics,S,0.254,1888,Badulla,73,B,S,S,A,2,4,5,1,5,1,3,3,2,4,5,4,,,,No,No
2023,Commerce,Accounting,C,Business Studies,A,Business Statistics,C,3.159,646,Anuradhapura,47,A,C,B,A,1,4,5,3,5,4,4,4,1,5,5,5,ENGINEERING,UNIVERSITY OF MORATUWA,008G,No,Yes
2023,Biological Science,Biology,B,Chemistry,B,Physics,C,-0.134,5191,Ampara,55,S,F,A,C,4,2,1,2,1,4,1,4,5,5,1,3,,,,No,No
2023,Biological Science,Biology,A,Chemistry,S,Physics,S,-0.299,11460,Ampara,61,C,B,C,B,3,1,1,3,4,3,5,1,3,5,1,4,,,,No,No
2023,Arts,Economics,C,Political Science,A,History of Modern World,F,-0.286,5254,Galle,69,A,F,A,B,5,1,1,1,2,1,4,3,4,2,2,1,,,,No,No
2023,Technology,Engineering Technology,F,ICT,S,Science for Technology,S,-0.044,8235,Jaffna,74,C,C,A,F,3,1,5,1,2,2,5,1,4,1,4,3,,,,No,No
2023,Commerce,Accounting,B,Business Studies,C,Business Statistics,A,-0.144,18574,Badulla,54,F,B,S,C,5,4,2,5,2,2,1,4,1,2,5,3,,,,No,No
2023,Physical Science,Combined Mathematics,F,Physics,A,Chemistry,S,2.578,10176,Gampaha,51,F,B,S,S,1,2,3,1,1,2,5,4,3,4,1,5,MUSIC,UNIVERSITY OF THE VISUAL & PERFORMING ARTS,068Z,Yes,Yes
2023,Physical Science,Combined Mathematics,C,Physics,S,Chemistry,B,1.498,14353,Polonnaruwa,75,B,B,C,C,3,4,3,3,4,3,2,1,2,2,5,1,ENGINEERING,UNIVERSITY OF MORATUWA,008G,No,Yes
2023,Biological Science,Biology,A,Chemistry,C,Physics,B,-0.48,11840,Badulla,51,S,C,S,C,1,1,2,3,5,1,2,3,2,1,2,3,,,,No,No
2023,Arts,Economics,C,Political Science,S,History of Modern World,B,3.173,13351,Ratnapura,59,F,F,B,A,4,1,2,1,1,1,2,2,2,4,3,1,ENGINEERING,UNIVERSITY OF MORATUWA,008G,No,Yes
2023,Technology,Engineering Technology,C,ICT,F,Science for Technology,A,3.2,14630,Badulla,49,A,C,A,A,4,1,2,5,4,4,4,1,4,4,2,3,MEDICINE,UNIVERSITY OF COLOMBO,001A,No,Yes
2023,Biological Science,Biology,F,Chemistry,B,Physics,C,-0.363,8153,Polonnaruwa,54,S,S,F,S,1,1,3,4,2,4,2,5,2,5,1,4,,,,No,No
2023,Commerce,Accounting,C,Business Studies,S,Business Statistics,B,1.388,12826,Galle,50,A,C,F,B,1,3,1,4,5,3,5,2,2,1,2,2,MANAGEMENT,UNIVERSITY OF SRI JAYEWARDENEPURA,016C,No,Yes
2023,Commerce,Accounting,C,Business Studies,S,Business Statistics,S,2.221,18964,Ratnapura,70,S,C,B,B,2,5,3,3,5,1,3,5,5,2,5,2,MEDICINE,UNIVERSITY OF COLOMBO,001A,No,Yes
2023,Arts,Economics,C,Political Science,A,History of Modern World,A,-0.751,19815,Kurunegala,45,F,S,A,C,5,2,2,3,2,3,1,1,2,5,2,1,,,,No,No
2023,Technology,Engineering Technology,F,ICT,F,Science for Technology,B,2.968,19302,Gampaha,55,C,C,B,B,4,4,3,2,5,5,3,2,5,2,4,3,ARTS,UNIVERSITY OF PERADENIYA,019B,No,Yes
2023,Commerce,Accounting,A,Business Studies,S,Business Statistics,F,2.997,18695,Colombo,50,F,C,F,B,5,1,4,2,3,1,2,3,3,2,1,3,ARTS,UNIVERSITY OF PERADENIYA,019B,No,Yes
2023,Arts,Economics,A,Political Science,B,History of Modern World,S,0.485,3640,Monaragala,45,A,S,S,S,2,4,4,4,3,5,4,1,4,5,2,2,SPORTS SCIENCE & MANAGEMENT,UNIVERSITY OF KELANIYA,082D,Yes,Yes
2023,Arts,Economics,A,Political Science,F,History of Modern World,B,0.351,2531,Matara,50,S,B,A,F,1,3,5,5,4,1,4,2,5,4,2,1,ENGINEERING,UNIVERSITY OF MORATUWA,008G,No,Yes
2023,Physical Science,Combined Mathematics,B,Physics,F,Chemistry,C,1.34,17798,Galle,66,C,C,B,A,1,4,5,5,4,2,1,3,1,4,1,3,MUSIC,UNIVERSITY OF THE VISUAL & PERFORMING ARTS,068Z,Yes,Yes
2023,Technology,Engineering Technology,C,ICT,A,Science for Technology,B,1.693,15617,Ratnapura,48,C,S,S,S,3,1,5,4,2,3,4,3,2,4,1,3,ENGINEERING,UNIVERSITY OF MORATUWA,008G,No,Yes
2023,Arts,Economics,C,Political Science,B,History of Modern World,B,-0.728,3268,Gampaha,66,C,F,S,F,2,5,1,4,5,4,5,4,5,2,4,3,,,,No,No
2023,Physical Science,Combined Mathematics,B,Physics,F,Chemistry,A,1.412,18826,Polonnaruwa,64,B,A,S,B,2,2,2,2,1,4,1,4,2,2,5,3,ENGINEERING TECHNOLOGY (ET),UNIVERSITY OF RUHUNA,102F,No,Yes
2023,Commerce,Accounting,F,Business Studies,F,Business Statistics,A,0.643,18189,Matara,72,C,F,S,A,5,5,5,4,1,4,2,2,5,5,5,1,ARTS,UNIVERSITY OF PERADENIYA,019B,No,Yes
2023,Physical Science,Combined Mathematics,C,Physics,A,Chemistry,B,1.262,13564,Galle,57,S,F,F,S,1,2,3,4,2,5,5,4,1,4,3,2,MANAGEMENT,UNIVERSITY OF SRI JAYEWARDENEPURA,016C,No,Yes
2023,Physical Science,Combined Mathematics,S,Physics,F,Chemistry,F,-0.902,10030,Galle,53,S,A,B,B,3,4,3,3,4,5,1,2,4,2,4,4,,,,No,No
2023,Technology,Engineering Technology,F,ICT,F,Science for Technology,C,-0.319,10294,Monaragala,61,S,B,F,F,1,2,2,2,1,2,1,4,1,3,2,3,,,,No,No
2023,Commerce,Accounting,F,Business Studies,C,Business Statistics,S,-0.467,1101,Kurunegala,56,S,F,S,B,4,5,5,3,3,2,3,1,3,1,4,1,,,,No,No
2023,Biological Science,Biology,F,Chemistry,S,Physics,B,-0.058,7476,Polonnaruwa,51,C,S,F,A,1,4,2,2,5,1,2,3,5,3,3,4,,,,No,No
2023,Arts,Economics,F,Political Science,C,History of Modern World,B,0.282,17160,Ratnapura,64,S,F,A,A,5,3,5,5,5,3,3,1,4,1,3,3,,,,No,No
2023,Commerce,Accounting,F,Business Studies,B,Business Statistics,S,2.76,6272,Kandy,61,B,A,F,S,3,2,1,4,3,3,4,4,4,1,5,5,MANAGEMENT,UNIVERSITY OF SRI JAYEWARDENEPURA,016C,No,Yes
2023,Biological Science,Biology,B,Chemistry,S,Physics,S,1.693,11847,Ampara,54,B,F,B,C,1,4,2,3,5,2,3,1,2,3,2,3,ARTS,UNIVERSITY OF PERADENIYA,019B,No,Yes
2023,Arts,Economics,S,Political Science,B,History of Modern World,B,0.248,3959,Batticaloa,46,F,F,F,A,4,2,5,1,4,5,3,4,1,2,2,2,,,,No,No
2023,Commerce,Accounting,C,Business Studies,C,Business Statistics,F,0.934,6009,Badulla,47,S,C,B,C,1,1,4,3,2,2,5,2,4,1,2,5,MANAGEMENT,UNIVERSITY OF SRI JAYEWARDENEPURA,016C,No,Yes
2023,Arts,Economics,S,Political Science,C,History of Modern World,F,0.623,17590,Kurunegala,68,C,A,C,F,2,1,1,2,2,3,3,2,1,4,5,5,ENGINEERING,UNIVERSITY OF MORATUWA,008G,No,Yes
2023,Commerce,Accounting,A,Business Studies,F,Business Statistics,B,0.234,17148,Anuradhapura,61,C,S,B,C,4,3,2,2,4,1,2,2,2,2,1,5,,,,No,No
2023,Technology,Engineering Technology,A,ICT,B,Science for Technology,S,-0.83,8481,Badulla,62,F,A,F,A,1,1,1,1,4,4,4,1,5,3,4,2,,,,No,No
2023,Biological Science,Biology,S,Chemistry,S,Physics,B,1.791,17149,Galle,64,F,B,S,A,5,5,1,3,1,1,4,2,5,2,3,5,MUSIC,UNIVERSITY OF THE VISUAL & PERFORMING ARTS,068Z,Yes,Yes
2023,Biological Science,Biology,B,Chemistry,C,Physics,A,1.315,15850,Matara,52,A,A,A,A,5,4,2,1,5,1,1,3,2,4,3,3,MEDICINE,UNIVERSITY OF COLOMBO,001A,No,Yes
2023,Arts,Economics,A,Political Science,F,History of Modern World,F,2.592,10346,Jaffna,68,A,A,A,A,2,2,3,3,4,5,3,1,3,3,2,1,MANAGEMENT,UNIVERSITY OF SRI JAYEWARDENEPURA,016C,No,Yes
2023,Arts,Economics,C,Political Science,C,History of Modern World,F,1.91,13919,Polonnaruwa,73,B,A,B,A,2,1,4,5,4,5,4,2,5,4,3,5,ARTS,UNIVERSITY OF PERADENIYA,019B,No,Yes
2023,Physical Science,Combined Mathematics,F,Physics,F,Chemistry,S,2.758,16094,Gampaha,73,S,S,A,A,3,3,1,5,5,5,2,3,5,5,5,1,ARTS,UNIVERSITY OF PERADENIYA,019B,No,Yes
2023,Arts,Economics,S,Political Science,B,History of Modern World,B,1.853,4971,Ratnapura,71,F,F,A,A,2,5,4,4,2,1,4,3,2,3,3,1,ARTS,UNIVERSITY OF PERADENIYA,019B,No,Yes
2023,Technology,Engineering Technology,B,ICT,S,Science for Technology,C,0,15143,Batticaloa,70,F,S,A,S,4,3,1,4,1,1,4,4,1,5,5,1,,,,No,No
2023,Physical Science,Combined Mathematics,S,Physics,F,Chemistry,S,2.751,6878,Polonnaruwa,66,S,C,C,A,2,4,3,5,5,5,4,3,4,1,1,2,ENGINEERING TECHNOLOGY (ET),UNIVERSITY OF RUHUNA,102F,No,Yes
2023,Physical Science,Combined Mathematics,B,Physics,F,Chemistry,F,0.239,17204,Matara,67,A,A,B,S,2,4,1,3,5,2,2,1,4,2,4,2,,,,No,No
2023,Commerce,Accounting,A,Business Studies,C,Business Statistics,F,2.53,4137,Badulla,73,S,S,F,F,2,4,1,5,1,5,4,5,4,5,2,5,ENGINEERING TECHNOLOGY (ET),UNIVERSITY OF RUHUNA,102F,No,Yes
2023,Biological Science,Biology,S,Chemistry,A,Physics,B,1.535,16618,Kegalle,57,S,F,B,C,4,3,3,4,2,2,4,5,5,3,5,3,MANAGEMENT,UNIVERSITY OF SRI JAYEWARDENEPURA,016C,No,Yes
2023,Technology,Engineering Technology,S,ICT,B,Science for Technology,S,0.233,11414,Kegalle,66,B,B,F,F,3,1,3,5,4,5,5,4,5,3,4,1,,,,No,No
2023,Technology,Engineering Technology,A,ICT,B,Science for Technology,A,-0.749,8848,Badulla,70,B,C,C,B,1,3,2,5,1,3,4,1,5,5,2,5,,,,No,No
2023,Arts,Economics,B,Political Science,S,History of Modern World,S,0.221,1639,Kegalle,57,S,S,C,F,1,1,3,2,5,4,2,3,5,5,5,2,,,,No,No
2023,Biological Science,Biology,B,Chemistry,A,Physics,S,-0.202,5794,Monaragala,61,A,S,A,S,3,5,3,2,2,5,3,1,3,4,2,1,,,,No,No
2023,Biological Science,Biology,F,Chemistry,C,Physics,S,1.639,9968,Batticaloa,70,F,F,C,A,3,5,2,2,5,1,5,2,4,5,5,4,SPORTS SCIENCE & MANAGEMENT,UNIVERSITY OF KELANIYA,082D,Yes,Yes
2023,Physical Science,Combined Mathematics,B,Physics,F,Chemistry,S,0.403,7258,Badulla,64,F,S,F,A,1,3,4,2,5,5,2,1,3,4,1,4,MANAGEMENT,UNIVERSITY OF SRI JAYEWARDENEPURA,016C,No,Yes
2023,Commerce,Accounting,C,Business Studies,B,Business Statistics,F,2.465,16952,Badulla,61,S,S,A,C,2,3,5,1,1,2,5,5,1,1,2,2,MANAGEMENT,UNIVERSITY OF SRI JAYEWARDENEPURA,016C,No,Yes
2023,Arts,Economics,F,Political Science,B,History of Modern World,F,2.702,14361,Polonnaruwa,71,A,B,A,S,3,1,1,1,1,2,3,5,1,5,2,3,MUSIC,UNIVERSITY OF THE VISUAL & PERFORMING ARTS,068Z,Yes,Yes
2023,Arts,Economics,B,Political Science,S,History of Modern World,C,-0.916,3976,Ampara,45,F,A,F,A,1,3,5,1,3,3,5,1,3,4,4,4,,,,No,No
2023,Physical Science,Combined Mathematics,C,Physics,C,Chemistry,A,0.655,17982,Galle,75,B,C,C,A,5,5,2,1,1,1,5,5,4,5,5,1,SPORTS SCIENCE & MANAGEMENT,UNIVERSITY OF KELANIYA,082D,Yes,Yes
2023,Commerce,Accounting,B,Business Studies,S,Business Statistics,S,-0.098,16895,Kandy,50,B,B,F,C,2,1,2,5,1,5,4,5,1,3,1,3,,,,No,No
2023,Physical Science,Combined Mathematics,A,Physics,C,Chemistry,F,0.513,7785,Gampaha,54,F,A,B,C,4,4,3,5,3,5,2,5,5,3,3,4,MUSIC,UNIVERSITY OF THE VISUAL & PERFORMING ARTS,068Z,Yes,Yes
2023,Biological Science,Biology,A,Chemistry,B,Physics,B,2.119,9166,Ratnapura,56,B,C,S,S,4,3,3,4,5,1,2,5,1,3,2,5,ARTS,UNIVERSITY OF PERADENIYA,019B,No,Yes
2023,Biological Science,Biology,B,Chemistry,F,Physics,A,-0.67,710,Ratnapura,61,A,F,F,S,5,2,1,5,3,5,5,4,2,3,4,2,,,,No,No
2023,Technology,Engineering Technology,S,ICT,B,Science for Technology,C,1.156,12023,Ampara,45,B,F,B,F,2,4,2,2,5,5,2,4,3,1,2,4,ARTS,UNIVERSITY OF PERADENIYA,019B,No,Yes
2023,Biological Science,Biology,A,Chemistry,B,Physics,A,-0.119,11937,Jaffna,60,S,A,A,C,1,5,3,3,5,5,5,2,4,4,3,5,,,,No,No
2023,Physical Science,Combined Mathematics,C,Physics,B,Chemistry,F,1.181,11406,Batticaloa,70,S,F,A,F,2,4,2,2,1,5,3,2,2,2,2,3,MANAGEMENT,UNIVERSITY OF SRI JAYEWARDENEPURA,016C,No,Yes
2023,Technology,Engineering Technology,S,ICT,A,Science for Technology,B,2.419,3813,Batticaloa,66,S,S,B,F,2,4,1,2,1,2,5,5,2,2,5,1,MUSIC,UNIVERSITY OF THE VISUAL & PERFORMING ARTS,068Z,Yes,Yes
2023,Technology,Engineering Technology,A,ICT,A,Science for Technology,F,1.182,19739,Anuradhapura,65,A,C,A,B,4,5,4,4,2,2,4,5,2,5,2,5,ARTS,UNIVERSITY OF PERADENIYA,019B,No,Yes
2023,Technology,Engineering Technology,B,ICT,S,Science for Technology,B,0.917,2355,Kurunegala,57,S,B,A,A,2,5,5,4,2,5,1,2,4,5,5,1,ENGINEERING TECHNOLOGY (ET),UNIVERSITY OF RUHUNA,102F,No,Yes
2023,Technology,Engineering Technology,C,ICT,A,Science for Technology,C,-0.44,19874,Ampara,71,A,S,F,S,3,1,5,4,2,4,4,3,5,5,1,4,,,,No,No
2023,Biological Science,Biology,B,Chemistry,S,Physics,F,-0.635,19704,Kegalle,62,S,C,B,A,1,5,5,1,5,1,4,2,3,4,3,1,,,,No,No
2023,Biological Science,Biology,C,Chemistry,C,Physics,B,1.264,12081,Anuradhapura,53,S,B,S,F,5,4,2,3,5,5,4,3,3,5,3,4,ENGINEERING TECHNOLOGY (ET),UNIVERSITY OF RUHUNA,102F,No,Yes
2023,Biological Science,Biology,F,Chemistry,S,Physics,S,0.888,5401,Gampaha,51,F,S,C,F,5,1,2,4,1,1,2,4,5,4,1,1,MUSIC,UNIVERSITY OF THE VISUAL & PERFORMING ARTS,068Z,Yes,Yes
2023,Commerce,Accounting,B,Business Studies,A,Business Statistics,A,0.627,17172,Galle,67,F,A,B,S,4,1,2,5,3,2,1,5,5,5,2,5,ARTS,UNIVERSITY OF PERADENIYA,019B,No,Yes
2023,Biological Science,Biology,S,Chemistry,B,Physics,S,3.11,9141,Badulla,57,C,S,S,F,2,5,1,1,1,5,3,5,5,3,3,3,ENGINEERING,UNIVERSITY OF MORATUWA,008G,No,Yes
2023,Biological Science,Biology,S,Chemistry,A,Physics,F,1.427,5835,Jaffna,61,A,F,A,F,3,3,1,5,3,5,5,3,4,4,5,4,MANAGEMENT,UNIVERSITY OF SRI JAYEWARDENEPURA,016C,No,Yes
2023,Biological Science,Biology,S,Chemistry,F,Physics,C,0.948,996,Batticaloa,48,C,A,S,B,2,3,4,3,5,5,1,3,2,3,1,4,ENGINEERING TECHNOLOGY (ET),UNIVERSITY OF RUHUNA,102F,No,Yes
2023,Commerce,Accounting,A,Business Studies,F,Business Statistics,C,0.498,8917,Kandy,75,B,S,B,B,2,3,2,2,2,2,5,3,2,1,1,1,ENGINEERING TECHNOLOGY (ET),UNIVERSITY OF RUHUNA,102F,No,Yes
2023,Arts,Economics,S,Political Science,S,History of Modern World,C,-0.81,15903,Matara,64,C,S,F,C,4,2,5,3,4,2,5,2,1,5,4,4,,,,No,No
2023,Technology,Engineering Technology,A,ICT,B,Science for Technology,F,2.271,4044,Monaragala,61,S,C,A,A,2,4,5,1,3,3,5,3,2,5,3,2,ARTS,UNIVERSITY OF PERADENIYA,019B,No,Yes
2023,Commerce,Accounting,C,Business Studies,S,Business Statistics,B,1.107,13832,Monaragala,69,C,C,S,C,4,2,5,2,5,2,1,3,2,5,4,4,MEDICINE,UNIVERSITY OF COLOMBO,001A,No,Yes
2023,Biological Science,Biology,A,Chemistry,F,Physics,A,2.396,13912,Batticaloa,49,F,F,C,S,3,3,5,5,1,4,1,2,1,2,3,4,MEDICINE,UNIVERSITY OF COLOMBO,001A,No,Yes
2023,Physical Science,Combined Mathematics,C,Physics,B,Chemistry,B,1.366,8544,Matara,45,S,A,C,F,2,5,5,5,2,3,3,3,5,4,4,1,SPORTS SCIENCE & MANAGEMENT,UNIVERSITY OF KELANIYA,082D,Yes,Yes
2023,Arts,Economics,S,Political Science,C,History of Modern World,F,2.659,11155,Jaffna,65,F,F,S,A,1,2,3,2,3,3,3,3,5,4,3,4,MUSIC,UNIVERSITY OF THE VISUAL & PERFORMING ARTS,068Z,Yes,Yes
2023,Commerce,Accounting,S,Business Studies,C,Business Statistics,C,-0.284,856,Kandy,68,B,C,A,B,2,4,1,1,1,4,5,1,1,4,5,1,,,,No,No
2023,Physical Science,Combined Mathematics,B,Physics,A,Chemistry,S,2.731,7615,Kurunegala,68,C,S,B,B,5,2,1,1,3,3,4,4,5,3,5,4,MANAGEMENT,UNIVERSITY OF SRI JAYEWARDENEPURA,016C,No,Yes
2023,Biological Science,Biology,F,Chemistry,S,Physics,A,1.522,18580,Jaffna,61,F,C,C,S,5,2,1,4,3,3,4,3,2,3,1,1,MUSIC,UNIVERSITY OF THE VISUAL & PERFORMING ARTS,068Z,Yes,Yes
2023,Technology,Engineering Technology,F,ICT,F,Science for Technology,B,0.983,16219,Badulla,60,C,A,S,C,5,2,1,5,3,2,4,5,4,4,2,2,ENGINEERING,UNIVERSITY OF MORATUWA,008G,No,Yes
2023,Arts,Economics,F,Political Science,B,History of Modern World,A,1.639,9008,Galle,65,F,C,S,B,1,2,2,3,1,4,5,4,3,5,4,2,ENGINEERING TECHNOLOGY (ET),UNIVERSITY OF RUHUNA,102F,No,Yes
2023,Commerce,Accounting,A,Business Studies,A,Business Statistics,C,-0.206,3451,Galle,53,B,S,A,B,1,2,1,4,2,3,4,3,4,3,4,1,,,,No,No
2023,Commerce,Accounting,A,Business Studies,S,Business Statistics,A,0.132,12958,Gampaha,62,S,B,B,C,4,1,1,2,4,4,2,1,2,4,1,5,,,,No,No
2023,Biological Science,Biology,C,Chemistry,S,Physics,B,0.37,1482,Monaragala,74,F,F,A,C,4,3,2,3,1,2,1,2,4,3,1,2,MUSIC,UNIVERSITY OF THE VISUAL & PERFORMING ARTS,068Z,Yes,Yes
2023,Commerce,Accounting,C,Business Studies,B,Business Statistics,B,3.081,15673,Monaragala,64,B,C,A,B,2,4,1,5,3,1,1,3,2,5,1,2,ENGINEERING TECHNOLOGY (ET),UNIVERSITY OF RUHUNA,102F,No,Yes
2023,Arts,Economics,B,Political Science,F,History of Modern World,S,2.19,14475,Monaragala,51,A,S,C,B,3,1,4,4,5,3,5,4,2,5,2,5,SPORTS SCIENCE & MANAGEMENT,UNIVERSITY OF KELANIYA,082D,Yes,Yes
2023,Commerce,Accounting,B,Business Studies,C,Business Statistics,F,1.527,18270,Kandy,47,F,B,S,C,3,5,3,4,1,5,4,2,1,5,3,5,SPORTS SCIENCE & MANAGEMENT,UNIVERSITY OF KELANIYA,082D,Yes,Yes
2023,Biological Science,Biology,B,Chemistry,A,Physics,F,2.452,17272,Polonnaruwa,60,F,B,F,C,3,4,3,1,1,5,1,1,2,2,1,2,MEDICINE,UNIVERSITY OF COLOMBO,001A,No,Yes
2023,Physical Science,Combined Mathematics,C,Physics,A,Chemistry,C,2.525,16153,Ampara,64,F,C,A,C,2,5,1,1,2,4,1,4,1,3,5,4,MUSIC,UNIVERSITY OF THE VISUAL & PERFORMING ARTS,068Z,Yes,Yes
2023,Commerce,Accounting,S,Business Studies,A,Business Statistics,S,1.234,2406,Ratnapura,54,A,B,F,A,1,2,5,4,2,2,5,2,5,2,5,5,MUSIC,UNIVERSITY OF THE VISUAL & PERFORMING ARTS,068Z,Yes,Yes
2023,Arts,Economics,S,Political Science,S,History of Modern World,C,1.845,14094,Kegalle,48,B,B,F,S,5,3,2,5,5,4,3,3,5,3,3,4,MUSIC,UNIVERSITY OF THE VISUAL & PERFORMING ARTS,068Z,Yes,Yes
2023,Arts,Economics,F,Political Science,B,History of Modern World,B,1.304,18130,Kegalle,68,C,C,S,S,4,1,1,3,5,1,5,2,3,1,3,2,ARTS,UNIVERSITY OF PERADENIYA,019B,No,Yes
2023,Biological Science,Biology,F,Chemistry,A,Physics,F,1.909,18242,Ampara,62,F,F,B,A,1,4,3,2,2,3,3,5,2,2,3,3,MANAGEMENT,UNIVERSITY OF SRI JAYEWARDENEPURA,016C,No,Yes
2023,Physical Science,Combined Mathematics,C,Physics,C,Chemistry,B,-0.663,10739,Badulla,60,B,S,F,A,5,3,1,5,4,1,1,3,3,4,4,1,,,,No,No
2023,Biological Science,Biology,S,Chemistry,F,Physics,F,1.675,12633,Colombo,54,F,A,C,F,5,2,3,5,2,2,1,4,4,5,5,5,MUSIC,UNIVERSITY OF THE VISUAL & PERFORMING ARTS,068Z,Yes,Yes
2023,Physical Science,Combined Mathematics,B,Physics,B,Chemistry,B,-0.432,2804,Batticaloa,63,A,F,S,C,1,4,5,4,2,2,4,5,2,4,4,5,,,,No,No
2023,Biological Science,Biology,C,Chemistry,F,Physics,C,0.03,8824,Badulla,58,C,F,A,A,4,4,3,3,2,3,3,5,1,3,2,3,,,,No,No
2023,Technology,Engineering Technology,F,ICT,F,Science for Technology,S,0.863,7750,Kurunegala,66,C,B,A,A,1,2,5,2,3,1,3,1,3,4,4,1,SPORTS SCIENCE & MANAGEMENT,UNIVERSITY OF KELANIYA,082D,Yes,Yes
2023,Commerce,Accounting,B,Business Studies,C,Business Statistics,B,1.21,18083,Batticaloa,64,B,A,S,F,5,1,3,2,1,3,2,5,3,1,4,1,MANAGEMENT,UNIVERSITY OF SRI JAYEWARDENEPURA,016C,No,Yes
2023,Physical Science,Combined Mathematics,B,Physics,B,Chemistry,F,1.785,3635,Colombo,54,S,B,S,F,1,3,4,5,5,1,2,2,5,4,5,1,SPORTS SCIENCE & MANAGEMENT,UNIVERSITY OF KELANIYA,082D,Yes,Yes
2023,Physical Science,Combined Mathematics,B,Physics,C,Chemistry,B,0.665,702,Matara,66,C,C,C,B,5,3,1,3,4,1,5,3,2,2,3,4,MEDICINE,UNIVERSITY OF COLOMBO,001A,No,Yes
2023,Biological Science,Biology,A,Chemistry,B,Physics,F,1.585,7552,Jaffna,52,F,B,S,C,5,3,4,5,2,2,2,5,5,2,2,3,MUSIC,UNIVERSITY OF THE VISUAL & PERFORMING ARTS,068Z,Yes,Yes
2023,Technology,Engineering Technology,F,ICT,C,Science for Technology,F,2.246,18608,Kegalle,50,C,A,F,F,1,2,3,2,1,3,4,4,3,4,3,2,MUSIC,UNIVERSITY OF THE VISUAL & PERFORMING ARTS,068Z,Yes,Yes
2023,Biological Science,Biology,A,Chemistry,A,Physics,S,1.583,19944,Anuradhapura,64,B,F,B,B,1,3,1,4,2,5,5,4,3,2,4,4,MANAGEMENT,UNIVERSITY OF SRI JAYEWARDENEPURA,016C,No,Yes
2023,Arts,Economics,A,Political Science,A,History of Modern World,A,2.223,8942,Jaffna,52,B,B,A,B,4,5,4,3,4,2,4,4,1,5,4,3,ENGINEERING,UNIVERSITY OF MORATUWA,008G,No,Yes
2023,Arts,Economics,S,Political Science,S,History of Modern World,C,1.218,1361,Ampara,48,S,S,A,B,5,5,4,1,5,4,5,1,2,3,4,4,MUSIC,UNIVERSITY OF THE VISUAL & PERFORMING ARTS,068Z,Yes,Yes
2023,Commerce,Accounting,S,Business Studies,B,Business Statistics,A,0.249,1887,Monaragala,61,B,S,S,A,5,1,2,5,5,2,4,4,3,4,1,2,,,,No,No
2023,Arts,Economics,C,Political Science,S,History of Modern World,B,0.922,10719,Monaragala,65,B,A,A,A,4,3,1,5,4,5,5,2,4,5,4,1,MANAGEMENT,UNIVERSITY OF SRI JAYEWARDENEPURA,016C,No,Yes
2023,Biological Science,Biology,F,Chemistry,C,Physics,S,-0.357,4838,Kandy,69,A,S,C,C,4,3,2,1,2,2,1,5,3,1,4,4,,,,No,No
2023,Arts,Economics,C,Political Science,A,History of Modern World,F,0.012,19395,Polonnaruwa,60,S,S,S,A,5,5,1,2,5,3,5,5,2,1,2,2,,,,No,No
2023,Physical Science,Combined Mathematics,S,Physics,A,Chemistry,F,1.814,19868,Galle,55,A,A,A,S,2,2,3,5,5,5,5,2,4,5,3,1,SPORTS SCIENCE & MANAGEMENT,UNIVERSITY OF KELANIYA,082D,Yes,Yes
2023,Physical Science,Combined Mathematics,S,Physics,B,Chemistry,F,2.457,14102,Ratnapura,62,A,C,S,B,1,3,3,5,4,5,2,2,5,1,1,5,SPORTS SCIENCE & MANAGEMENT,UNIVERSITY OF KELANIYA,082D,Yes,Yes
2023,Technology,Engineering Technology,F,ICT,C,Science for Technology,S,2.934,9510,Jaffna,64,C,C,F,F,5,3,2,5,5,4,5,4,4,2,5,2,MUSIC,UNIVERSITY OF THE VISUAL & PERFORMING ARTS,068Z,Yes,Yes
2023,Commerce,Accounting,F,Business Studies,A,Business Statistics,A,1.639,6893,Badulla,64,S,S,A,C,3,5,2,1,2,3,3,1,3,3,5,5,ENGINEERING,UNIVERSITY OF MORATUWA,008G,No,Yes
2023,Commerce,Accounting,S,Business Studies,A,Business Statistics,B,0.676,1054,Ratnapura,50,B,C,C,S,4,1,2,4,2,4,5,3,4,4,1,5,ENGINEERING TECHNOLOGY (ET),UNIVERSITY OF RUHUNA,102F,No,Yes
2023,Commerce,Accounting,C,Business Studies,S,Business Statistics,C,-0.908,19020,Polonnaruwa,55,C,A,B,C,1,3,4,5,2,5,5,4,2,5,1,3,,,,No,No
2023,Commerce,Accounting,S,Business Studies,B,Business Statistics,A,2.696,14908,Ratnapura,75,C,B,F,C,2,1,3,1,2,1,4,5,1,4,5,2,MANAGEMENT,UNIVERSITY OF SRI JAYEWARDENEPURA,016C,No,Yes
2023,Biological Science,Biology,B,Chemistry,C,Physics,F,0.316,4795,Badulla,72,A,F,B,B,1,4,4,5,1,1,3,1,5,1,3,4,MANAGEMENT,UNIVERSITY OF SRI JAYEWARDENEPURA,016C,No,Yes
2023,Physical Science,Combined Mathematics,A,Physics,S,Chemistry,S,-0.893,10328,Polonnaruwa,73,B,C,B,B,3,3,5,3,4,1,3,2,2,3,1,1,,,,No,No
2023,Technology,Engineering Technology,C,ICT,A,Science for Technology,C,1.32,4738,Monaragala,70,C,F,B,B,1,3,5,3,5,4,1,2,1,4,1,1,MANAGEMENT,UNIVERSITY OF SRI JAYEWARDENEPURA,016C,No,Yes
2023,Arts,Economics,A,Political Science,C,History of Modern World,A,1.516,14709,Anuradhapura,56,C,C,B,F,1,4,5,2,1,4,1,4,3,4,4,2,ENGINEERING TECHNOLOGY (ET),UNIVERSITY OF RUHUNA,102F,No,Yes
2023,Biological Science,Biology,A,Chemistry,F,Physics,B,0.539,10924,Badulla,72,C,S,S,A,1,4,1,3,4,4,2,3,3,5,5,2,MEDICINE,UNIVERSITY OF COLOMBO,001A,No,Yes
2023,Technology,Engineering Technology,A,ICT,F,Science for Technology,S,0.381,2424,Badulla,54,F,S,S,F,4,2,5,2,5,2,4,4,1,3,2,5,MUSIC,UNIVERSITY OF THE VISUAL & PERFORMING ARTS,068Z,Yes,Yes
2023,Arts,Economics,S,Political Science,C,History of Modern World,S,1.299,5771,Polonnaruwa,66,A,F,S,A,5,5,4,3,5,1,4,2,3,4,1,5,MEDICINE,UNIVERSITY OF COLOMBO,001A,No,Yes
2023,Physical Science,Combined Mathematics,S,Physics,C,Chemistry,F,0.388,2114,Gampaha,51,B,F,A,B,2,4,5,3,4,5,5,4,2,2,3,3,MUSIC,UNIVERSITY OF THE VISUAL & PERFORMING ARTS,068Z,Yes,Yes
2023,Technology,Engineering Technology,S,ICT,S,Science for Technology,F,2.946,11380,Gampaha,63,A,F,F,S,2,3,1,3,5,1,1,5,3,1,3,1,MUSIC,UNIVERSITY OF THE VISUAL & PERFORMING ARTS,068Z,Yes,Yes
2023,Biological Science,Biology,C,Chemistry,C,Physics,S,2.002,12603,Jaffna,62,B,B,S,B,2,5,4,3,4,2,3,2,2,1,1,1,ARTS,UNIVERSITY OF PERADENIYA,019B,No,Yes
2023,Biological Science,Biology,S,Chemistry,C,Physics,C,3.171,4596,Polonnaruwa,70,S,S,F,S,5,2,4,5,4,5,4,4,3,2,2,4,ENGINEERING,UNIVERSITY OF MORATUWA,008G,No,Yes
2023,Technology,Engineering Technology,A,ICT,C,Science for Technology,S,2.003,13562,Kegalle,62,F,C,A,A,5,4,3,1,5,4,1,2,5,3,4,5,MANAGEMENT,UNIVERSITY OF SRI JAYEWARDENEPURA,016C,No,Yes
2023,Physical Science,Combined Mathematics,C,Physics,S,Chemistry,B,1.661,2658,Polonnaruwa,65,F,F,C,F,1,3,5,1,4,4,5,4,5,3,4,3,MUSIC,UNIVERSITY OF THE VISUAL & PERFORMING ARTS,068Z,Yes,Yes
2023,Commerce,Accounting,B,Business Studies,A,Business Statistics,F,2.16,18571,Galle,46,S,F,B,F,1,3,5,1,3,4,1,2,5,1,3,3,MUSIC,UNIVERSITY OF THE VISUAL & PERFORMING ARTS,068Z,Yes,Yes
2023,Biological Science,Biology,S,Chemistry,B,Physics,B,2.126,5821,Kegalle,63,B,S,C,B,3,2,4,2,5,1,3,1,2,5,2,4,ENGINEERING TECHNOLOGY (ET),UNIVERSITY OF RUHUNA,102F,No,Yes
2023,Arts,Economics,S,Political Science,B,History of Modern World,C,1.69,19031,Monaragala,71,C,A,C,A,1,2,4,4,4,3,4,5,2,4,4,4,MEDICINE,UNIVERSITY OF COLOMBO,001A,No,Yes
2023,Commerce,Accounting,A,Business Studies,F,Business Statistics,A,2.906,12617,Polonnaruwa,55,F,A,A,F,3,4,5,3,3,3,3,1,3,5,4,4,ARTS,UNIVERSITY OF PERADENIYA,019B,No,Yes
2023,Biological Science,Biology,S,Chemistry,C,Physics,A,0.43,5995,Matara,62,A,A,A,A,4,1,5,1,4,3,2,3,3,2,1,1,MUSIC,UNIVERSITY OF THE VISUAL & PERFORMING ARTS,068Z,Yes,Yes
2023,Technology,Engineering Technology,A,ICT,F,Science for Technology,S,2.521,4090,Monaragala,75,A,A,F,B,4,5,2,1,2,3,3,4,1,4,3,4,ENGINEERING TECHNOLOGY (ET),UNIVERSITY OF RUHUNA,102F,No,Yes
2023,Commerce,Accounting,B,Business Studies,S,Business Statistics,B,-0.725,12833,Matara,46,C,C,B,S,1,4,2,5,4,2,4,1,2,5,4,2,,,,No,No
2023,Technology,Engineering Technology,S,ICT,F,Science for Technology,S,-0.553,2489,Gampaha,63,C,S,A,S,2,1,1,4,3,2,3,4,5,1,5,4,,,,No,No
2023,Arts,Economics,C,Political Science,F,History of Modern World,S,2.311,7500,Colombo,57,S,A,F,F,3,3,3,4,1,1,3,5,3,1,4,3,ENGINEERING TECHNOLOGY (ET),UNIVERSITY OF RUHUNA,102F,No,Yes
2023,Biological Science,Biology,A,Chemistry,A,Physics,B,-0.185,12882,Kegalle,48,C,S,A,S,2,2,1,2,1,5,2,4,4,1,5,3,,,,No,No
2023,Arts,Economics,C,Political Science,F,History of Modern World,C,3.195,11217,Colombo,55,A,S,A,B,5,4,5,2,5,2,1,1,2,4,1,4,ENGINEERING,UNIVERSITY OF MORATUWA,008G,No,Yes
2023,Technology,Engineering Technology,A,ICT,S,Science for Technology,A,-0.264,1737,Kegalle,54,A,S,F,B,5,1,1,1,4,5,5,2,1,2,4,3,,,,No,No
2023,Arts,Economics,B,Political Science,F,History of Modern World,C,-0.41,7087,Badulla,46,F,B,C,A,1,3,2,4,2,3,5,2,4,2,5,1,,,,No,No
2023,Biological Science,Biology,A,Chemistry,F,Physics,S,2.278,16056,Gampaha,45,A,B,A,F,3,4,4,2,2,2,3,5,4,4,2,2,ENGINEERING,UNIVERSITY OF MORATUWA,008G,No,Yes
2023,Technology,Engineering Technology,S,ICT,C,Science for Technology,S,1.583,9969,Matara,58,A,F,B,B,1,5,1,5,3,5,5,2,4,2,3,1,ENGINEERING,UNIVERSITY OF MORATUWA,008G,No,Yes
2023,Biological Science,Biology,A,Chemistry,A,Physics,F,2.84,5877,Kandy,66,A,A,C,C,2,4,3,3,5,4,1,1,1,5,2,2,ARTS,UNIVERSITY OF PERADENIYA,019B,No,Yes
2023,Physical Science,Combined Mathematics,C,Physics,A,Chemistry,F,2.042,19097,Matara,58,B,C,B,A,3,2,1,2,4,2,4,2,1,4,5,4,ENGINEERING TECHNOLOGY (ET),UNIVERSITY OF RUHUNA,102F,No,Yes
2023,Physical Science,Combined Mathematics,F,Physics,A,Chemistry,F,0.924,12338,Kandy,59,B,C,C,B,3,2,1,5,1,3,2,1,4,4,4,2,ARTS,UNIVERSITY OF PERADENIYA,019B,No,Yes
2023,Commerce,Accounting,B,Business Studies,B,Business Statistics,A,2.349,5668,Anuradhapura,62,B,A,S,F,4,2,5,4,4,3,1,4,2,2,3,4,ENGINEERING TECHNOLOGY (ET),UNIVERSITY OF RUHUNA,102F,No,Yes
2023,Technology,Engineering Technology,B,ICT,F,Science for Technology,F,2.85,13789,Colombo,46,S,F,A,S,5,4,4,1,4,4,2,1,5,1,4,2,ENGINEERING,UNIVERSITY OF MORATUWA,008G,No,Yes
2023,Biological Science,Biology,B,Chemistry,B,Physics,F,-0.92,10088,Kandy,67,S,F,F,A,4,4,2,4,2,3,4,1,1,4,3,5,,,,No,No
2023,Physical Science,Combined Mathematics,B,Physics,S,Chemistry,S,1.585,6887,Badulla,66,A,F,C,A,5,3,1,1,4,3,4,5,1,3,3,2,ENGINEERING TECHNOLOGY (ET),UNIVERSITY OF RUHUNA,102F,No,Yes
2023,Technology,Engineering Technology,S,ICT,C,Science for Technology,S,-0.406,11074,Kurunegala,62,A,S,F,B,2,3,3,3,5,4,3,1,1,3,3,4,,,,No,No
2023,Arts,Economics,C,Political Science,F,History of Modern World,C,1.246,17560,Kegalle,54,S,F,C,A,2,4,1,1,4,2,3,1,1,2,3,1,SPORTS SCIENCE & MANAGEMENT,UNIVERSITY OF KELANIYA,082D,Yes,Yes
2023,Biological Science,Biology,C,Chemistry,F,Physics,C,1.647,13749,Polonnaruwa,62,B,S,C,S,4,1,3,2,1,1,2,5,3,4,5,3,MANAGEMENT,UNIVERSITY OF SRI JAYEWARDENEPURA,016C,No,Yes
2023,Commerce,Accounting,C,Business Studies,S,Business Statistics,C,1.316,10064,Anuradhapura,49,C,B,C,B,4,3,3,1,2,3,3,4,2,5,2,5,ARTS,UNIVERSITY OF PERADENIYA,019B,No,Yes
2023,Commerce,Accounting,A,Business Studies,A,Business Statistics,S,2.812,5129,Kandy,52,A,A,C,F,2,4,3,3,2,2,5,1,3,3,2,3,SPORTS SCIENCE & MANAGEMENT,UNIVERSITY OF KELANIYA,082D,Yes,Yes
2023,Arts,Economics,C,Political Science,A,History of Modern World,B,2.878,16464,Badulla,49,S,C,B,A,5,5,3,3,4,3,5,2,5,4,3,1,ARTS,UNIVERSITY OF PERADENIYA,019B,No,Yes
2023,Arts,Economics,F,Political Science,A,History of Modern World,C,0.307,13260,Anuradhapura,71,B,S,C,A,3,1,5,2,5,5,2,3,2,1,1,5,,,,No,No
2023,Arts,Economics,S,Political Science,F,History of Modern World,F,0.669,10512,Anuradhapura,64,F,A,C,S,2,4,3,4,3,1,3,3,3,3,4,5,ARTS,UNIVERSITY OF PERADENIYA,019B,No,Yes
2023,Physical Science,Combined Mathematics,B,Physics,F,Chemistry,S,0.758,9557,Kandy,70,S,S,B,F,5,1,2,2,3,4,5,3,1,5,4,1,ARTS,UNIVERSITY OF PERADENIYA,019B,No,Yes
2023,Physical Science,Combined Mathematics,C,Physics,F,Chemistry,C,1.347,18709,Badulla,74,B,B,B,S,3,5,4,1,3,5,3,4,5,4,2,1,MUSIC,UNIVERSITY OF THE VISUAL & PERFORMING ARTS,068Z,Yes,Yes
2023,Physical Science,Combined Mathematics,A,Physics,B,Chemistry,S,1.686,9526,Jaffna,50,S,B,A,A,3,4,1,5,3,5,4,5,4,3,4,1,ENGINEERING,UNIVERSITY OF MORATUWA,008G,No,Yes
2023,Commerce,Accounting,C,Business Studies,C,Business Statistics,F,-0.303,2017,Kandy,55,S,B,C,B,1,3,3,4,3,1,3,3,5,1,5,2,,,,No,No
2023,Biological Science,Biology,S,Chemistry,C,Physics,A,0.368,9965,Galle,66,C,A,F,F,3,2,1,2,5,3,3,4,4,3,2,1,MANAGEMENT,UNIVERSITY OF SRI JAYEWARDENEPURA,016C,No,Yes
2023,Biological Science,Biology,A,Chemistry,B,Physics,A,2.78,17324,Ratnapura,62,F,A,S,S,1,1,2,1,4,3,3,3,2,4,5,5,ENGINEERING TECHNOLOGY (ET),UNIVERSITY OF RUHUNA,102F,No,Yes
2023,Commerce,Accounting,A,Business Studies,B,Business Statistics,S,-0.489,4317,Ratnapura,67,B,B,C,B,2,2,1,4,1,1,1,4,4,1,2,1,,,,No,No
2023,Physical Science,Combined Mathematics,S,Physics,C,Chemistry,A,-0.488,8390,Colombo,47,C,A,A,A,5,2,5,2,2,3,1,1,2,3,5,3,,,,No,No
2023,Commerce,Accounting,A,Business Studies,C,Business Statistics,S,0.028,18785,Gampaha,48,F,A,F,B,2,3,2,5,1,1,2,5,4,3,5,2,,,,No,No
2023,Arts,Economics,S,Political Science,A,History of Modern World,F,3.133,7121,Ampara,52,S,A,C,A,4,1,5,2,4,3,3,5,1,1,3,4,ARTS,UNIVERSITY OF PERADENIYA,019B,No,Yes
2023,Physical Science,Combined Mathematics,B,Physics,C,Chemistry,S,1.898,14647,Kurunegala,62,S,C,S,B,1,4,3,2,1,4,1,4,4,5,1,1,SPORTS SCIENCE & MANAGEMENT,UNIVERSITY OF KELANIYA,082D,Yes,Yes
2023,Biological Science,Biology,B,Chemistry,S,Physics,F,2.126,2220,Matara,51,C,B,F,S,1,2,4,4,3,5,5,3,4,3,4,5,MEDICINE,UNIVERSITY OF COLOMBO,001A,No,Yes
2023,Arts,Economics,F,Political Science,C,History of Modern World,A,0.922,8314,Batticaloa,60,B,B,A,A,1,1,4,1,2,4,5,3,2,3,5,5,ENGINEERING,UNIVERSITY OF MORATUWA,008G,No,Yes
2023,Physical Science,Combined Mathematics,S,Physics,S,Chemistry,C,1.08,6716,Galle,66,S,S,F,C,5,3,5,5,1,1,4,1,4,4,3,4,ARTS,UNIVERSITY OF PERADENIYA,019B,No,Yes
2023,Arts,Economics,C,Political Science,A,History of Modern World,C,2.626,5478,Batticaloa,58,B,C,S,S,1,5,4,5,5,5,4,4,5,2,5,1,MANAGEMENT,UNIVERSITY OF SRI JAYEWARDENEPURA,016C,No,Yes
2023,Arts,Economics,B,Political Science,C,History of Modern World,B,1.854,9420,Matara,46,A,F,A,B,3,3,5,1,3,4,1,4,3,3,4,3,SPORTS SCIENCE & MANAGEMENT,UNIVERSITY OF KELANIYA,082D,Yes,Yes
2023,Physical Science,Combined Mathematics,S,Physics,B,Chemistry,S,1.501,2246,Ratnapura,54,A,C,B,A,5,3,1,4,4,5,5,4,3,1,4,5,MUSIC,UNIVERSITY OF THE VISUAL & PERFORMING ARTS,068Z,Yes,Yes
2023,Physical Science,Combined Mathematics,F,Physics,B,Chemistry,B,1.417,16102,Gampaha,67,B,C,S,F,3,2,5,3,3,4,2,4,1,5,2,3,SPORTS SCIENCE & MANAGEMENT,UNIVERSITY OF KELANIYA,082D,Yes,Yes
2023,Commerce,Accounting,A,Business Studies,F,Business Statistics,C,-0.039,3113,Monaragala,72,F,A,F,C,3,1,5,5,4,4,2,3,1,3,5,3,,,,No,No
2023,Arts,Economics,S,Political Science,B,History of Modern World,C,0.068,16987,Batticaloa,66,F,B,A,F,2,5,4,2,4,3,5,5,4,5,1,5,,,,No,No
2023,Biological Science,Biology,B,Chemistry,A,Physics,A,1.891,14366,Jaffna,55,A,B,S,C,3,2,3,5,2,4,2,1,2,2,1,2,MANAGEMENT,UNIVERSITY OF SRI JAYEWARDENEPURA,016C,No,Yes
2023,Commerce,Accounting,C,Business Studies,C,Business Statistics,C,1.729,6718,Kandy,53,B,A,C,C,5,2,1,4,1,1,1,3,5,3,1,4,ENGINEERING,UNIVERSITY OF MORATUWA,008G,No,Yes
2023,Commerce,Accounting,S,Business Studies,F,Business Statistics,B,2.539,4705,Kurunegala,48,F,F,A,F,5,5,3,4,1,2,5,1,3,3,5,4,SPORTS SCIENCE & MANAGEMENT,UNIVERSITY OF KELANIYA,082D,Yes,Yes
2023,Biological Science,Biology,F,Chemistry,B,Physics,A,-0.088,9096,Batticaloa,58,C,F,A,S,5,3,1,3,5,4,4,2,3,2,3,4,,,,No,No
2023,Commerce,Accounting,F,Business Studies,A,Business Statistics,F,1.557,1891,Monaragala,74,B,C,F,S,3,3,1,5,2,4,4,1,4,3,3,1,SPORTS SCIENCE & MANAGEMENT,UNIVERSITY OF KELANIYA,082D,Yes,Yes
2023,Biological Science,Biology,B,Chemistry,F,Physics,A,0.856,13413,Badulla,46,C,A,S,S,4,3,4,1,2,3,5,1,3,4,5,5,MANAGEMENT,UNIVERSITY OF SRI JAYEWARDENEPURA,016C,No,Yes
2023,Commerce,Accounting,C,Business Studies,A,Business Statistics,A,1.707,14629,Badulla,65,B,A,S,B,3,3,5,1,1,2,2,5,2,5,4,3,MUSIC,UNIVERSITY OF THE VISUAL & PERFORMING ARTS,068Z,Yes,Yes
2023,Arts,Economics,C,Political Science,S,History of Modern World,B,1.9,10834,Badulla,54,B,A,S,C,2,4,4,5,2,1,1,5,5,2,1,4,SPORTS SCIENCE & MANAGEMENT,UNIVERSITY OF KELANIYA,082D,Yes,Yes
2023,Biological Science,Biology,B,Chemistry,F,Physics,A,1.608,8624,Kandy,47,C,B,F,A,1,5,4,4,4,1,2,2,2,3,3,4,ENGINEERING TECHNOLOGY (ET),UNIVERSITY OF RUHUNA,102F,No,Yes
2023,Arts,Economics,A,Political Science,F,History of Modern World,S,3.192,6305,Jaffna,50,S,B,A,C,3,2,5,4,2,3,5,4,1,1,4,2,MANAGEMENT,UNIVERSITY OF SRI JAYEWARDENEPURA,016C,No,Yes
2023,Commerce,Accounting,F,Business Studies,B,Business Statistics,B,0.623,19668,Galle,47,A,F,A,A,3,2,4,3,5,5,1,1,3,5,5,4,ARTS,UNIVERSITY OF PERADENIYA,019B,No,Yes
2023,Commerce,Accounting,F,Business Studies,S,Business Statistics,A,2.759,19121,Kandy,53,B,F,S,C,4,2,1,3,5,4,2,3,1,3,1,2,ENGINEERING,UNIVERSITY OF MORATUWA,008G,No,Yes
2023,Arts,Economics,F,Political Science,F,History of Modern World,S,2.902,8725,Anuradhapura,71,C,F,C,S,2,3,4,2,5,4,1,2,2,1,2,2,MANAGEMENT,UNIVERSITY OF SRI JAYEWARDENEPURA,016C,No,Yes
2023,Physical Science,Combined Mathematics,C,Physics,A,Chemistry,C,-0.5,16317,Colombo,59,C,F,S,S,4,1,2,1,3,1,2,3,2,2,5,3,,,,No,No
2023,Technology,Engineering Technology,F,ICT,C,Science for Technology,C,3.093,18803,Kandy,58,A,B,S,A,3,1,3,1,4,3,5,1,3,2,1,1,ENGINEERING TECHNOLOGY (ET),UNIVERSITY OF RUHUNA,102F,No,Yes
2023,Arts,Economics,F,Political Science,S,History of Modern World,C,3.024,290,Matara,46,F,S,C,F,2,2,1,3,3,1,1,5,5,4,1,4,ENGINEERING TECHNOLOGY (ET),UNIVERSITY OF RUHUNA,102F,No,Yes
2023,Commerce,Accounting,A,Business Studies,F,Business Statistics,F,-0.612,6923,Kandy,57,S,C,B,A,3,4,4,3,5,2,3,1,3,5,2,4,,,,No,No
2023,Arts,Economics,F,Political Science,C,History of Modern World,C,0.789,13945,Badulla,56,F,B,S,S,1,1,5,3,4,2,2,4,5,5,1,3,SPORTS SCIENCE & MANAGEMENT,UNIVERSITY OF KELANIYA,082D,Yes,Yes
2023,Arts,Economics,C,Political Science,F,History of Modern World,C,-0.363,4287,Polonnaruwa,73,C,B,F,S,3,5,1,5,1,1,5,1,5,4,4,1,,,,No,No
2023,Arts,Economics,S,Political Science,C,History of Modern World,B,0.083,2779,Badulla,61,A,A,S,B,2,4,1,1,4,3,3,5,4,4,5,3,,,,No,No
2023,Commerce,Accounting,F,Business Studies,F,Business Statistics,A,-0.21,19893,Galle,72,A,S,F,A,1,4,1,1,2,4,4,4,5,4,3,5,,,,No,No
2023,Technology,Engineering Technology,B,ICT,S,Science for Technology,S,0.672,2971,Kandy,49,A,B,A,A,2,1,2,4,2,2,4,5,2,1,3,4,MANAGEMENT,UNIVERSITY OF SRI JAYEWARDENEPURA,016C,No,Yes
2023,Biological Science,Biology,C,Chemistry,A,Physics,A,-0.347,14690,Batticaloa,60,A,S,F,B,2,3,5,4,1,3,1,1,4,4,4,5,,,,No,No
2023,Technology,Engineering Technology,S,ICT,F,Science for Technology,A,0.691,19467,Monaragala,64,S,B,A,F,1,4,5,3,5,1,3,4,4,1,4,5,ENGINEERING TECHNOLOGY (ET),UNIVERSITY OF RUHUNA,102F,No,Yes
2023,Commerce,Accounting,C,Business Studies,C,Business Statistics,A,2.062,11367,Batticaloa,52,F,B,F,C,5,4,2,3,4,4,3,4,2,5,2,3,ARTS,UNIVERSITY OF PERADENIYA,019B,No,Yes
2023,Physical Science,Combined Mathematics,S,Physics,A,Chemistry,A,1.557,13730,Batticaloa,54,B,B,F,A,1,3,3,3,2,2,5,1,1,3,4,1,ENGINEERING,UNIVERSITY OF MORATUWA,008G,No,Yes
2023,Technology,Engineering Technology,B,ICT,C,Science for Technology,C,3.185,11740,Badulla,46,F,C,B,F,5,1,1,4,4,1,1,5,5,1,5,1,SPORTS SCIENCE & MANAGEMENT,UNIVERSITY OF KELANIYA,082D,Yes,Yes
2023,Technology,Engineering Technology,A,ICT,S,Science for Technology,F,2.838,9672,Monaragala,59,F,S,A,B,3,3,2,1,2,4,4,1,2,4,3,3,MEDICINE,UNIVERSITY OF COLOMBO,001A,No,Yes
2023,Technology,Engineering Technology,A,ICT,B,Science for Technology,S,0.756,8142,Kandy,69,F,S,B,B,4,4,4,4,5,3,1,4,2,1,5,1,MUSIC,UNIVERSITY OF THE VISUAL & PERFORMING ARTS,068Z,Yes,Yes
2023,Physical Science,Combined Mathematics,B,Physics,C,Chemistry,S,0.836,1315,Polonnaruwa,74,B,F,A,F,3,4,4,5,3,3,3,1,3,5,5,2,ARTS,UNIVERSITY OF PERADENIYA,019B,No,Yes
2023,Arts,Economics,C,Political Science,B,History of Modern World,C,2.323,14588,Monaragala,56,S,B,C,A,1,5,3,4,2,5,5,3,2,1,5,5,MUSIC,UNIVERSITY OF THE VISUAL & PERFORMING ARTS,068Z,Yes,Yes
2023,Commerce,Accounting,C,Business Studies,S,Business Statistics,A,-0.87,17792,Anuradhapura,53,B,C,S,F,1,1,3,3,5,3,1,1,1,4,3,5,,,,No,No
2023,Physical Science,Combined Mathematics,C,Physics,F,Chemistry,F,3.166,17574,Ratnapura,64,B,C,C,C,5,2,4,5,2,1,3,5,5,2,3,4,ENGINEERING TECHNOLOGY (ET),UNIVERSITY OF RUHUNA,102F,No,Yes
2023,Physical Science,Combined Mathematics,A,Physics,C,Chemistry,C,-0.6,14022,Kegalle,49,S,B,S,A,3,5,4,5,5,5,4,3,5,4,4,4,,,,No,No
2023,Arts,Economics,S,Political Science,C,History of Modern World,A,1.137,15098,Kandy,75,F,F,A,B,4,4,1,2,5,3,1,5,4,1,1,3,ARTS,UNIVERSITY OF PERADENIYA,019B,No,Yes
2023,Technology,Engineering Technology,B,ICT,C,Science for Technology,A,0.293,12370,Galle,54,S,A,B,B,5,4,1,3,3,2,2,4,1,1,5,3,,,,No,No
2023,Physical Science,Combined Mathematics,F,Physics,C,Chemistry,C,1.389,12463,Batticaloa,71,F,B,B,F,4,4,4,2,3,1,5,5,4,4,2,4,MANAGEMENT,UNIVERSITY OF SRI JAYEWARDENEPURA,016C,No,Yes
2023,Commerce,Accounting,C,Business Studies,F,Business Statistics,F,2.103,3000,Ratnapura,50,A,F,C,F,1,5,1,2,5,5,5,1,5,5,2,4,MUSIC,UNIVERSITY OF THE VISUAL & PERFORMING ARTS,068Z,Yes,Yes
2023,Technology,Engineering Technology,F,ICT,A,Science for Technology,F,-0.232,721,Galle,70,B,B,F,S,1,5,5,3,4,5,1,4,1,3,4,2,,,,No,No
2023,Arts,Economics,A,Political Science,C,History of Modern World,B,-0.605,3354,Ampara,50,C,B,B,C,1,2,3,4,2,1,5,3,2,1,1,3,,,,No,No
2023,Arts,Economics,A,Political Science,A,History of Modern World,F,0.096,4063,Colombo,51,B,F,F,B,4,5,5,4,1,3,1,3,4,5,4,1,,,,No,No
2023,Arts,Economics,A,Political Science,S,History of Modern World,F,-0.909,18255,Anuradhapura,66,A,B,F,B,3,5,4,4,1,5,2,2,3,5,2,2,,,,No,No
2023,Technology,Engineering Technology,F,ICT,F,Science for Technology,C,-0.812,15325,Ratnapura,64,C,B,A,A,4,3,5,3,4,3,2,5,5,3,1,2,,,,No,No
2023,Technology,Engineering Technology,C,ICT,B,Science for Technology,B,-0.471,4676,Monaragala,62,C,S,B,F,5,3,3,3,4,3,2,3,3,2,4,5,,,,No,No
2023,Commerce,Accounting,A,Business Studies,S,Business Statistics,S,-0.978,15714,Colombo,73,A,B,S,F,4,4,5,1,1,5,1,4,1,3,4,5,,,,No,No
2023,Commerce,Accounting,B,Business Studies,F,Business Statistics,F,3.144,15261,Matara,74,B,S,A,B,1,3,3,2,1,5,3,2,2,4,3,1,ENGINEERING,UNIVERSITY OF MORATUWA,008G,No,Yes
2023,Commerce,Accounting,C,Business Studies,S,Business Statistics,S,-0.957,13078,Gampaha,72,C,F,F,S,2,5,2,5,5,5,2,1,5,2,1,2,,,,No,No
2023,Commerce,Accounting,F,Business Studies,F,Business Statistics,F,2.074,6386,Ratnapura,66,A,F,F,C,5,4,1,4,1,3,4,4,3,1,5,4,MANAGEMENT,UNIVERSITY OF SRI JAYEWARDENEPURA,016C,No,Yes
2023,Arts,Economics,B,Political Science,S,History of Modern World,F,-0.044,9207,Kegalle,58,F,S,C,A,4,2,3,1,5,1,2,4,1,2,2,2,,,,No,No
2023,Commerce,Accounting,B,Business Studies,S,Business Statistics,A,1.028,887,Anuradhapura,70,C,C,B,A,4,2,3,1,3,5,2,1,5,5,4,1,SPORTS SCIENCE & MANAGEMENT,UNIVERSITY OF KELANIYA,082D,Yes,Yes
2023,Arts,Economics,C,Political Science,A,History of Modern World,A,-0.847,10365,Kegalle,72,A,B,A,S,1,3,5,4,1,1,1,5,1,3,4,4,,,,No,No
2023,Physical Science,Combined Mathematics,S,Physics,C,Chemistry,F,2.32,447,Batticaloa,57,S,S,F,F,1,3,1,4,5,3,5,2,1,1,1,5,ENGINEERING TECHNOLOGY (ET),UNIVERSITY OF RUHUNA,102F,No,Yes
2023,Physical Science,Combined Mathematics,C,Physics,F,Chemistry,F,-0.458,16775,Galle,56,S,S,F,S,2,2,2,1,1,2,3,5,4,5,3,3,,,,No,No
2023,Technology,Engineering Technology,F,ICT,S,Science for Technology,A,0.309,11336,Galle,56,A,F,F,B,1,2,5,5,1,4,3,2,2,2,1,3,,,,No,No
2023,Biological Science,Biology,S,Chemistry,S,Physics,F,1.531,19053,Anuradhapura,75,C,F,C,S,3,2,1,4,1,4,2,1,2,2,4,5,MANAGEMENT,UNIVERSITY OF SRI JAYEWARDENEPURA,016C,No,Yes
2023,Biological Science,Biology,B,Chemistry,S,Physics,F,0.405,12417,Kurunegala,57,B,A,C,A,1,3,1,5,1,2,3,4,2,5,3,1,MUSIC,UNIVERSITY OF THE VISUAL & PERFORMING ARTS,068Z,Yes,Yes
2023,Physical Science,Combined Mathematics,A,Physics,B,Chemistry,B,0.113,5810,Matara,72,F,B,B,B,1,2,3,1,1,2,4,1,3,2,3,4,,,,No,No
2023,Biological Science,Biology,B,Chemistry,B,Physics,A,1.226,14312,Kegalle,67,A,A,B,B,2,2,5,4,3,3,5,4,2,1,5,5,SPORTS SCIENCE & MANAGEMENT,UNIVERSITY OF KELANIYA,082D,Yes,Yes
2023,Biological Science,Biology,F,Chemistry,B,Physics,A,0.051,9277,Ratnapura,49,F,F,S,B,1,4,5,1,2,5,4,5,3,4,5,4,,,,No,No
2023,Biological Science,Biology,B,Chemistry,B,Physics,S,2.018,15624,Galle,63,S,F,A,B,2,2,4,2,4,2,3,4,4,5,2,3,ARTS,UNIVERSITY OF PERADENIYA,019B,No,Yes
2023,Commerce,Accounting,C,Business Studies,A,Business Statistics,A,0.879,7642,Anuradhapura,46,S,F,F,C,4,4,4,4,4,3,4,3,3,4,1,2,MANAGEMENT,UNIVERSITY OF SRI JAYEWARDENEPURA,016C,No,Yes
2023,Arts,Economics,B,Political Science,S,History of Modern World,B,-0.641,16541,Ampara,62,A,C,B,A,1,1,3,1,5,2,3,2,3,3,3,3,,,,No,No
2023,Biological Science,Biology,S,Chemistry,F,Physics,F,2.172,17897,Kegalle,53,A,C,C,C,4,4,5,1,4,5,2,4,2,2,2,4,MUSIC,UNIVERSITY OF THE VISUAL & PERFORMING ARTS,068Z,Yes,Yes
2023,Biological Science,Biology,C,Chemistry,S,Physics,S,2.047,11262,Badulla,47,C,B,S,S,2,4,4,5,1,3,2,5,2,3,1,4,ARTS,UNIVERSITY OF PERADENIYA,019B,No,Yes
2023,Commerce,Accounting,B,Business Studies,C,Business Statistics,S,0.707,17716,Galle,55,F,A,F,A,2,2,3,5,5,5,5,4,4,2,4,1,SPORTS SCIENCE & MANAGEMENT,UNIVERSITY OF KELANIYA,082D,Yes,Yes
2023,Technology,Engineering Technology,B,ICT,C,Science for Technology,B,3.052,10082,Gampaha,50,A,F,B,A,5,4,1,2,2,1,4,3,2,2,3,5,MUSIC,UNIVERSITY OF THE VISUAL & PERFORMING ARTS,068Z,Yes,Yes
2023,Physical Science,Combined Mathematics,C,Physics,B,Chemistry,A,0.385,12915,Kandy,48,B,F,S,S,1,4,2,2,2,3,4,4,2,5,5,3,ARTS,UNIVERSITY OF PERADENIYA,019B,No,Yes
2023,Technology,Engineering Technology,B,ICT,S,Science for Technology,C,-0.14,4775,Batticaloa,47,S,F,B,F,3,5,4,4,4,5,1,1,3,4,3,3,,,,No,No
2023,Arts,Economics,S,Political Science,F,History of Modern World,A,0.059,14258,Batticaloa,57,B,F,A,S,1,2,2,3,5,3,1,2,4,4,5,1,,,,No,No
2023,Commerce,Accounting,A,Business Studies,A,Business Statistics,S,0.382,5501,Galle,51,F,A,S,A,1,4,4,3,4,2,4,1,1,3,1,2,ARTS,UNIVERSITY OF PERADENIYA,019B,No,Yes
2023,Commerce,Accounting,S,Business Studies,C,Business Statistics,C,-0.64,8039,Monaragala,75,S,B,S,C,2,2,1,5,1,2,3,1,5,4,2,1,,,,No,No
2023,Physical Science,Combined Mathematics,S,Physics,A,Chemistry,B,-0.077,1228,Kegalle,66,F,B,S,A,5,1,4,3,4,1,5,1,1,4,2,2,,,,No,No
2023,Commerce,Accounting,F,Business Studies,A,Business Statistics,A,-0.87,577,Matara,71,B,A,B,A,2,2,1,4,5,1,3,3,5,2,5,2,,,,No,No
2023,Technology,Engineering Technology,B,ICT,C,Science for Technology,B,-0.542,10696,Kandy,45,S,C,A,S,2,4,2,1,3,5,3,1,1,2,4,3,,,,No,No
2023,Technology,Engineering Technology,C,ICT,F,Science for Technology,S,2.335,18751,Kandy,53,A,F,C,S,2,3,2,3,4,1,3,1,5,5,4,4,SPORTS SCIENCE & MANAGEMENT,UNIVERSITY OF KELANIYA,082D,Yes,Yes
2023,Technology,Engineering Technology,S,ICT,B,Science for Technology,C,3.163,795,Anuradhapura,69,A,C,B,S,2,5,1,1,2,3,4,3,2,2,4,2,MEDICINE,UNIVERSITY OF COLOMBO,001A,No,Yes
2023,Physical Science,Combined Mathematics,B,Physics,S,Chemistry,F,0.876,4499,Galle,55,A,F,S,C,1,2,3,3,2,2,5,1,2,2,5,4,MANAGEMENT,UNIVERSITY OF SRI JAYEWARDENEPURA,016C,No,Yes
2023,Technology,Engineering Technology,B,ICT,C,Science for Technology,A,2.666,6406,Colombo,65,B,B,B,A,2,5,5,2,2,5,1,4,4,3,2,2,ENGINEERING,UNIVERSITY OF MORATUWA,008G,No,Yes
2023,Biological Science,Biology,C,Chemistry,S,Physics,B,1.433,6699,Galle,72,S,A,C,S,4,2,4,4,4,5,5,4,2,4,1,4,MUSIC,UNIVERSITY OF THE VISUAL & PERFORMING ARTS,068Z,Yes,Yes
2023,Arts,Economics,F,Political Science,S,History of Modern World,F,1.512,18215,Monaragala,50,C,S,S,C,4,3,4,5,5,4,1,3,2,4,2,2,MEDICINE,UNIVERSITY OF COLOMBO,001A,No,Yes
2023,Biological Science,Biology,A,Chemistry,F,Physics,S,0.585,13725,Jaffna,68,C,S,S,C,5,1,4,1,1,4,5,2,2,4,3,3,ARTS,UNIVERSITY OF PERADENIYA,019B,No,Yes
2023,Technology,Engineering Technology,S,ICT,S,Science for Technology,B,-0.745,12726,Kegalle,58,B,B,S,A,3,1,2,3,5,4,2,3,2,5,5,2,,,,No,No
2023,Physical Science,Combined Mathematics,A,Physics,A,Chemistry,S,0.627,19307,Kegalle,47,F,B,S,B,4,3,3,5,5,4,5,3,4,1,1,5,MUSIC,UNIVERSITY OF THE VISUAL & PERFORMING ARTS,068Z,Yes,Yes
2023,Commerce,Accounting,F,Business Studies,B,Business Statistics,B,2.155,10195,Colombo,50,S,A,A,A,4,5,4,3,4,2,2,3,2,2,2,4,MUSIC,UNIVERSITY OF THE VISUAL & PERFORMING ARTS,068Z,Yes,Yes
2023,Biological Science,Biology,C,Chemistry,A,Physics,C,-0.094,6684,Colombo,68,B,B,C,S,4,5,1,2,1,3,1,4,1,3,1,3,,,,No,No
2023,Physical Science,Combined Mathematics,C,Physics,C,Chemistry,S,-0.564,2100,Galle,69,A,F,A,A,2,5,1,4,5,5,3,4,4,3,5,4,,,,No,No
2023,Commerce,Accounting,B,Business Studies,F,Business Statistics,F,2.443,13157,Jaffna,64,A,C,C,A,1,4,4,2,1,5,1,5,3,2,3,4,MANAGEMENT,UNIVERSITY OF SRI JAYEWARDENEPURA,016C,No,Yes
2023,Technology,Engineering Technology,S,ICT,F,Science for Technology,C,1.785,10657,Colombo,65,C,A,C,S,2,5,4,4,5,1,3,4,4,1,4,3,ENGINEERING,UNIVERSITY OF MORATUWA,008G,No,Yes
2023,Technology,Engineering Technology,A,ICT,A,Science for Technology,C,1.414,16635,Colombo,49,S,A,C,F,4,2,4,1,4,5,2,2,2,2,1,1,SPORTS SCIENCE & MANAGEMENT,UNIVERSITY OF KELANIYA,082D,Yes,Yes
2023,Arts,Economics,F,Political Science,A,History of Modern World,F,0.384,9286,Kurunegala,68,C,S,A,B,5,4,1,3,2,5,5,1,3,4,4,5,ARTS,UNIVERSITY OF PERADENIYA,019B,No,Yes
2023,Arts,Economics,F,Political Science,B,History of Modern World,A,-0.619,3020,Matara,68,F,B,A,F,3,2,3,4,5,1,3,1,5,5,2,4,,,,No,No
2023,Arts,Economics,B,Political Science,B,History of Modern World,S,2.358,19813,Anuradhapura,52,A,S,A,F,4,3,2,3,2,4,4,2,5,3,2,1,ENGINEERING TECHNOLOGY (ET),UNIVERSITY OF RUHUNA,102F,No,Yes
2023,Technology,Engineering Technology,B,ICT,C,Science for Technology,S,0.161,18907,Batticaloa,65,B,S,C,S,1,3,2,2,2,1,2,4,4,3,2,1,,,,No,No
2023,Technology,Engineering Technology,B,ICT,C,Science for Technology,C,0.476,12914,Gampaha,61,C,C,B,F,4,1,2,3,5,1,3,4,2,5,2,4,ARTS,UNIVERSITY OF PERADENIYA,019B,No,Yes
2023,Arts,Economics,B,Political Science,A,History of Modern World,B,2.155,399,Matara,68,F,A,B,S,4,2,1,1,3,4,2,1,1,5,3,5,MUSIC,UNIVERSITY OF THE VISUAL & PERFORMING ARTS,068Z,Yes,Yes
2023,Arts,Economics,F,Political Science,S,History of Modern World,C,-0.844,7992,Jaffna,60,C,F,B,S,1,4,4,3,4,3,1,1,1,1,1,4,,,,No,No
2023,Technology,Engineering Technology,B,ICT,C,Science for Technology,F,1.026,3198,Badulla,63,B,S,S,S,3,5,2,1,3,1,5,2,4,1,4,5,MUSIC,UNIVERSITY OF THE VISUAL & PERFORMING ARTS,068Z,Yes,Yes
2023,Technology,Engineering Technology,S,ICT,C,Science for Technology,A,2.528,4166,Badulla,69,B,A,B,F,2,1,5,4,3,1,1,2,5,2,2,1,ENGINEERING TECHNOLOGY (ET),UNIVERSITY OF RUHUNA,102F,No,Yes
2023,Technology,Engineering Technology,B,ICT,S,Science for Technology,A,-0.463,9883,Matara,75,F,B,S,A,2,3,1,5,3,5,4,2,5,4,3,5,,,,No,No
2023,Commerce,Accounting,S,Business Studies,C,Business Statistics,S,1.795,7869,Colombo,51,B,C,B,B,5,5,2,5,3,3,2,5,4,1,5,3,ENGINEERING,UNIVERSITY OF MORATUWA,008G,No,Yes
2023,Commerce,Accounting,B,Business Studies,F,Business Statistics,C,-0.637,8428,Polonnaruwa,58,B,F,B,A,3,2,3,5,5,5,2,4,2,3,4,4,,,,No,No
2023,Physical Science,Combined Mathematics,F,Physics,B,Chemistry,B,1.245,18068,Jaffna,47,C,A,C,C,3,2,2,3,1,1,4,2,4,1,1,2,MUSIC,UNIVERSITY OF THE VISUAL & PERFORMING ARTS,068Z,Yes,Yes
2023,Technology,Engineering Technology,S,ICT,B,Science for Technology,F,1.069,11532,Monaragala,63,C,F,C,F,1,1,2,3,4,2,3,5,5,5,4,4,ENGINEERING TECHNOLOGY (ET),UNIVERSITY OF RUHUNA,102F,No,Yes
2023,Technology,Engineering Technology,A,ICT,A,Science for Technology,C,-0.334,4240,Kandy,57,F,C,A,C,2,5,4,4,2,4,3,4,5,3,3,4,,,,No,No
2023,Technology,Engineering Technology,F,ICT,F,Science for Technology,F,0.294,2948,Galle,58,C,A,A,A,2,1,2,5,1,1,3,5,4,1,4,5,,,,No,No
2023,Biological Science,Biology,C,Chemistry,C,Physics,F,2.742,4185,Jaffna,45,F,B,A,S,5,3,2,5,5,1,5,4,2,5,2,2,MUSIC,UNIVERSITY OF THE VISUAL & PERFORMING ARTS,068Z,Yes,Yes
2023,Physical Science,Combined Mathematics,B,Physics,A,Chemistry,B,-0.773,16336,Jaffna,50,C,A,C,B,5,1,3,3,4,3,3,2,1,5,4,2,,,,No,No
2023,Commerce,Accounting,F,Business Studies,F,Business Statistics,C,2.764,16099,Colombo,56,A,F,S,C,3,3,1,1,3,2,4,3,1,1,4,4,ARTS,UNIVERSITY OF PERADENIYA,019B,No,Yes
2023,Biological Science,Biology,A,Chemistry,C,Physics,A,-0.467,16071,Colombo,49,C,B,S,S,3,3,3,4,2,5,3,1,4,4,2,2,,,,No,No
2023,Commerce,Accounting,S,Business Studies,A,Business Statistics,F,1.991,6311,Galle,46,B,S,S,C,1,2,2,4,3,1,4,4,5,4,2,3,ENGINEERING,UNIVERSITY OF MORATUWA,008G,No,Yes
2023,Arts,Economics,C,Political Science,F,History of Modern World,F,0.646,3634,Badulla,45,B,B,C,F,1,2,1,3,4,5,1,4,4,3,3,4,ENGINEERING,UNIVERSITY OF MORATUWA,008G,No,Yes
2023,Physical Science,Combined Mathematics,S,Physics,B,Chemistry,A,1.16,9312,Badulla,48,C,B,S,B,4,1,5,5,2,2,5,2,2,1,2,4,MEDICINE,UNIVERSITY OF COLOMBO,001A,No,Yes
2023,Physical Science,Combined Mathematics,B,Physics,A,Chemistry,A,-0.913,6641,Gampaha,72,A,S,S,F,3,2,2,3,4,4,1,5,4,1,3,1,,,,No,No
2023,Commerce,Accounting,B,Business Studies,F,Business Statistics,S,0.05,1658,Kandy,46,A,A,C,B,3,4,3,5,1,4,2,3,4,3,3,3,,,,No,No
2023,Physical Science,Combined Mathematics,A,Physics,A,Chemistry,C,2.632,11915,Monaragala,70,C,F,F,F,3,2,3,2,5,4,1,1,2,5,1,1,MANAGEMENT,UNIVERSITY OF SRI JAYEWARDENEPURA,016C,No,Yes
2023,Technology,Engineering Technology,F,ICT,F,Science for Technology,F,-0.177,14706,Kegalle,48,A,F,F,C,3,4,2,5,2,1,2,2,4,5,3,5,,,,No,No
2023,Commerce,Accounting,F,Business Studies,C,Business Statistics,S,2.838,15921,Jaffna,61,F,A,B,F,3,2,3,1,5,1,2,4,4,5,5,1,ENGINEERING,UNIVERSITY OF MORATUWA,008G,No,Yes
2023,Biological Science,Biology,C,Chemistry,C,Physics,C,0.652,8996,Kurunegala,50,A,B,F,B,5,1,5,4,5,5,3,3,2,3,3,5,ENGINEERING TECHNOLOGY (ET),UNIVERSITY OF RUHUNA,102F,No,Yes
2023,Physical Science,Combined Mathematics,A,Physics,A,Chemistry,B,-0.823,4954,Kegalle,53,B,C,A,B,2,5,1,1,3,5,3,3,1,5,3,2,,,,No,No
2023,Arts,Economics,F,Political Science,B,History of Modern World,F,1.641,11748,Kurunegala,68,C,B,C,A,5,5,1,4,3,5,5,2,4,2,3,3,ENGINEERING,UNIVERSITY OF MORATUWA,008G,No,Yes
2023,Biological Science,Biology,C,Chemistry,F,Physics,S,-0.333,7693,Monaragala,68,S,C,B,S,1,4,2,4,2,2,2,5,4,2,3,1,,,,No,No
2023,Commerce,Accounting,A,Business Studies,A,Business Statistics,B,1.565,4802,Gampaha,58,B,S,S,A,5,2,1,5,1,4,4,1,1,1,1,2,ENGINEERING,UNIVERSITY OF MORATUWA,008G,No,Yes
2023,Biological Science,Biology,S,Chemistry,B,Physics,F,1.531,407,Badulla,48,F,C,A,B,2,4,5,4,2,3,3,4,2,2,1,5,SPORTS SCIENCE & MANAGEMENT,UNIVERSITY OF KELANIYA,082D,Yes,Yes
2023,Commerce,Accounting,S,Business Studies,A,Business Statistics,F,-0.555,9823,Gampaha,61,S,B,A,B,1,2,4,4,2,3,3,2,4,1,4,2,,,,No,No
2023,Physical Science,Combined Mathematics,B,Physics,F,Chemistry,B,-0.667,11035,Gampaha,56,A,A,F,B,2,4,5,3,5,2,4,2,3,5,3,3,,,,No,No
2023,Physical Science,Combined Mathematics,B,Physics,C,Chemistry,B,0.127,2602,Badulla,45,B,B,C,B,4,4,4,1,1,5,4,3,2,1,3,2,,,,No,No
2023,Biological Science,Biology,S,Chemistry,B,Physics,C,1.034,19817,Badulla,65,C,B,B,S,4,5,4,5,5,4,5,5,2,4,1,5,ARTS,UNIVERSITY OF PERADENIYA,019B,No,Yes
2023,Arts,Economics,C,Political Science,S,History of Modern World,F,-0.066,2959,Kurunegala,56,A,B,A,C,5,4,2,1,1,3,3,2,3,4,2,5,,,,No,No
2023,Arts,Economics,B,Political Science,F,History of Modern World,A,-0.408,4788,Jaffna,68,A,S,C,A,1,5,1,4,5,2,1,2,3,2,1,2,,,,No,No
2023,Physical Science,Combined Mathematics,A,Physics,F,Chemistry,C,2.227,4691,Monaragala,61,C,S,S,C,4,1,3,1,2,1,1,5,2,5,2,1,ARTS,UNIVERSITY OF PERADENIYA,019B,No,Yes
2023,Arts,Economics,F,Political Science,S,History of Modern World,F,1.34,8555,Kegalle,63,F,C,B,S,2,3,1,5,4,2,2,4,5,1,2,4,SPORTS SCIENCE & MANAGEMENT,UNIVERSITY OF KELANIYA,082D,Yes,Yes
2023,Biological Science,Biology,F,Chemistry,F,Physics,S,-0.663,15449,Batticaloa,55,S,S,B,A,3,4,2,3,1,1,1,3,5,3,1,2,,,,No,No
2023,Commerce,Accounting,A,Business Studies,A,Business Statistics,B,-0.941,10229,Kurunegala,62,B,A,B,C,1,5,5,1,5,4,1,1,3,1,3,1,,,,No,No
2023,Commerce,Accounting,S,Business Studies,F,Business Statistics,C,0.333,11760,Kandy,67,A,C,S,F,1,5,2,1,5,4,4,5,1,3,2,2,ARTS,UNIVERSITY OF PERADENIYA,019B,No,Yes
2023,Arts,Economics,A,Political Science,S,History of Modern World,F,-0.015,7166,Badulla,66,B,B,F,F,5,5,3,4,2,3,3,3,5,4,1,4,,,,No,No
2023,Biological Science,Biology,B,Chemistry,S,Physics,A,-0.347,16402,Gampaha,70,A,B,C,F,1,4,1,4,3,2,3,2,1,3,5,3,,,,No,No
2023,Commerce,Accounting,A,Business Studies,A,Business Statistics,S,0.096,15607,Galle,69,S,B,A,F,4,1,3,3,4,4,5,2,4,3,5,5,,,,No,No
2023,Commerce,Accounting,B,Business Studies,S,Business Statistics,C,0.117,1498,Anuradhapura,65,A,B,F,A,2,1,3,4,2,5,4,1,2,4,4,1,,,,No,No
2023,Commerce,Accounting,C,Business Studies,S,Business Statistics,F,0.965,6007,Monaragala,48,S,S,B,S,3,1,3,3,5,4,2,4,1,3,4,1,ENGINEERING,UNIVERSITY OF MORATUWA,008G,No,Yes
2023,Technology,Engineering Technology,A,ICT,C,Science for Technology,S,0.357,19796,Badulla,57,A,C,S,S,2,1,2,1,4,3,3,2,1,2,1,3,ENGINEERING,UNIVERSITY OF MORATUWA,008G,No,Yes
2023,Arts,Economics,A,Political Science,F,History of Modern World,C,0.775,8601,Kandy,71,A,A,S,C,3,2,2,3,4,4,4,5,2,4,3,5,MEDICINE,UNIVERSITY OF COLOMBO,001A,No,Yes
2023,Arts,Economics,F,Political Science,C,History of Modern World,F,-0.153,19055,Anuradhapura,49,C,C,A,B,4,2,4,3,1,4,3,5,1,4,2,4,,,,No,No
2023,Technology,Engineering Technology,A,ICT,B,Science for Technology,F,0.777,5542,Anuradhapura,57,B,C,B,B,5,1,3,3,1,3,3,5,1,4,4,4,ENGINEERING TECHNOLOGY (ET),UNIVERSITY OF RUHUNA,102F,No,Yes
2023,Arts,Economics,B,Political Science,F,History of Modern World,C,3.103,3815,Kegalle,50,S,S,C,B,5,5,2,5,4,4,3,4,3,5,1,1,MANAGEMENT,UNIVERSITY OF SRI JAYEWARDENEPURA,016C,No,Yes
2023,Physical Science,Combined Mathematics,A,Physics,A,Chemistry,F,-0.552,17949,Gampaha,65,S,F,F,A,3,4,2,2,4,5,4,1,2,4,1,3,,,,No,No
2023,Arts,Economics,C,Political Science,F,History of Modern World,S,2.125,12376,Badulla,52,F,C,C,C,3,4,2,1,4,1,1,1,2,3,5,5,ENGINEERING,UNIVERSITY OF MORATUWA,008G,No,Yes
2023,Commerce,Accounting,B,Business Studies,F,Business Statistics,F,0.028,12924,Kurunegala,64,S,A,F,S,2,4,2,4,3,5,2,4,2,1,2,5,,,,No,No
2023,Physical Science,Combined Mathematics,S,Physics,S,Chemistry,F,1.647,18217,Kandy,75,C,B,A,A,1,4,1,5,2,1,5,5,1,5,4,1,MANAGEMENT,UNIVERSITY OF SRI JAYEWARDENEPURA,016C,No,Yes
2023,Biological Science,Biology,F,Chemistry,S,Physics,S,-0.204,7366,Galle,51,F,B,S,C,1,3,1,2,1,5,1,1,4,5,1,1,,,,No,No
2023,Biological Science,Biology,B,Chemistry,F,Physics,A,1.088,6914,Jaffna,48,S,A,S,A,4,1,2,4,4,3,4,2,2,3,1,2,MANAGEMENT,UNIVERSITY OF SRI JAYEWARDENEPURA,016C,No,Yes
2023,Technology,Engineering Technology,S,ICT,F,Science for Technology,A,0.452,15956,Anuradhapura,64,F,A,B,F,3,1,2,5,1,5,1,5,5,2,2,3,MANAGEMENT,UNIVERSITY OF SRI JAYEWARDENEPURA,016C,No,Yes
2023,Physical Science,Combined Mathematics,F,Physics,A,Chemistry,A,-0.637,4247,Galle,53,S,B,A,C,5,3,4,4,4,5,4,2,3,2,2,3,,,,No,No
2023,Arts,Economics,A,Political Science,S,History of Modern World,C,-0.291,6844,Monaragala,60,S,S,S,F,3,3,5,1,5,4,4,2,5,3,3,1,,,,No,No
2023,Arts,Economics,A,Political Science,A,History of Modern World,C,1.477,19888,Ratnapura,73,F,C,S,A,1,2,3,4,2,3,2,1,2,3,3,2,MANAGEMENT,UNIVERSITY OF SRI JAYEWARDENEPURA,016C,No,Yes
2023,Commerce,Accounting,A,Business Studies,B,Business Statistics,A,0.394,18694,Badulla,55,B,F,A,S,3,5,2,5,2,1,5,3,5,1,5,4,ARTS,UNIVERSITY OF PERADENIYA,019B,No,Yes
2023,Arts,Economics,B,Political Science,B,History of Modern World,A,2.384,1633,Galle,58,A,A,S,B,5,3,5,4,2,5,1,3,1,5,1,4,ARTS,UNIVERSITY OF PERADENIYA,019B,No,Yes
2023,Commerce,Accounting,A,Business Studies,F,Business Statistics,A,1.253,1381,Matara,65,A,A,S,A,4,3,3,3,3,4,1,5,3,4,5,1,ENGINEERING TECHNOLOGY (ET),UNIVERSITY OF RUHUNA,102F,No,Yes
2023,Arts,Economics,B,Political Science,F,History of Modern World,C,1.705,12352,Anuradhapura,48,A,B,A,A,2,1,3,4,2,2,1,2,3,5,1,1,ENGINEERING,UNIVERSITY OF MORATUWA,008G,No,Yes
2023,Commerce,Accounting,F,Business Studies,A,Business Statistics,A,0.291,8741,Matara,67,F,S,C,B,2,5,4,1,2,3,2,5,4,4,1,5,,,,No,No
2023,Technology,Engineering Technology,B,ICT,C,Science for Technology,C,0.191,15917,Kurunegala,47,C,C,A,C,5,2,2,1,1,4,1,2,1,2,4,4,,,,No,No
2023,Biological Science,Biology,C,Chemistry,B,Physics,F,2.211,10368,Badulla,75,C,S,B,F,1,2,2,3,4,4,5,5,2,4,2,1,ENGINEERING TECHNOLOGY (ET),UNIVERSITY OF RUHUNA,102F,No,Yes
2023,Commerce,Accounting,C,Business Studies,S,Business Statistics,F,1.437,4926,Batticaloa,73,A,A,B,A,4,2,3,1,4,5,4,3,3,1,5,1,ENGINEERING,UNIVERSITY OF MORATUWA,008G,No,Yes
2023,Commerce,Accounting,C,Business Studies,A,Business Statistics,C,1.146,14561,Galle,56,A,A,S,S,2,3,2,4,2,5,3,5,5,4,5,4,ENGINEERING,UNIVERSITY OF MORATUWA,008G,No,Yes
2023,Physical Science,Combined Mathematics,S,Physics,S,Chemistry,F,-0.065,1841,Kegalle,46,F,C,B,A,5,1,3,2,5,4,4,4,1,2,3,4,,,,No,No
2023,Biological Science,Biology,A,Chemistry,B,Physics,S,1.977,201,Gampaha,50,F,F,S,C,2,2,3,1,2,2,3,4,2,1,4,4,MANAGEMENT,UNIVERSITY OF SRI JAYEWARDENEPURA,016C,No,Yes
2023,Commerce,Accounting,A,Business Studies,F,Business Statistics,F,-0.27,418,Anuradhapura,56,S,F,A,S,2,4,1,1,1,5,3,2,5,5,2,2,,,,No,No
2023,Physical Science,Combined Mathematics,A,Physics,F,Chemistry,B,1.073,17981,Galle,66,S,C,C,S,1,3,3,3,5,5,4,1,3,5,1,2,MANAGEMENT,UNIVERSITY OF SRI JAYEWARDENEPURA,016C,No,Yes
2023,Arts,Economics,F,Political Science,S,History of Modern World,A,1.103,19026,Monaragala,67,S,C,B,A,2,4,1,3,5,4,5,2,3,3,3,4,MEDICINE,UNIVERSITY OF COLOMBO,001A,No,Yes
2023,Technology,Engineering Technology,C,ICT,F,Science for Technology,B,-0.814,17141,Monaragala,55,F,A,S,S,5,3,3,1,1,4,2,4,2,5,3,5,,,,No,No
2023,Technology,Engineering Technology,S,ICT,B,Science for Technology,B,2.371,14972,Colombo,51,C,F,A,A,4,3,1,4,3,1,1,3,2,3,3,5,ENGINEERING,UNIVERSITY OF MORATUWA,008G,No,Yes
2023,Technology,Engineering Technology,A,ICT,A,Science for Technology,B,3.195,14257,Anuradhapura,74,A,C,B,A,4,3,2,4,4,4,1,3,3,5,3,2,MEDICINE,UNIVERSITY OF COLOMBO,001A,No,Yes
2023,Technology,Engineering Technology,C,ICT,F,Science for Technology,F,-0.403,6637,Galle,49,S,F,B,C,3,1,3,5,4,5,2,4,4,1,2,5,,,,No,No
2023,Arts,Economics,S,Political Science,C,History of Modern World,S,0.514,14113,Batticaloa,58,S,S,A,F,1,4,1,2,5,3,2,5,5,3,2,5,MANAGEMENT,UNIVERSITY OF SRI JAYEWARDENEPURA,016C,No,Yes
2023,Technology,Engineering Technology,F,ICT,F,Science for Technology,A,2.562,13303,Polonnaruwa,45,S,F,S,A,1,1,3,1,3,5,1,3,5,4,3,1,MEDICINE,UNIVERSITY OF COLOMBO,001A,No,Yes
2023,Physical Science,Combined Mathematics,S,Physics,S,Chemistry,S,-0.764,6819,Ampara,49,F,S,B,B,2,3,3,1,4,5,2,1,1,1,2,5,,,,No,No
2023,Physical Science,Combined Mathematics,C,Physics,B,Chemistry,A,-0.883,16674,Batticaloa,57,A,A,C,S,4,2,2,5,3,5,4,5,1,4,2,1,,,,No,No
2023,Biological Science,Biology,A,Chemistry,S,Physics,B,1.161,18013,Kurunegala,60,S,C,C,A,5,4,3,3,4,4,1,4,4,4,2,1,MUSIC,UNIVERSITY OF THE VISUAL & PERFORMING ARTS,068Z,Yes,Yes
2023,Commerce,Accounting,C,Business Studies,C,Business Statistics,A,0.284,14664,Colombo,74,C,B,S,S,3,1,2,3,5,5,2,3,5,4,5,1,,,,No,No
2023,Biological Science,Biology,S,Chemistry,B,Physics,S,0.438,4688,Galle,70,C,S,A,S,4,4,5,2,5,5,5,3,2,3,5,5,MUSIC,UNIVERSITY OF THE VISUAL & PERFORMING ARTS,068Z,Yes,Yes
2023,Commerce,Accounting,C,Business Studies,F,Business Statistics,A,-0.863,5315,Kurunegala,48,A,S,S,C,2,2,1,2,4,4,1,1,5,3,1,1,,,,No,No
2023,Physical Science,Combined Mathematics,C,Physics,B,Chemistry,S,-0.863,5803,Matara,48,S,S,B,F,5,2,2,3,4,4,3,2,2,2,4,5,,,,No,No
,,,,,,,,,,,,,,,,,,,,,,,,,,,,,,,,
2022,Physical Science,Combined Mathematics,A,Chemistry,A,Physics,B,2.412,1456,Colombo,88,A,B,A,A,5,4,2,4,3,1,4,3,5,4,5,3,ENGINEERING,UNIVERSITY OF MORATUWA,008G,No,Yes
2022,Biological Science,Biology,A,Chemistry,A,Physics,B,2.789,892,Gampaha,92,A,A,A,A,4,5,1,3,2,1,5,2,4,3,4,2,MEDICINE,UNIVERSITY OF COLOMBO,001A,No,Yes
2022,Technology,Engineering Technology,B,Science for Technology,A,Bio Systems Technology,B,1.678,4567,Matara,76,B,A,B,B,4,2,4,3,3,2,4,5,5,2,3,4,ENGINEERING TECHNOLOGY (ET),UNIVERSITY OF SRI JAYEWARDENEPURA,102C,No,Yes
2022,Arts,Geography,B,Political Science,A,Economics,C,0.945,12345,Kurunegala,68,B,B,C,B,2,3,1,2,5,4,3,2,3,5,4,5,ARTS,UNIVERSITY OF PERADENIYA,019B,No,Yes
2022,Commerce,Accounting,A,Business Studies,A,Economics,A,2.156,2341,Kandy,85,A,A,A,A,3,2,2,4,5,1,2,3,4,4,5,3,MANAGEMENT,UNIVERSITY OF SRI JAYEWARDENEPURA,016C,No,Yes
2022,Biological Science,Chemistry,C,Biology,S,Physics,F,-0.567,45678,Anuradhapura,42,C,C,S,C,2,4,1,1,2,2,3,1,2,3,2,3,,,,No,
2022,Physical Science,Physics,C,Combined Mathematics,S,Chemistry,C,0.312,28901,Badulla,55,C,B,C,C,4,2,3,3,2,1,3,4,3,2,3,4,,,,No,
2022,Arts,Sinhala Language,A,History,B,Buddhism,A,1.789,6789,Jaffna,79,A,A,B,A,1,2,1,1,3,5,2,1,4,5,3,4,ARTS (Tamil Medium),UNIVERSITY OF JAFFNA,019E,No,Yes
2022,Technology,Information & Communication Technology (ICT),A,Engineering Technology,B,Science for Technology,B,2.045,3456,Ratnapura,81,B,A,A,B,4,1,3,5,3,2,3,4,5,3,4,3,INFORMATION SYSTEMS,UNIVERSITY OF COLOMBO SCHOOL OF COMPUTING,096T,No,Yes
2022,Bio Systems Technology,Agro Technology,B,Bio Resource Technology,A,Bio Systems Technology,B,1.456,7890,Hambantota,70,B,B,B,B,3,3,2,2,4,3,5,4,3,4,3,4,BIOSYSTEMS TECHNOLOGY (BST),SABARAGAMUWA UNIVERSITY OF SRI LANKA,103L,No,Yes
2022,Physical Science,Combined Mathematics,B,Physics,B,Chemistry,C,1.234,15678,Galle,72,B,B,B,B,5,2,4,4,2,1,3,4,4,2,3,3,PHYSICAL SCIENCE,UNIVERSITY OF RUHUNA,013F,No,Yes
2022,Commerce,Business Statistics,C,Economics,S,Accounting,F,-0.789,56789,Polonnaruwa,38,C,S,C,F,2,2,1,3,5,2,2,2,3,4,5,4,,,,No,
2022,Arts,Drama & Theatre (Sinhala),A,Oriental Music,B,Dancing (Indigenous),A,2.678,1234,Colombo,90,A,A,A,A,1,1,5,1,2,5,1,2,3,5,2,4,DRAMA & THEATRE,UNIVERSITY OF THE VISUAL & PERFORMING ARTS,071Z,Yes,Yes
2022,Biological Science,Biology,B,Chemistry,B,Agricultural Science,C,1.567,9876,Kegalle,67,B,B,C,B,3,5,1,2,3,2,5,3,3,4,3,3,NURSING,UNIVERSITY OF SRI JAYEWARDENEPURA,037C,No,Yes
2022,Physical Science,Physics,A,Combined Mathematics,A,Chemistry,B,2.901,567,Batticaloa,95,A,A,A,A,5,1,4,5,1,1,3,4,4,2,3,2,COMPUTER SCIENCE,UNIVERSITY OF JAFFNA,012E,No,Yes
2022,Arts,Political Science,B,Geography,C,Logic & Scientific Method,B,0.678,23456,Matale,60,C,B,C,C,2,3,2,2,4,4,3,3,4,5,4,5,,,,No,
2022,Technology,Mechanical Technology,A,Civil Technology,B,Electrical Electronic & Information Technology,A,1.89,5678,Trincomalee,78,B,A,B,A,4,2,5,3,3,2,4,5,5,3,4,4,ENGINEERING TECHNOLOGY (ET),UNIVERSITY OF RUHUNA,102F,No,Yes
2022,Biological Science,Chemistry,A,Biology,A,Physics,B,3.012,345,Kurunegala,96,A,A,A,A,4,5,1,3,2,1,5,2,4,3,4,2,MEDICINE,UNIVERSITY OF PERADENIYA,001B,No,Yes
2022,Commerce,Economics,A,Business Studies,B,Accounting,A,1.945,4567,Puttalam,80,A,B,A,B,3,2,2,4,5,2,3,3,4,4,5,4,COMMERCE,UNIVERSITY OF KELANIYA,018D,No,Yes
2022,Arts,History of India,B,Hindu Civilization,C,Communication & Media Studies,A,1.234,14567,Mannar,65,B,C,B,C,2,3,3,2,4,5,3,2,4,5,4,5,ARTS (SP) - MASS MEDIA,SRIPALEE CAMPUS UNIVERSITY OF COLOMBO,020S,Yes,Yes
2022,Physical Science,Combined Mathematics,S,Physics,C,Chemistry,F,-0.234,45678,Moneragala,45,C,S,F,C,4,2,3,3,2,1,3,4,2,2,3,3,,,,No,
2022,Bio Systems Technology,Bio Resource Technology,B,Agro Technology,C,Bio Systems Technology,B,1.112,17890,Nuwara Eliya,62,B,B,C,B,3,3,2,3,4,3,5,5,3,4,4,4,AGRICULTURE,RAJARATA UNIVERSITY OF SRI LANKA,004K,No,Yes
2022,Technology,Information & Communication Technology (ICT),B,Science for Technology,A,Engineering Technology,C,1.789,6789,Kalutara,74,B,A,B,A,4,1,3,5,3,2,3,4,5,3,4,3,INFORMATION AND COMMUNICATION TECHNOLOGY (ICT),UNIVERSITY OF VAVUNIYA,038R,No,Yes
2022,Arts,Dancing (Bharatha),A,Carnatic Music,B,Drama & Theatre (Tamil),A,2.456,2345,Jaffna,87,A,A,A,A,1,1,5,1,2,5,2,2,3,5,3,4,DANCE,SWAMY VIPULANANDA INSTITUTE OF AESTHETIC STUDIES EASTERN UNIVERSITY SRI LANKA,069Y,Yes,Yes
2022,Biological Science,Biology,C,Chemistry,B,Physics,S,0.567,26789,Ampara,58,C,B,C,C,3,5,1,2,2,1,4,2,3,3,3,3,,,,No,
2022,Physical Science,Physics,B,Chemistry,A,Combined Mathematics,B,2.234,2345,Gampaha,86,A,B,A,A,5,2,4,4,2,1,4,4,4,3,4,3,QUANTITY SURVEYING,UNIVERSITY OF MORATUWA,011G,No,Yes
2022,Commerce,Accounting,B,Economics,A,Business Statistics,C,1.678,7890,Colombo,77,B,A,B,B,3,2,2,4,5,1,2,3,4,4,5,3,BUSINESS INFORMATION SYSTEMS (HONOURS) (BIS),UNIVERSITY OF SRI JAYEWARDENEPURA,077C,No,Yes
2022,Arts,Sanskrit,A,Pali,B,Islamic Civilization,C,0.89,19876,Vavuniya,63,B,B,C,C,2,2,1,1,3,4,2,1,4,5,3,4,,,,No,
2022,Technology,Civil Technology,A,Mechanical Technology,B,Electrical Electronic & Information Technology,B,1.945,5123,Ratnapura,82,A,B,A,B,4,2,5,3,3,2,4,5,5,3,4,4,FACILITIES MANAGEMENT,UNIVERSITY OF MORATUWA,056G,No,Yes
2022,Biological Science,Chemistry,A,Biology,A,Agricultural Science,B,2.567,1234,Kandy,89,A,A,A,A,4,5,1,3,3,2,5,3,4,4,4,3,FOOD SCIENCE & TECHNOLOGY,UNIVERSITY OF PERADENIYA,035B,No,Yes
2022,Physical Science,Combined Mathematics,C,Physics,B,Chemistry,C,0.945,23456,Badulla,64,C,B,C,B,5,2,3,3,2,1,3,4,3,2,3,4,APPLIED SCIENCES (PHYSICAL SC.),WAYAMBA UNIVERSITY OF SRI LANKA,015M,No,Yes
2022,Arts,Christian Civilization,B,Greek & Roman Civilization,C,History of Europe,A,1.456,11234,Galle,71,B,C,B,B,2,3,2,2,4,5,3,2,4,5,4,5,ARTS,EASTERN UNIVERSITY SRI LANKA,019H,No,Yes
2022,Commerce,Economics,S,Business Studies,C,Accounting,F,-0.456,48901,Polonnaruwa,40,C,S,F,C,2,2,1,3,5,2,2,2,3,4,5,4,,,,No,
2022,Bio Systems Technology,Agro Technology,A,Bio Resource Technology,B,Bio Systems Technology,C,1.789,8901,Hambantota,75,B,A,B,B,3,3,2,3,4,3,5,5,3,4,4,4,ANIMAL PRODUCTION AND FOOD TECHNOLOGY,UVA WELLASSA UNIVERSITY OF SRI LANKA,067U,No,Yes
2022,Technology,Information & Communication Technology (ICT),A,Science for Technology,B,Engineering Technology,A,2.123,4231,Matara,84,A,A,A,A,4,1,3,5,3,2,3,4,5,3,4,3,SOFTWARE ENGINEERING,UNIVERSITY OF KELANIYA,099D,No,Yes
2022,Arts,Oriental Music,A,Western Music,B,Art & Design,C,2.234,3456,Colombo,85,A,A,A,B,1,1,5,2,2,5,1,2,3,5,2,4,MUSIC,UNIVERSITY OF THE VISUAL & PERFORMING ARTS,068Z,Yes,Yes
2022,Biological Science,Biology,B,Chemistry,C,Physics,B,1.345,14567,Gampaha,69,B,B,C,B,4,5,1,2,2,1,4,2,3,3,3,3,HEALTH PROMOTION,RAJARATA UNIVERSITY OF SRI LANKA,050K,No,Yes
2022,Physical Science,Physics,A,Combined Mathematics,B,Chemistry,A,2.678,890,Kurunegala,91,A,B,A,A,5,2,4,5,2,1,4,4,4,3,4,3,INFORMATION TECHNOLOGY (IT),UNIVERSITY OF MORATUWA,026G,No,Yes
2022,Commerce,Business Studies,A,Accounting,B,Economics,C,1.89,6789,Jaffna,79,A,B,A,B,3,2,2,4,5,2,3,3,4,4,5,4,MANAGEMENT,EASTERN UNIVERSITY SRI LANKA,016H,No,Yes
2022,Arts,Logic & Scientific Method,B,Geography,A,Political Science,C,1.112,16789,Kegalle,66,B,B,B,C,2,3,2,2,4,4,3,3,4,5,4,5,PEACE AND CONFLICT RESOLUTION,UNIVERSITY OF KELANIYA,031D,No,Yes
2022,Technology,Mechanical Technology,C,Civil Technology,B,Electrical Electronic & Information Technology,S,0.789,25678,Trincomalee,57,C,B,C,C,4,2,4,3,3,2,4,5,4,3,3,4,,,,No,
2022,Biological Science,Chemistry,B,Biology,A,Physics,C,1.678,8901,Anuradhapura,73,B,A,B,B,4,5,1,3,3,2,5,3,4,4,4,3,PHARMACY,UNIVERSITY OF RUHUNA,051F,No,Yes
2022,Physical Science,Combined Mathematics,A,Physics,A,Chemistry,B,3.112,234,Colombo,97,A,A,A,A,5,1,4,5,1,1,3,4,4,2,3,2,ENGINEERING (EM),UNIVERSITY OF MORATUWA,009G,No,Yes
2022,Arts,Sinhala Language,C,History,S,Buddhism,F,-0.678,50123,Matale,35,C,S,F,C,1,2,1,1,3,5,2,1,4,5,3,4,,,,No,
2022,Commerce,Economics,B,Business Statistics,A,Accounting,B,2.012,3456,Kandy,83,B,A,A,A,3,2,2,4,5,1,2,3,4,4,5,3,REAL ESTATE MANAGEMENT AND VALUATION,UNIVERSITY OF SRI JAYEWARDENEPURA,017C,No,Yes
2022,Bio Systems Technology,Bio Resource Technology,A,Agro Technology,B,Bio Systems Technology,A,2.345,2345,Ratnapura,88,A,A,A,A,3,3,2,3,4,3,5,5,4,4,4,4,AQUATIC RESOURCES TECHNOLOGY,UVA WELLASSA UNIVERSITY OF SRI LANKA,088U,No,Yes
2022,Technology,Information & Communication Technology (ICT),B,Engineering Technology,C,Science for Technology,B,1.456,11234,Galle,70,B,B,B,B,4,1,3,4,3,2,3,4,5,3,4,3,MANAGEMENT AND INFORMATION TECHNOLOGY (MIT),UNIVERSITY OF KELANIYA,027D,No,Yes
2022,Arts,Drama & Theatre (English),A,Film & Television Studies,B,Visual Arts,C,2.567,1890,Colombo,89,A,A,A,B,1,1,5,2,3,5,1,3,4,5,3,4,FILM & TELEVISION STUDIES,UNIVERSITY OF KELANIYA,100D,Yes,Yes
2022,Biological Science,Biology,A,Chemistry,B,Physics,C,1.89,6789,Badulla,76,B,B,B,B,4,5,1,3,2,1,5,2,4,3,4,3,MEDICAL LABORATORY SCIENCES,UNIVERSITY OF PERADENIYA,052B,No,Yes
2022,Physical Science,Physics,B,Combined Mathematics,C,Chemistry,B,1.234,15678,Hambantota,68,B,C,B,C,5,2,3,3,2,1,3,4,3,2,3,4,APPLIED SCIENCES (PHYSICAL SC.),SABARAGAMUWA UNIVERSITY OF SRI LANKA,015L,No,Yes
2022,Commerce,Accounting,C,Economics,B,Business Studies,S,0.456,28901,Puttalam,52,C,B,S,C,3,2,2,3,5,2,2,3,4,4,5,4,,,,No,
,,,,,,,,,,,,,,,,,,,,,,,,,,,,,,,,
2022,Biological Science,Biology,A,Chemistry,A,Physics,B,2.945,678,Colombo,94,A,A,A,A,4,5,2,3,2,1,5,3,4,3,4,2,MEDICINE,UNIVERSITY OF SRI JAYEWARDENEPURA,001C,No,Yes
2022,Physical Science,Combined Mathematics,B,Physics,A,Chemistry,A,2.678,1234,Gampaha,89,B,A,A,A,5,2,4,5,2,1,3,4,5,2,3,3,ENGINEERING,UNIVERSITY OF PERADENIYA,008B,No,Yes
2022,Technology,Information & Communication Technology (ICT),A,Science for Technology,B,Engineering Technology,C,1.789,8901,Kalutara,75,A,B,A,B,4,1,3,5,4,2,3,4,5,3,4,4,SOFTWARE ENGINEERING,UNIVERSITY OF SRI JAYEWARDENEPURA,099C,No,Yes
2022,Arts,Political Science,A,Geography,B,Economics,C,1.456,14567,Kurunegala,70,B,B,B,B,2,3,2,3,5,4,3,2,4,5,5,5,ARTS,UNIVERSITY OF KELANIYA,019D,No,Yes
2022,Commerce,Accounting,A,Business Studies,A,Economics,B,2.234,3456,Kandy,84,A,A,A,A,3,2,2,4,5,1,2,3,4,4,5,3,MANAGEMENT,UNIVERSITY OF COLOMBO,016A,No,Yes
2022,Biological Science,Chemistry,S,Biology,C,Physics,F,-0.678,50123,Anuradhapura,36,C,S,F,C,3,4,1,2,2,1,4,2,3,3,3,3,,,,No,
2022,Physical Science,Physics,C,Combined Mathematics,S,Chemistry,B,0.567,26789,Badulla,59,C,B,C,B,5,2,3,3,2,1,3,4,4,2,3,4,,,,No,
2022,Arts,Sinhala Language,B,History,A,Buddhism,B,1.89,6789,Jaffna,78,B,A,B,A,1,2,1,1,3,5,2,1,4,5,3,4,ARTS,UNIVERSITY OF JAFFNA,019E,No,Yes
2022,Technology,Mechanical Technology,A,Civil Technology,B,Electrical Electronic & Information Technology,A,2.012,4567,Ratnapura,82,A,B,A,B,4,2,5,3,3,2,5,5,5,3,4,4,TRANSPORT MANAGEMENT & LOGISTICS ENGINEERING (TMLE),UNIVERSITY OF MORATUWA,057G,No,Yes
2022,Bio Systems Technology,Agro Technology,B,Bio Resource Technology,A,Bio Systems Technology,B,1.678,9876,Hambantota,73,B,A,B,B,3,3,2,3,4,3,5,5,4,4,4,4,AGRICULTURAL RESOURCE MANAGEMENT AND TECHNOLOGY,UNIVERSITY OF RUHUNA,093F,No,Yes
2022,Physical Science,Combined Mathematics,A,Physics,B,Chemistry,C,1.945,5678,Galle,80,B,B,B,B,5,2,4,4,2,1,4,4,4,3,4,3,COMPUTER SCIENCE,UNIVERSITY OF COLOMBO SCHOOL OF COMPUTING,012T,No,Yes
2022,Commerce,Economics,C,Business Statistics,F,Accounting,S,-0.456,47890,Polonnaruwa,41,C,F,S,C,2,2,1,3,5,2,2,2,3,4,5,4,,,,No,
2022,Arts,Oriental Music,A,Dancing (Indigenous),B,Drama & Theatre (Sinhala),A,2.789,890,Colombo,91,A,A,A,A,1,1,5,1,2,5,1,2,3,5,2,4,MUSIC,UNIVERSITY OF SRI JAYEWARDENEPURA,068C,Yes,Yes
2022,Biological Science,Biology,B,Chemistry,A,Agricultural Science,B,1.789,8901,Kegalle,74,B,A,B,B,3,5,1,3,3,2,5,3,4,4,4,3,AYURVEDA MEDICINE AND SURGERY,UNIVERSITY OF COLOMBO,032A,No,Yes
2022,Physical Science,Physics,A,Combined Mathematics,A,Chemistry,B,3.012,456,Batticaloa,96,A,A,A,A,5,1,4,5,1,1,3,4,5,2,3,2,ENGINEERING,SOUTH EASTERN UNIVERSITY OF SRI LANKA,008J,No,Yes
2022,Arts,Geography,C,Logic & Scientific Method,B,Political Science,A,0.89,19876,Matale,62,C,B,C,B,2,3,2,2,4,4,3,3,4,5,4,5,,,,No,
2022,Technology,Engineering Technology,B,Science for Technology,A,Bio Systems Technology,C,1.567,11234,Trincomalee,71,B,A,B,B,4,2,4,3,3,2,4,5,5,2,3,4,ENGINEERING TECHNOLOGY (ET),UNIVERSITY OF JAFFNA,102E,No,Yes
2022,Biological Science,Chemistry,A,Biology,A,Physics,B,2.678,890,Kurunegala,90,A,A,A,A,4,5,1,3,2,1,5,2,4,3,4,2,MEDICINE,UNIVERSITY OF RUHUNA,001F,No,Yes
2022,Commerce,Business Studies,B,Accounting,A,Economics,A,2.123,4231,Puttalam,83,B,A,A,A,3,2,2,4,5,2,3,3,4,4,5,4,MANAGEMENT,UNIVERSITY OF JAFFNA,016E,No,Yes
2022,Arts,Communication & Media Studies,A,History of Modern World,B,Mass Media,C,1.345,15678,Mannar,68,B,B,B,C,2,3,3,2,4,5,3,2,4,5,4,5,ARTS (SP) - MASS MEDIA,SRIPALEE CAMPUS UNIVERSITY OF COLOMBO,020S,Yes,Yes
2022,Physical Science,Combined Mathematics,F,Physics,S,Chemistry,C,-0.234,45678,Moneragala,47,C,S,F,C,4,2,3,3,2,1,3,4,3,2,3,3,,,,No,
2022,Bio Systems Technology,Bio Resource Technology,C,Agro Technology,B,Bio Systems Technology,A,1.234,16789,Nuwara Eliya,65,C,B,B,B,3,3,2,3,4,3,5,5,3,4,4,4,EXPORT AGRICULTURE,UVA WELLASSA UNIVERSITY OF SRI LANKA,073U,No,Yes
2022,Technology,Information & Communication Technology (ICT),B,Engineering Technology,A,Science for Technology,B,1.89,6789,Kalutara,77,B,A,A,B,4,1,3,5,3,2,3,4,5,3,4,3,INFORMATION SYSTEMS,UNIVERSITY OF SRI JAYEWARDENEPURA,096C,No,Yes
2022,Arts,Carnatic Music,A,Drama & Theatre (Tamil),B,Dance,A,2.567,1678,Jaffna,88,A,A,A,A,1,1,5,1,2,5,2,2,3,5,3,4,DANCE,UNIVERSITY OF JAFFNA,069E,Yes,Yes
2022,Biological Science,Biology,S,Chemistry,B,Physics,C,0.678,24567,Ampara,60,S,B,C,C,3,5,1,2,2,1,4,2,3,3,3,3,,,,No,
2022,Physical Science,Physics,B,Combined Mathematics,A,Chemistry,A,2.456,1890,Gampaha,87,B,A,A,A,5,2,4,4,2,1,4,4,4,3,4,3,DESIGN,UNIVERSITY OF MORATUWA,024G,No,Yes
2022,Commerce,Accounting,A,Economics,B,Business Statistics,C,1.789,7890,Colombo,76,A,B,B,B,3,2,2,4,5,1,2,3,4,4,5,3,COMMERCE,UNIVERSITY OF SRI JAYEWARDENEPURA,018C,No,Yes
2022,Arts,Pali,B,Sanskrit,C,Islamic Civilization,A,1.012,18901,Vavuniya,64,B,C,B,B,2,2,1,1,3,4,2,1,4,5,3,4,,,,No,
2022,Technology,Civil Technology,B,Mechanical Technology,A,Electrical Electronic & Information Technology,B,2.012,4567,Ratnapura,81,B,A,A,B,4,2,5,3,3,2,4,5,5,3,4,4,LANDSCAPE ARCHITECTURE,UNIVERSITY OF MORATUWA,097G,No,Yes
2022,Biological Science,Chemistry,B,Biology,A,Agricultural Science,A,2.789,789,Kandy,92,B,A,A,A,4,5,1,3,3,2,5,3,4,4,4,3,FOOD SCIENCE & NUTRITION,WAYAMBA UNIVERSITY OF SRI LANKA,005M,No,Yes
2022,Physical Science,Combined Mathematics,C,Physics,B,Chemistry,B,1.123,17890,Badulla,67,C,B,B,B,5,2,3,3,2,1,3,4,3,2,3,4,PHYSICAL SCIENCE,UNIVERSITY OF COLOMBO,013A,No,Yes
2022,Arts,History of Europe,A,Greek & Roman Civilization,B,Christian Civilization,C,1.567,12345,Galle,72,A,B,B,B,2,3,2,2,4,5,3,2,4,5,4,5,ARTS,SOUTH EASTERN UNIVERSITY OF SRI LANKA,019J,No,Yes
2022,Commerce,Economics,F,Business Studies,S,Accounting,C,-0.567,48901,Polonnaruwa,39,F,S,C,C,2,2,1,3,5,2,2,2,3,4,5,4,,,,No,
2022,Bio Systems Technology,Agro Technology,A,Bio Resource Technology,B,Bio Systems Technology,C,1.89,7890,Hambantota,78,A,B,B,B,3,3,2,3,4,3,5,5,4,4,4,4,ANIMAL SCIENCE & FISHERIES,UNIVERSITY OF PERADENIYA,086B,No,Yes
2022,Technology,Science for Technology,A,Information & Communication Technology (ICT),B,Engineering Technology,A,2.234,3456,Matara,85,A,A,A,A,4,1,3,5,3,2,3,4,5,3,4,3,COMPUTER SCIENCE,UNIVERSITY OF RUHUNA,012F,No,Yes
2022,Arts,Western Music,B,Art & Design,A,Visual Arts,C,2.456,2345,Colombo,86,B,A,A,B,1,1,5,2,2,5,1,2,3,5,2,4,VISUAL ARTS,UNIVERSITY OF THE VISUAL & PERFORMING ARTS,085Z,Yes,Yes
2022,Biological Science,Biology,C,Chemistry,B,Physics,B,1.456,13456,Gampaha,70,C,B,B,B,4,5,1,2,2,1,4,2,3,3,3,3,RADIOGRAPHY,UNIVERSITY OF PERADENIYA,053B,No,Yes
2022,Physical Science,Physics,A,Combined Mathematics,B,Chemistry,A,2.789,678,Kurunegala,93,A,B,A,A,5,2,4,5,2,1,4,4,4,3,4,3,ENGINEERING (TM),UNIVERSITY OF MORATUWA,010G,No,Yes
2022,Commerce,Business Studies,A,Accounting,B,Economics,C,1.945,5678,Jaffna,79,A,B,B,B,3,2,2,4,5,2,3,3,4,4,5,4,MANAGEMENT,SOUTH EASTERN UNIVERSITY OF SRI LANKA,016J,No,Yes
2022,Arts,Logic & Scientific Method,A,Geography,B,Political Science,C,1.234,15678,Kegalle,69,A,B,B,C,2,3,2,2,4,4,3,3,4,5,4,5,TRANSLATION STUDIES,UNIVERSITY OF KELANIYA,098D,No,Yes
2022,Technology,Electrical Electronic & Information Technology,S,Mechanical Technology,C,Civil Technology,B,0.89,23456,Trincomalee,61,S,C,B,C,4,2,4,3,3,2,4,5,4,3,3,4,,,,No,
2022,Biological Science,Chemistry,A,Biology,B,Physics,C,1.789,8901,Anuradhapura,75,A,B,B,B,4,5,1,3,3,2,5,3,4,4,4,3,PHARMACY,UNIVERSITY OF PERADENIYA,051B,No,Yes
2022,Physical Science,Combined Mathematics,A,Physics,A,Chemistry,A,3.156,189,Colombo,98,A,A,A,A,5,1,4,5,1,1,3,4,4,2,3,2,QUANTITY SURVEYING,UNIVERSITY OF MORATUWA,011G,No,Yes
2022,Arts,Buddhism,F,History,C,Sinhala Language,S,-0.789,51234,Matale,33,F,C,S,C,1,2,1,1,3,5,2,1,4,5,3,4,,,,No,
2022,Commerce,Economics,A,Business Statistics,B,Accounting,A,2.123,4123,Kandy,84,A,B,A,A,3,2,2,4,5,1,2,3,4,4,5,3,MANAGEMENT AND INFORMATION TECHNOLOGY (SEUSL),SOUTH EASTERN UNIVERSITY OF SRI LANKA,079J,No,Yes
2022,Bio Systems Technology,Bio Resource Technology,B,Agro Technology,A,Bio Systems Technology,A,2.456,1890,Ratnapura,89,B,A,A,A,3,3,2,3,4,3,5,5,4,4,4,4,"Hospitality, Tourism and Events Management",Uva Wellassa University,090U,No,Yes
2022,Technology,Information & Communication Technology (ICT),C,Engineering Technology,B,Science for Technology,A,1.567,12345,Galle,72,C,B,B,A,4,1,3,4,3,2,3,4,5,3,4,3,INFORMATION TECHNOLOGY & MANAGEMENT,UNIVERSITY OF MORATUWA,091G,No,Yes
2022,Arts,Drama & Theatre (English),B,Film & Television Studies,A,Visual & Technological Arts,C,2.678,1234,Colombo,90,B,A,A,B,1,1,5,2,3,5,1,3,4,5,3,4,DRAMA & THEATRE,UNIVERSITY OF THE VISUAL & PERFORMING ARTS,071Z,Yes,Yes
2022,Biological Science,Biology,A,Chemistry,C,Physics,B,1.945,6789,Badulla,77,A,C,B,B,4,5,1,3,2,1,5,2,4,3,4,3,MEDICAL LABORATORY SCIENCES,UNIVERSITY OF SRI JAYEWARDENEPURA,052C,No,Yes
2022,Physical Science,Physics,C,Combined Mathematics,B,Chemistry,B,1.345,14567,Hambantota,70,C,B,B,B,5,2,3,3,2,1,3,4,3,2,3,4,APPLIED SCIENCES (PHYSICAL SC.),UNIVERSITY OF VAVUNIYA,015R,No,Yes
2022,Commerce,Accounting,S,Economics,C,Business Studies,B,0.567,26789,Puttalam,54,S,C,B,C,3,2,2,3,5,2,2,3,4,4,5,4,,,,No,
,,,,,,,,,,,,,,,,,,,,,,,,,,,,,,,,
2022,Biological Science,Biology,A,Chemistry,B,Physics,A,2.789,890,Colombo,91,A,A,A,A,4,5,1,3,2,1,5,3,4,4,4,2,MEDICINE,EASTERN UNIVERSITY SRI LANKA,001H,No,Yes
2022,Physical Science,Combined Mathematics,A,Physics,A,Chemistry,B,3.012,456,Gampaha,95,A,A,A,A,5,2,4,5,1,1,3,4,5,2,3,3,ENGINEERING,UNIVERSITY OF JAFFNA,008E,No,Yes
2022,Technology,Engineering Technology,B,Mechanical Technology,A,Civil Technology,B,1.945,5678,Kalutara,79,B,A,A,B,4,2,5,3,3,2,5,5,5,3,4,4,FASHION DESIGN & PRODUCT DEVELOPMENT,UNIVERSITY OF MORATUWA,034G,No,Yes
2022,Arts,Economics,B,Geography,A,Political Science,C,1.234,16789,Kurunegala,67,B,A,B,B,2,3,2,3,5,4,3,2,4,5,5,5,MANAGEMENT STUDIES (TV),UNIVERSITY OF VAVUNIYA,022R,No,Yes
2022,Commerce,Business Studies,A,Accounting,A,Economics,B,2.345,3123,Kandy,86,A,A,A,A,3,2,2,4,5,1,2,3,4,4,5,3,COMMERCE,SOUTH EASTERN UNIVERSITY OF SRI LANKA,018J,No,Yes
2022,Biological Science,Chemistry,C,Biology,S,Physics,F,-0.789,51234,Anuradhapura,34,C,S,F,C,3,4,1,2,2,1,4,2,3,3,3,3,,,,No,
2022,Physical Science,Physics,S,Combined Mathematics,C,Chemistry,B,0.456,27890,Badulla,57,S,C,B,C,5,2,3,3,2,1,3,4,4,2,3,4,,,,No,
2022,Arts,Buddhism,A,History,B,Sinhala Language,A,1.945,5678,Jaffna,80,A,B,A,A,1,2,1,1,3,5,2,1,4,5,3,4,ARTS,UNIVERSITY OF RUHUNA,019F,No,Yes
2022,Technology,Information & Communication Technology (ICT),A,Science for Technology,B,Bio Systems Technology,C,1.789,8901,Ratnapura,76,A,B,B,B,4,1,3,5,4,2,3,4,5,3,4,4,INFORMATION AND COMMUNICATION TECHNOLOGY (ICT),RAJARATA UNIVERSITY OF SRI LANKA,038K,No,Yes
2022,Bio Systems Technology,Agro Technology,A,Bio Resource Technology,B,Bio Systems Technology,A,2.123,4231,Hambantota,83,A,B,A,A,3,3,2,3,4,3,5,5,4,4,4,4,AGRIBUSINESS MANAGEMENT,UNIVERSITY OF RUHUNA,094F,No,Yes
2022,Physical Science,Combined Mathematics,B,Physics,C,Chemistry,A,1.678,9876,Galle,74,B,C,A,B,5,2,4,4,2,1,4,4,4,3,4,3,PHYSICAL SCIENCE,UNIVERSITY OF SRI JAYEWARDENEPURA,013C,No,Yes
2022,Commerce,Economics,S,Business Statistics,C,Accounting,F,-0.567,48901,Polonnaruwa,38,S,C,F,C,2,2,1,3,5,2,2,2,3,4,5,4,,,,No,
2022,Arts,Dancing (Indigenous),A,Oriental Music,B,Drama & Theatre (Sinhala),A,2.678,1234,Colombo,89,A,A,A,A,1,1,5,1,2,5,1,2,3,5,2,4,ARTS (SP) - PERFORMING ARTS,SRIPALEE CAMPUS UNIVERSITY OF COLOMBO,041S,Yes,Yes
2022,Biological Science,Biology,A,Chemistry,A,Agricultural Science,B,2.012,4567,Kegalle,81,A,A,B,A,3,5,1,3,3,2,5,3,4,4,4,3,VETERINARY SCIENCE,UNIVERSITY OF PERADENIYA,003B,No,Yes
2022,Physical Science,Physics,A,Combined Mathematics,B,Chemistry,A,2.789,789,Batticaloa,92,A,B,A,A,5,1,4,5,1,1,3,4,5,2,3,2,COMPUTER SCIENCE,TRINCOMALEE CAMPUS EASTERN UNIVERSITY SRI LANKA,012W,No,Yes
2022,Arts,Political Science,B,Logic & Scientific Method,C,Geography,A,0.789,21234,Matale,61,B,C,A,C,2,3,2,2,4,4,3,3,4,5,4,5,,,,No,
2022,Technology,Civil Technology,A,Electrical Electronic & Information Technology,B,Mechanical Technology,A,2.234,3456,Trincomalee,84,A,B,A,A,4,2,5,3,3,2,4,5,5,3,4,4,ENGINEERING TECHNOLOGY (ET),UVA WELLASSA UNIVERSITY OF SRI LANKA,102U,No,Yes
2022,Biological Science,Chemistry,B,Biology,A,Physics,B,2.456,1234,Kurunegala,87,B,A,B,A,4,5,1,3,2,1,5,2,4,3,4,2,MEDICINE,RAJARATA UNIVERSITY OF SRI LANKA,001K,No,Yes
2022,Commerce,Accounting,B,Economics,A,Business Studies,A,2.012,4789,Puttalam,82,B,A,A,A,3,2,2,4,5,2,3,3,4,4,5,4,MANAGEMENT,RAJARATA UNIVERSITY OF SRI LANKA,016K,No,Yes
2022,Arts,Mass Media,A,Communication & Media Studies,B,History,C,1.456,13456,Mannar,69,A,B,B,C,2,3,3,2,4,5,3,2,4,5,4,5,COMMUNICATION STUDIES,TRINCOMALEE CAMPUS EASTERN UNIVERSITY SRI LANKA,029W,No,Yes
2022,Physical Science,Combined Mathematics,C,Physics,F,Chemistry,S,-0.345,46789,Moneragala,45,C,F,S,C,4,2,3,3,2,1,3,4,3,2,3,3,,,,No,
2022,Bio Systems Technology,Bio Resource Technology,B,Agro Technology,A,Bio Systems Technology,B,1.345,15678,Nuwara Eliya,68,B,A,B,B,3,3,2,3,4,3,5,5,3,4,4,4,GREEN TECHNOLOGY,UNIVERSITY OF RUHUNA,095F,No,Yes
2022,Technology,Science for Technology,B,Information & Communication Technology (ICT),A,Engineering Technology,C,1.89,6789,Kalutara,78,B,A,A,C,4,1,3,5,3,2,3,4,5,3,4,3,BIOSYSTEMS TECHNOLOGY (BST),UNIVERSITY OF JAFFNA,103E,No,Yes
2022,Arts,Drama & Theatre (Tamil),A,Dance,B,Carnatic Music,A,2.789,890,Jaffna,90,A,A,A,A,1,1,5,1,2,5,2,2,3,5,3,4,DRAMA & THEATRE,SWAMY VIPULANANDA INSTITUTE OF AESTHETIC STUDIES EASTERN UNIVERSITY SRI LANKA,071Y,Yes,Yes
2022,Biological Science,Biology,B,Chemistry,C,Physics,S,0.567,25678,Ampara,58,B,C,S,C,3,5,1,2,2,1,4,2,3,3,3,3,,,,No,
2022,Physical Science,Physics,A,Chemistry,B,Combined Mathematics,A,2.567,1678,Gampaha,88,A,B,A,A,5,2,4,4,2,1,4,4,4,3,4,3,ARCHITECTURE,UNIVERSITY OF MORATUWA,023G,No,Yes
2022,Commerce,Economics,A,Business Statistics,B,Accounting,C,1.678,8901,Colombo,75,A,B,C,B,3,2,2,4,5,1,2,3,4,4,5,3,INFORMATION SYSTEMS,SABARAGAMUWA UNIVERSITY OF SRI LANKA,096L,No,Yes
2022,Arts,Sanskrit,C,Pali,A,Arabic,B,1.123,17890,Vavuniya,65,C,A,B,C,2,2,1,1,3,4,2,1,4,5,3,4,ARABIC LANGUAGE,SOUTH EASTERN UNIVERSITY OF SRI LANKA,084J,No,Yes
2022,Technology,Mechanical Technology,B,Civil Technology,A,Electrical Electronic & Information Technology,B,1.945,5123,Ratnapura,80,B,A,B,B,4,2,5,3,3,2,4,5,5,3,4,4,TRANSLATION STUDIES,SABARAGAMUWA UNIVERSITY OF SRI LANKA,098L,No,Yes
2022,Biological Science,Chemistry,A,Biology,B,Agricultural Science,A,2.678,890,Kandy,91,A,B,A,A,4,5,1,3,3,2,5,3,4,4,4,3,SIDDHA MEDICINE AND SURGERY,TRINCOMALEE CAMPUS EASTERN UNIVERSITY SRI LANKA,036W,No,Yes
2022,Physical Science,Combined Mathematics,B,Physics,C,Chemistry,B,1.234,14567,Badulla,70,B,C,B,B,5,2,3,3,2,1,3,4,3,2,3,4,APPLIED SCIENCES (PHYSICAL SC.),TRINCOMALEE CAMPUS EASTERN UNIVERSITY SRI LANKA,015W,No,Yes
2022,Arts,Christian Civilization,A,History of Europe,B,Greek & Roman Civilization,C,1.567,12345,Galle,73,A,B,C,B,2,3,2,2,4,5,3,2,4,5,4,5,ARTS,RAJARATA UNIVERSITY OF SRI LANKA,019K,No,Yes
2022,Commerce,Business Studies,C,Economics,F,Accounting,S,-0.678,50123,Polonnaruwa,36,C,F,S,C,2,2,1,3,5,2,2,2,3,4,5,4,,,,No,
2022,Bio Systems Technology,Agro Technology,B,Bio Resource Technology,C,Bio Systems Technology,A,1.789,8901,Hambantota,77,B,C,A,B,3,3,2,3,4,3,5,5,4,4,4,4,INDUSTRIAL INFORMATION TECHNOLOGY,UVA WELLASSA UNIVERSITY OF SRI LANKA,075U,No,Yes
2022,Technology,Information & Communication Technology (ICT),A,Engineering Technology,B,Science for Technology,A,2.345,2890,Matara,87,A,B,A,A,4,1,3,5,3,2,3,4,5,3,4,3,SOFTWARE ENGINEERING,SABARAGAMUWA UNIVERSITY OF SRI LANKA,099L,No,Yes
2022,Arts,Visual Arts,A,Western Music,B,Art & Design,C,2.567,1890,Colombo,88,A,B,C,B,1,1,5,2,2,5,1,2,3,5,2,4,ART & DESIGN,UNIVERSITY OF JAFFNA,070E,Yes,Yes
2022,Biological Science,Biology,C,Chemistry,B,Physics,A,1.567,12345,Gampaha,71,C,B,A,B,4,5,1,2,2,1,4,2,3,3,3,3,PHYSIOTHERAPY,UNIVERSITY OF COLOMBO,054A,No,Yes
2022,Physical Science,Physics,B,Combined Mathematics,A,Chemistry,A,2.678,890,Kurunegala,92,B,A,A,A,5,2,4,5,2,1,4,4,4,3,4,3,ENGINEERING,UNIVERSITY OF RUHUNA,008F,No,Yes
2022,Commerce,Accounting,A,Business Studies,B,Economics,C,1.89,6789,Jaffna,78,A,B,C,B,3,2,2,4,5,2,3,3,4,4,5,4,MANAGEMENT,WAYAMBA UNIVERSITY OF SRI LANKA,016M,No,Yes
2022,Arts,Geography,A,Political Science,B,Logic & Scientific Method,C,1.345,14567,Kegalle,70,A,B,C,C,2,3,2,2,4,4,3,3,4,5,4,5,LAW,UNIVERSITY OF JAFFNA,025E,No,Yes
2022,Technology,Civil Technology,C,Mechanical Technology,S,Electrical Electronic & Information Technology,B,0.678,24567,Trincomalee,59,C,S,B,C,4,2,4,3,3,2,4,5,4,3,3,4,,,,No,
2022,Biological Science,Chemistry,B,Biology,A,Physics,C,1.89,7890,Anuradhapura,76,B,A,C,B,4,5,1,3,3,2,5,3,4,4,4,3,NURSING,UNIVERSITY OF JAFFNA,037E,No,Yes
2022,Physical Science,Combined Mathematics,A,Physics,B,Chemistry,A,2.945,567,Colombo,94,A,B,A,A,5,1,4,5,1,1,3,4,4,2,3,2,COMPUTER SCIENCE,UNIVERSITY OF KELANIYA,012D,No,Yes
2022,Arts,History,S,Sinhala Language,C,Buddhism,F,-0.789,52345,Matale,32,S,C,F,C,1,2,1,1,3,5,2,1,4,5,3,4,,,,No,
2022,Commerce,Economics,B,Accounting,A,Business Statistics,A,2.234,3456,Kandy,85,B,A,A,A,3,2,2,4,5,1,2,3,4,4,5,3,MANAGEMENT,SABARAGAMUWA UNIVERSITY OF SRI LANKA,016L,No,Yes
2022,Bio Systems Technology,Bio Resource Technology,A,Agro Technology,B,Bio Systems Technology,A,2.567,1678,Ratnapura,90,A,B,A,A,3,3,2,3,4,3,5,5,4,4,4,4,MINERAL RESOURCES AND TECHNOLOGY,UVA WELLASSA UNIVERSITY OF SRI LANKA,076U,No,Yes
2022,Technology,Engineering Technology,B,Information & Communication Technology (ICT),C,Science for Technology,A,1.456,13456,Galle,71,B,C,A,A,4,1,3,4,3,2,3,4,5,3,4,3,PROJECT MANAGEMENT,UNIVERSITY OF VAVUNIYA,101R,No,Yes
2022,Arts,Film & Television Studies,A,Drama & Theatre (English),B,Visual & Technological Arts,C,2.789,890,Colombo,91,A,B,C,B,1,1,5,2,3,5,1,3,4,5,3,4,VISUAL & TECHNOLOGICAL ARTS,SWAMY VIPULANANDA INSTITUTE OF AESTHETIC STUDIES EASTERN UNIVERSITY SRI LANKA,072Y,Yes,Yes
2022,Biological Science,Biology,B,Chemistry,C,Physics,B,1.678,8901,Badulla,74,B,C,B,B,4,5,1,3,2,1,5,2,4,3,4,3,MEDICAL LABORATORY SCIENCES,UNIVERSITY OF RUHUNA,052F,No,Yes
2022,Physical Science,Physics,C,Combined Mathematics,B,Chemistry,C,1.123,16789,Hambantota,68,C,B,C,C,5,2,3,3,2,1,3,4,3,2,3,4,SURVEYING SCIENCE,SABARAGAMUWA UNIVERSITY OF SRI LANKA,014L,No,Yes
2022,Commerce,Business Studies,B,Economics,C,Accounting,S,0.456,28901,Puttalam,53,B,C,S,C,3,2,2,3,5,2,2,3,4,4,5,4,,,,No,
,,,,,,,,,,,,,,,,,,,,,,,,,,,,,,,,
2022,Biological Science,Biology,A,Chemistry,A,Physics,B,3.012,345,Colombo,96,A,A,A,A,4,5,2,3,2,1,5,3,4,4,4,2,MEDICINE,UNIVERSITY OF KELANIYA,001D,No,Yes
2022,Physical Science,Combined Mathematics,A,Physics,B,Chemistry,A,2.789,789,Gampaha,93,A,B,A,A,5,2,4,5,1,1,3,4,5,2,3,3,ENGINEERING,UNIVERSITY OF MORATUWA,008G,No,Yes
2022,Technology,Information & Communication Technology (ICT),B,Science for Technology,A,Engineering Technology,B,1.89,6789,Kalutara,78,B,A,A,B,4,1,3,5,4,2,3,4,5,3,4,4,COMPUTER SCIENCE,UNIVERSITY OF SRI JAYEWARDENEPURA,012C,No,Yes
2022,Arts,Geography,B,Political Science,A,Economics,C,1.123,17890,Kurunegala,66,B,A,B,B,2,3,2,3,5,4,3,2,4,5,5,5,LAW,UNIVERSITY OF COLOMBO,025A,No,Yes
2022,Commerce,Accounting,A,Business Studies,B,Economics,A,2.456,2890,Kandy,87,A,B,A,A,3,2,2,4,5,1,2,3,4,4,5,3,MANAGEMENT,UNIVERSITY OF PERADENIYA,016B,No,Yes
2022,Biological Science,Chemistry,B,Biology,C,Physics,S,-0.456,47890,Anuradhapura,39,B,C,S,C,3,4,1,2,2,1,4,2,3,3,3,3,,,,No,
2022,Physical Science,Physics,C,Combined Mathematics,B,Chemistry,S,0.678,24567,Badulla,60,C,B,S,C,5,2,3,3,2,1,3,4,4,2,3,4,,,,No,
2022,Arts,Sinhala Language,A,Buddhism,B,History,A,2.012,4567,Jaffna,81,A,B,A,A,1,2,1,1,3,5,2,1,4,5,3,4,ARTS,SABARAGAMUWA UNIVERSITY OF SRI LANKA,021L,No,Yes
2022,Technology,Mechanical Technology,A,Civil Technology,B,Electrical Electronic & Information Technology,A,2.234,3456,Ratnapura,85,A,B,A,A,4,2,5,3,3,2,5,5,5,3,4,4,ENGINEERING TECHNOLOGY (ET),UNIVERSITY OF KELANIYA,102D,No,Yes
2022,Bio Systems Technology,Agro Technology,B,Bio Resource Technology,A,Bio Systems Technology,B,1.567,11234,Hambantota,72,B,A,B,B,3,3,2,3,4,3,5,5,4,4,4,4,FOOD SCIENCE & TECHNOLOGY,SABARAGAMUWA UNIVERSITY OF SRI LANKA,035L,No,Yes
2022,Physical Science,Combined Mathematics,A,Physics,C,Chemistry,B,1.789,7890,Galle,77,A,C,B,B,5,2,4,4,2,1,4,4,4,3,4,3,APPLIED SCIENCES (PHYSICAL SC.),RAJARATA UNIVERSITY OF SRI LANKA,015K,No,Yes
2022,Commerce,Economics,F,Business Statistics,S,Accounting,C,-0.678,50123,Polonnaruwa,37,F,S,C,C,2,2,1,3,5,2,2,2,3,4,5,4,,,,No,
2022,Arts,Western Music,A,Art & Design,B,Visual Arts,A,2.789,789,Colombo,92,A,B,A,A,1,1,5,2,2,5,1,2,3,5,2,4,VISUAL ARTS,UNIVERSITY OF THE VISUAL & PERFORMING ARTS,085Z,Yes,Yes
2022,Biological Science,Biology,B,Chemistry,A,Agricultural Science,A,2.123,4231,Kegalle,82,B,A,A,A,3,5,1,3,3,2,5,3,4,4,4,3,AGRICULTURE,EASTERN UNIVERSITY SRI LANKA,004H,No,Yes
2022,Physical Science,Physics,B,Combined Mathematics,A,Chemistry,A,2.678,890,Batticaloa,91,B,A,A,A,5,1,4,5,1,1,3,4,5,2,3,2,PHYSICAL SCIENCE,SOUTH EASTERN UNIVERSITY OF SRI LANKA,013J,No,Yes
2022,Arts,Logic & Scientific Method,C,Geography,B,Political Science,A,0.89,19876,Matale,63,C,B,A,C,2,3,2,2,4,4,3,3,4,5,4,5,,,,No,
2022,Technology,Engineering Technology,A,Science for Technology,B,Bio Systems Technology,C,1.945,5678,Trincomalee,79,A,B,C,B,4,2,4,3,3,2,4,5,5,2,3,4,BIOSYSTEMS TECHNOLOGY (BST),SOUTH EASTERN UNIVERSITY OF SRI LANKA,103J,No,Yes
2022,Biological Science,Chemistry,A,Biology,B,Physics,A,2.567,1234,Kurunegala,88,A,B,A,A,4,5,1,3,2,1,5,2,4,3,4,2,MEDICINE,SABARAGAMUWA UNIVERSITY OF SRI LANKA,001L,No,Yes
2022,Commerce,Business Studies,A,Accounting,B,Economics,A,2.234,3123,Puttalam,84,A,B,A,A,3,2,2,4,5,2,3,3,4,4,5,4,COMMERCE,EASTERN UNIVERSITY SRI LANKA,018H,No,Yes
2022,Arts,History of Modern World,B,Communication & Media Studies,A,Mass Media,C,1.567,12345,Mannar,71,B,A,C,C,2,3,3,2,4,5,3,2,4,5,4,5,ARTS (SP) - MASS MEDIA,SRIPALEE CAMPUS UNIVERSITY OF COLOMBO,020S,Yes,Yes
2022,Physical Science,Combined Mathematics,S,Physics,C,Chemistry,F,-0.345,46789,Moneragala,46,S,C,F,C,4,2,3,3,2,1,3,4,3,2,3,3,,,,No,
2022,Bio Systems Technology,Bio Resource Technology,A,Agro Technology,B,Bio Systems Technology,C,1.456,14567,Nuwara Eliya,69,A,B,C,B,3,3,2,3,4,3,5,5,3,4,4,4,SCIENCE AND TECHNOLOGY,UVA WELLASSA UNIVERSITY OF SRI LANKA,064U,No,Yes
2022,Technology,Information & Communication Technology (ICT),A,Engineering Technology,B,Science for Technology,A,2.012,4789,Kalutara,80,A,B,A,A,4,1,3,5,3,2,3,4,5,3,4,3,MANAGEMENT AND INFORMATION TECHNOLOGY (MIT),UNIVERSITY OF KELANIYA,027D,No,Yes
2022,Arts,Dance,A,Drama & Theatre (Tamil),B,Carnatic Music,A,2.678,1234,Jaffna,89,A,B,A,A,1,1,5,1,2,5,2,2,3,5,3,4,DANCE,UNIVERSITY OF THE VISUAL & PERFORMING ARTS,069Z,Yes,Yes
2022,Biological Science,Biology,C,Chemistry,B,Physics,B,0.789,23456,Ampara,61,C,B,B,C,3,5,1,2,2,1,4,2,3,3,3,3,,,,No,
2022,Physical Science,Physics,A,Combined Mathematics,B,Chemistry,A,2.456,1890,Gampaha,86,A,B,A,A,5,2,4,4,2,1,4,4,4,3,4,3,INFORMATION TECHNOLOGY (IT),UNIVERSITY OF MORATUWA,026G,No,Yes
2022,Commerce,Economics,B,Accounting,A,Business Statistics,C,1.789,7890,Colombo,76,B,A,C,B,3,2,2,4,5,1,2,3,4,4,5,3,BUSINESS INFORMATION SYSTEMS (HONOURS) (BIS),UNIVERSITY OF SRI JAYEWARDENEPURA,077C,No,Yes
2022,Arts,Islamic Civilization,A,Arabic,B,Pali,C,1.234,16789,Vavuniya,67,A,B,C,C,2,2,1,1,3,4,2,1,4,5,3,4,ISLAMIC STUDIES,SOUTH EASTERN UNIVERSITY OF SRI LANKA,063J,No,Yes
2022,Technology,Civil Technology,B,Mechanical Technology,A,Electrical Electronic & Information Technology,B,1.89,6789,Ratnapura,77,B,A,B,B,4,2,5,3,3,2,4,5,5,3,4,4,FACILITIES MANAGEMENT,UNIVERSITY OF MORATUWA,056G,No,Yes
2022,Biological Science,Chemistry,A,Biology,A,Agricultural Science,B,2.789,678,Kandy,94,A,A,B,A,4,5,1,3,3,2,5,3,4,4,4,3,PHARMACY,UNIVERSITY OF JAFFNA,051E,No,Yes
2022,Physical Science,Combined Mathematics,C,Physics,B,Chemistry,B,1.123,17890,Badulla,68,C,B,B,B,5,2,3,3,2,1,3,4,3,2,3,4,APPLIED SCIENCES (PHYSICAL SC.),SABARAGAMUWA UNIVERSITY OF SRI LANKA,015L,No,Yes
2022,Arts,Greek & Roman Civilization,B,History of Europe,A,Christian Civilization,C,1.678,11234,Galle,74,B,A,C,B,2,3,2,2,4,5,3,2,4,5,4,5,ARTS,EASTERN UNIVERSITY SRI LANKA,019H,No,Yes
2022,Commerce,Business Studies,S,Economics,C,Accounting,F,-0.567,48901,Polonnaruwa,40,S,C,F,C,2,2,1,3,5,2,2,2,3,4,5,4,,,,No,
2022,Bio Systems Technology,Agro Technology,A,Bio Resource Technology,C,Bio Systems Technology,B,1.945,5678,Hambantota,79,A,C,B,B,3,3,2,3,4,3,5,5,4,4,4,4,ENTREPRENEURSHIP AND MANAGEMENT,UVA WELLASSA UNIVERSITY OF SRI LANKA,066U,No,Yes
2022,Technology,Science for Technology,A,Information & Communication Technology (ICT),B,Engineering Technology,A,2.123,4231,Matara,83,A,B,A,A,4,1,3,5,3,2,3,4,5,3,4,3,SOFTWARE ENGINEERING,UNIVERSITY OF KELANIYA,099D,No,Yes
2022,Arts,Oriental Music,B,Dancing (Indigenous),A,Drama & Theatre (Sinhala),C,2.456,2345,Colombo,85,B,A,C,B,1,1,5,1,2,5,1,2,3,5,2,4,MUSIC,SWAMY VIPULANANDA INSTITUTE OF AESTHETIC STUDIES EASTERN UNIVERSITY SRI LANKA,068Y,Yes,Yes
2022,Biological Science,Biology,B,Chemistry,C,Physics,A,1.567,12345,Gampaha,72,B,C,A,B,4,5,1,2,2,1,4,2,3,3,3,3,ENVIRONMENTAL CONSERVATION & MANAGEMENT,UNIVERSITY OF KELANIYA,055D,No,Yes
2022,Physical Science,Physics,A,Combined Mathematics,A,Chemistry,B,2.945,456,Kurunegala,95,A,A,B,A,5,2,4,5,2,1,4,4,4,3,4,3,ENGINEERING,SOUTH EASTERN UNIVERSITY OF SRI LANKA,008J,No,Yes
2022,Commerce,Accounting,B,Economics,A,Business Studies,C,1.89,6789,Jaffna,78,B,A,C,B,3,2,2,4,5,2,3,3,4,4,5,4,MANAGEMENT,EASTERN UNIVERSITY SRI LANKA,016H,No,Yes
2022,Arts,Political Science,A,Geography,C,Logic & Scientific Method,B,1.234,15678,Kegalle,69,A,C,B,C,2,3,2,2,4,4,3,3,4,5,4,5,PEACE AND CONFLICT RESOLUTION,UNIVERSITY OF KELANIYA,031D,No,Yes
2022,Technology,Electrical Electronic & Information Technology,B,Mechanical Technology,C,Civil Technology,S,0.789,25678,Trincomalee,58,B,C,S,C,4,2,4,3,3,2,4,5,4,3,3,4,,,,No,
2022,Biological Science,Chemistry,B,Biology,A,Physics,B,1.945,7890,Anuradhapura,77,B,A,B,B,4,5,1,3,3,2,5,3,4,4,4,3,MEDICAL LABORATORY SCIENCES,UNIVERSITY OF JAFFNA,052E,No,Yes
2022,Physical Science,Combined Mathematics,B,Physics,A,Chemistry,A,2.678,890,Colombo,92,B,A,A,A,5,1,4,5,1,1,3,4,4,2,3,2,QUANTITY SURVEYING,UNIVERSITY OF MORATUWA,011G,No,Yes
2022,Arts,Buddhism,C,History,F,Sinhala Language,S,-0.789,51234,Matale,35,C,F,S,C,1,2,1,1,3,5,2,1,4,5,3,4,,,,No,
2022,Commerce,Economics,A,Business Statistics,B,Accounting,A,2.012,4567,Kandy,82,A,B,A,A,3,2,2,4,5,1,2,3,4,4,5,3,REAL ESTATE MANAGEMENT AND VALUATION,UNIVERSITY OF SRI JAYEWARDENEPURA,017C,No,Yes
2022,Bio Systems Technology,Bio Resource Technology,B,Agro Technology,A,Bio Systems Technology,A,2.345,2345,Ratnapura,86,B,A,A,A,3,3,2,3,4,3,5,5,4,4,4,4,COMPUTER SCIENCE & TECHNOLOGY,UVA WELLASSA UNIVERSITY OF SRI LANKA,065U,No,Yes
2022,Technology,Information & Communication Technology (ICT),C,Engineering Technology,A,Science for Technology,B,1.678,9876,Galle,73,C,A,B,B,4,1,3,4,3,2,3,4,5,3,4,3,URBAN INFORMATICS AND PLANNING,UNIVERSITY OF MORATUWA,030G,No,Yes
2022,Arts,Drama & Theatre (English),A,Film & Television Studies,B,Visual Arts,C,2.567,1890,Colombo,87,A,B,C,B,1,1,5,2,3,5,1,3,4,5,3,4,FILM & TELEVISION STUDIES,UNIVERSITY OF KELANIYA,100D,Yes,Yes
2022,Biological Science,Biology,A,Chemistry,B,Physics,C,1.789,8901,Badulla,75,A,B,C,B,4,5,1,3,2,1,5,2,4,3,4,3,NURSING,EASTERN UNIVERSITY SRI LANKA,037H,No,Yes
2022,Physical Science,Physics,B,Combined Mathematics,C,Chemistry,B,1.345,14567,Hambantota,70,B,C,B,B,5,2,3,3,2,1,3,4,3,2,3,4,FISHERIES & MARINE SCIENCES,UNIVERSITY OF RUHUNA,062F,No,Yes
2022,Commerce,Accounting,C,Economics,B,Business Studies,S,0.567,26789,Puttalam,55,C,B,S,C,3,2,2,3,5,2,2,3,4,4,5,4,,,,No,
,,,,,,,,,,,,,,,,,,,,,,,,,,,,,,,,
2022,Biological Science,Biology,A,Chemistry,A,Physics,B,2.945,567,Colombo,95,A,A,A,A,4,5,2,3,2,1,5,3,4,4,4,2,MEDICINE,WAYAMBA UNIVERSITY OF SRI LANKA,001M,No,Yes
2022,Physical Science,Combined Mathematics,B,Physics,A,Chemistry,A,2.789,890,Gampaha,92,B,A,A,A,5,2,4,5,1,1,3,4,5,2,3,3,ENGINEERING,UNIVERSITY OF PERADENIYA,008B,No,Yes
2022,Technology,Science for Technology,A,Information & Communication Technology (ICT),B,Engineering Technology,B,1.945,5678,Kalutara,80,A,B,B,B,4,1,3,5,4,2,3,4,5,3,4,4,BIOSYSTEMS TECHNOLOGY (BST),UNIVERSITY OF RUHUNA,103F,No,Yes
2022,Arts,Political Science,A,Geography,B,Economics,C,1.234,16789,Kurunegala,68,A,B,C,B,2,3,2,3,5,4,3,2,4,5,5,5,ARTS,UNIVERSITY OF COLOMBO,019A,No,Yes
2022,Commerce,Economics,A,Business Studies,A,Accounting,B,2.567,2345,Kandy,88,A,A,B,A,3,2,2,4,5,1,2,3,4,4,5,3,MANAGEMENT,UNIVERSITY OF SRI JAYEWARDENEPURA,016C,No,Yes
2022,Biological Science,Chemistry,S,Biology,B,Physics,C,-0.345,46789,Anuradhapura,41,S,B,C,C,3,4,1,2,2,1,4,2,3,3,3,3,,,,No,
2022,Physical Science,Physics,B,Combined Mathematics,C,Chemistry,S,0.789,23456,Badulla,62,B,C,S,C,5,2,3,3,2,1,3,4,4,2,3,4,,,,No,
2022,Arts,History,A,Sinhala Language,B,Buddhism,A,2.123,4231,Jaffna,82,A,B,A,A,1,2,1,1,3,5,2,1,4,5,3,4,ARTS,UNIVERSITY OF PERADENIYA,019B,No,Yes
2022,Technology,Civil Technology,A,Mechanical Technology,B,Electrical Electronic & Information Technology,A,2.012,4789,Ratnapura,81,A,B,A,A,4,2,5,3,3,2,5,5,5,3,4,4,ENGINEERING TECHNOLOGY (ET),UNIVERSITY OF MORATUWA,102G,No,Yes
2022,Bio Systems Technology,Bio Resource Technology,B,Agro Technology,A,Bio Systems Technology,B,1.678,9876,Hambantota,74,B,A,B,B,3,3,2,3,4,3,5,5,4,4,4,4,AGRICULTURE,WAYAMBA UNIVERSITY OF SRI LANKA,004M,No,Yes
2022,Physical Science,Combined Mathematics,A,Chemistry,B,Physics,C,1.89,6789,Galle,78,A,B,C,B,5,2,4,4,2,1,4,4,4,3,4,3,PHYSICAL SCIENCE,UNIVERSITY OF KELANIYA,013D,No,Yes
2022,Commerce,Business Statistics,C,Economics,F,Accounting,S,-0.567,48901,Polonnaruwa,39,C,F,S,C,2,2,1,3,5,2,2,2,3,4,5,4,,,,No,
2022,Arts,Drama & Theatre (Sinhala),A,Oriental Music,B,Dancing (Indigenous),A,2.678,1234,Colombo,90,A,B,A,A,1,1,5,1,2,5,1,2,3,5,2,4,DRAMA & THEATRE,UNIVERSITY OF THE VISUAL & PERFORMING ARTS,071Z,Yes,Yes
2022,Biological Science,Biology,A,Chemistry,B,Agricultural Science,A,2.234,3123,Kegalle,83,A,B,A,A,3,5,1,3,3,2,5,3,4,4,4,3,AGRICULTURE,SABARAGAMUWA UNIVERSITY OF SRI LANKA,004L,No,Yes
2022,Physical Science,Physics,A,Combined Mathematics,A,Chemistry,B,3.012,456,Batticaloa,96,A,A,B,A,5,1,4,5,1,1,3,4,5,2,3,2,COMPUTER SCIENCE,UNIVERSITY OF RUHUNA,012F,No,Yes
2022,Arts,Geography,C,Political Science,B,Logic & Scientific Method,A,0.89,19876,Matale,64,C,B,A,C,2,3,2,2,4,4,3,3,4,5,4,5,,,,No,
2022,Technology,Engineering Technology,B,Science for Technology,A,Bio Systems Technology,C,1.789,8901,Trincomalee,76,B,A,C,B,4,2,4,3,3,2,4,5,5,2,3,4,ENGINEERING TECHNOLOGY (ET),RAJARATA UNIVERSITY OF SRI LANKA,102K,No,Yes
2022,Biological Science,Chemistry,B,Biology,A,Physics,B,2.456,1234,Kurunegala,87,B,A,B,A,4,5,1,3,2,1,5,2,4,3,4,2,MEDICINE,UVA WELLASSA UNIVERSITY OF SRI LANKA,001U,No,Yes
2022,Commerce,Accounting,A,Economics,B,Business Studies,A,2.123,4231,Puttalam,84,A,B,A,A,3,2,2,4,5,2,3,3,4,4,5,4,MANAGEMENT,UNIVERSITY OF KELANIYA,016D,No,Yes
2022,Arts,Communication & Media Studies,A,Mass Media,B,History of India,C,1.456,13456,Mannar,70,A,B,C,C,2,3,3,2,4,5,3,2,4,5,4,5,ARTS (SP) - MASS MEDIA,SRIPALEE CAMPUS UNIVERSITY OF COLOMBO,020S,Yes,Yes
2022,Physical Science,Combined Mathematics,F,Physics,S,Chemistry,C,-0.234,45678,Moneragala,48,F,S,C,C,4,2,3,3,2,1,3,4,3,2,3,3,,,,No,
2022,Bio Systems Technology,Agro Technology,C,Bio Resource Technology,B,Bio Systems Technology,A,1.345,15678,Nuwara Eliya,69,C,B,A,B,3,3,2,3,4,3,5,5,3,4,4,4,TOURISM & HOSPITALITY MANAGEMENT,RAJARATA UNIVERSITY OF SRI LANKA,092K,No,Yes
2022,Technology,Information & Communication Technology (ICT),B,Engineering Technology,A,Science for Technology,B,1.945,5678,Kalutara,79,B,A,B,B,4,1,3,5,3,2,3,4,5,3,4,3,INFORMATION SYSTEMS,UNIVERSITY OF COLOMBO SCHOOL OF COMPUTING,096T,No,Yes
2022,Arts,Carnatic Music,A,Drama & Theatre (Tamil),B,Dance,A,2.789,890,Jaffna,91,A,B,A,A,1,1,5,1,2,5,2,2,3,5,3,4,DANCE,SWAMY VIPULANANDA INSTITUTE OF AESTHETIC STUDIES EASTERN UNIVERSITY SRI LANKA,069Y,Yes,Yes
2022,Biological Science,Biology,B,Chemistry,C,Physics,S,0.678,24567,Ampara,59,B,C,S,C,3,5,1,2,2,1,4,2,3,3,3,3,,,,No,
2022,Physical Science,Physics,B,Chemistry,A,Combined Mathematics,A,2.567,1678,Gampaha,89,B,A,A,A,5,2,4,4,2,1,4,4,4,3,4,3,DESIGN,UNIVERSITY OF MORATUWA,024G,No,Yes
2022,Commerce,Business Statistics,B,Economics,A,Accounting,C,1.678,8901,Colombo,77,B,A,C,B,3,2,2,4,5,1,2,3,4,4,5,3,COMMERCE,UNIVERSITY OF JAFFNA,018E,No,Yes
2022,Arts,Pali,A,Sanskrit,B,Arabic,C,1.123,17890,Vavuniya,66,A,B,C,C,2,2,1,1,3,4,2,1,4,5,3,4,,,,No,
2022,Technology,Mechanical Technology,A,Electrical Electronic & Information Technology,B,Civil Technology,B,2.012,4567,Ratnapura,82,A,B,B,B,4,2,5,3,3,2,4,5,5,3,4,4,LANDSCAPE ARCHITECTURE,UNIVERSITY OF MORATUWA,097G,No,Yes
2022,Biological Science,Chemistry,A,Biology,A,Agricultural Science,B,2.678,890,Kandy,93,A,A,B,A,4,5,1,3,3,2,5,3,4,4,4,3,FOOD SCIENCE & TECHNOLOGY,UNIVERSITY OF PERADENIYA,035B,No,Yes
2022,Physical Science,Combined Mathematics,B,Physics,C,Chemistry,B,1.234,14567,Badulla,71,B,C,B,B,5,2,3,3,2,1,3,4,3,2,3,4,APPLIED SCIENCES (PHYSICAL SC.),WAYAMBA UNIVERSITY OF SRI LANKA,015M,No,Yes
2022,Arts,History of Europe,A,Christian Civilization,B,Greek & Roman Civilization,C,1.567,12345,Galle,75,A,B,C,B,2,3,2,2,4,5,3,2,4,5,4,5,ARTS,UNIVERSITY OF JAFFNA,019E,No,Yes
2022,Commerce,Economics,S,Business Studies,F,Accounting,C,-0.678,50123,Polonnaruwa,37,S,F,C,C,2,2,1,3,5,2,2,2,3,4,5,4,,,,No,
2022,Bio Systems Technology,Bio Resource Technology,A,Agro Technology,B,Bio Systems Technology,C,1.89,7890,Hambantota,78,A,B,C,B,3,3,2,3,4,3,5,5,4,4,4,4,AQUATIC RESOURCES TECHNOLOGY,UVA WELLASSA UNIVERSITY OF SRI LANKA,088U,No,Yes
2022,Technology,Information & Communication Technology (ICT),A,Science for Technology,B,Engineering Technology,A,2.234,3456,Matara,85,A,B,A,A,4,1,3,5,3,2,3,4,5,3,4,3,SOFTWARE ENGINEERING,UNIVERSITY OF SRI JAYEWARDENEPURA,099C,No,Yes
2022,Arts,Western Music,A,Visual Arts,B,Art & Design,C,2.456,2345,Colombo,86,A,B,C,B,1,1,5,2,2,5,1,2,3,5,2,4,MUSIC,UNIVERSITY OF JAFFNA,068E,No,Yes
2022,Biological Science,Biology,C,Chemistry,B,Physics,B,1.456,13456,Gampaha,72,C,B,B,B,4,5,1,2,2,1,4,2,3,3,3,3,HEALTH PROMOTION,RAJARATA UNIVERSITY OF SRI LANKA,050K,No,Yes
2022,Physical Science,Physics,A,Combined Mathematics,B,Chemistry,A,2.789,678,Kurunegala,94,A,B,A,A,5,2,4,5,2,1,4,4,4,3,4,3,ENGINEERING (EM),UNIVERSITY OF MORATUWA,009G,No,Yes
2022,Commerce,Business Studies,B,Accounting,A,Economics,C,1.945,5678,Jaffna,79,B,A,C,B,3,2,2,4,5,2,3,3,4,4,5,4,MANAGEMENT,SOUTH EASTERN UNIVERSITY OF SRI LANKA,016J,No,Yes
2022,Arts,Logic & Scientific Method,B,Political Science,A,Geography,C,1.345,14567,Kegalle,70,B,A,C,C,2,3,2,2,4,4,3,3,4,5,4,5,TRANSLATION STUDIES,EASTERN UNIVERSITY SRI LANKA,098H,No,Yes
2022,Technology,Mechanical Technology,S,Civil Technology,B,Electrical Electronic & Information Technology,C,0.89,23456,Trincomalee,60,S,B,C,C,4,2,4,3,3,2,4,5,4,3,3,4,,,,No,
2022,Biological Science,Chemistry,A,Biology,B,Physics,C,1.789,8901,Anuradhapura,76,A,B,C,B,4,5,1,3,3,2,5,3,4,4,4,3,PHARMACY,UNIVERSITY OF SRI JAYEWARDENEPURA,051C,No,Yes
2022,Physical Science,Combined Mathematics,A,Physics,A,Chemistry,B,3.156,189,Colombo,97,A,A,B,A,5,1,4,5,1,1,3,4,4,2,3,2,ENGINEERING (TM),UNIVERSITY OF MORATUWA,010G,No,Yes
2022,Arts,Sinhala Language,F,History,S,Buddhism,C,-0.789,51234,Matale,34,F,S,C,C,1,2,1,1,3,5,2,1,4,5,3,4,,,,No,
2022,Commerce,Economics,A,Business Statistics,A,Accounting,B,2.123,4123,Kandy,85,A,A,B,A,3,2,2,4,5,1,2,3,4,4,5,3,MANAGEMENT AND PUBLIC POLICY,UNIVERSITY OF SRI JAYEWARDENEPURA,028C,No,Yes
2022,Bio Systems Technology,Agro Technology,B,Bio Resource Technology,A,Bio Systems Technology,A,2.456,1890,Ratnapura,89,B,A,A,A,3,3,2,3,4,3,5,5,4,4,4,4,EXPORT AGRICULTURE,UVA WELLASSA UNIVERSITY OF SRI LANKA,073U,No,Yes
2022,Technology,Engineering Technology,C,Information & Communication Technology (ICT),B,Science for Technology,A,1.567,12345,Galle,73,C,B,A,A,4,1,3,4,3,2,3,4,5,3,4,3,MANAGEMENT STUDIES (TV),TRINCOMALEE CAMPUS EASTERN UNIVERSITY SRI LANKA,022W,No,Yes
2022,Arts,Film & Television Studies,B,Drama & Theatre (English),A,Visual & Technological Arts,C,2.678,1234,Colombo,91,B,A,C,B,1,1,5,2,3,5,1,3,4,5,3,4,FILM & TELEVISION STUDIES,UNIVERSITY OF KELANIYA,100D,Yes,Yes
2022,Biological Science,Biology,A,Chemistry,C,Physics,B,1.945,6789,Badulla,77,A,C,B,B,4,5,1,3,2,1,5,2,4,3,4,3,NURSING,UNIVERSITY OF PERADENIYA,037B,No,Yes
2022,Physical Science,Physics,C,Combined Mathematics,B,Chemistry,C,1.123,16789,Hambantota,69,C,B,C,C,5,2,3,3,2,1,3,4,3,2,3,4,APPLIED SCIENCES (PHYSICAL SC.),UNIVERSITY OF VAVUNIYA,015R,No,Yes
2022,Commerce,Accounting,S,Business Studies,C,Economics,B,0.456,28901,Puttalam,54,S,C,B,C,3,2,2,3,5,2,2,3,4,4,5,4,,,,No,
,,,,,,,,,,,,,,,,,,,,,,,,,,,,,,,,
2022,Biological Science,Biology,A,Chemistry,A,Physics,B,2.89,678,Colombo,93,A,A,A,A,4,5,2,3,2,1,5,3,4,4,4,2,MEDICINE,UNIVERSITY OF MORATUWA,001G,No,Yes
2022,Physical Science,Combined Mathematics,A,Physics,A,Chemistry,B,3.045,456,Gampaha,96,A,A,A,A,5,2,4,5,1,1,3,4,5,2,3,3,ENGINEERING,UNIVERSITY OF SRI JAYEWARDENEPURA,008C,No,Yes
2022,Technology,Information & Communication Technology (ICT),B,Engineering Technology,A,Science for Technology,B,1.834,6789,Kalutara,77,B,A,A,B,4,1,3,5,4,2,3,4,5,3,4,4,ENGINEERING TECHNOLOGY (ET),SOUTH EASTERN UNIVERSITY OF SRI LANKA,102J,No,Yes
2022,Arts,Economics,B,Political Science,A,Geography,C,1.345,15678,Kurunegala,69,B,A,C,B,2,3,2,3,5,4,3,2,4,5,5,5,MANAGEMENT STUDIES (TV),UNIVERSITY OF MORATUWA,023G,No,Yes
2022,Commerce,Business Studies,A,Accounting,A,Economics,B,2.456,2890,Kandy,87,A,A,B,A,3,2,2,4,5,1,2,3,4,4,5,3,COMMERCE,UNIVERSITY OF SRI JAYEWARDENEPURA,018C,No,Yes
2022,Biological Science,Chemistry,C,Biology,S,Physics,F,-0.456,47890,Anuradhapura,40,C,S,F,C,3,4,1,2,2,1,4,2,3,3,3,3,,,,No,
2022,Physical Science,Physics,S,Combined Mathematics,B,Chemistry,C,0.678,24567,Badulla,61,S,B,C,C,5,2,3,3,2,1,3,4,4,2,3,4,,,,No,
2022,Arts,Buddhism,A,Sinhala Language,B,History,A,2.012,4789,Jaffna,82,A,B,A,A,1,2,1,1,3,5,2,1,4,5,3,4,ARTS,EASTERN UNIVERSITY SRI LANKA,019H,No,Yes
2022,Technology,Mechanical Technology,A,Civil Technology,B,Electrical Electronic & Information Technology,A,2.123,4231,Ratnapura,83,A,B,A,A,4,2,5,3,3,2,5,5,5,3,4,4,FASHION DESIGN & PRODUCT DEVELOPMENT,UNIVERSITY OF MORATUWA,034G,No,Yes
2022,Bio Systems Technology,Agro Technology,B,Bio Resource Technology,A,Bio Systems Technology,B,1.789,7890,Hambantota,75,B,A,B,B,3,3,2,3,4,3,5,5,4,4,4,4,BIOSYSTEMS TECHNOLOGY (BST),EASTERN UNIVERSITY SRI LANKA,103H,No,Yes
2022,Physical Science,Combined Mathematics,B,Physics,C,Chemistry,A,1.678,9876,Galle,74,B,C,A,B,5,2,4,4,2,1,4,4,4,3,4,3,PHYSICAL SCIENCE,UNIVERSITY OF JAFFNA,013E,No,Yes
2022,Commerce,Economics,S,Business Statistics,C,Accounting,F,-0.789,51234,Polonnaruwa,35,S,C,F,C,2,2,1,3,5,2,2,2,3,4,5,4,,,,No,
2022,Arts,Oriental Music,A,Dancing (Bharatha),B,Drama & Theatre (Sinhala),A,2.789,890,Colombo,91,A,B,A,A,1,1,5,1,2,5,1,2,3,5,2,4,MUSIC,UNIVERSITY OF THE VISUAL & PERFORMING ARTS,068Z,Yes,Yes
2022,Biological Science,Biology,B,Chemistry,A,Agricultural Science,B,2.012,4567,Kegalle,81,B,A,B,A,3,5,1,3,3,2,5,3,4,4,4,3,AGRICULTURE,RAJARATA UNIVERSITY OF SRI LANKA,004K,No,Yes
2022,Physical Science,Physics,A,Combined Mathematics,B,Chemistry,A,2.678,1234,Batticaloa,90,A,B,A,A,5,1,4,5,1,1,3,4,5,2,3,2,COMPUTER SCIENCE,UNIVERSITY OF COLOMBO SCHOOL OF COMPUTING,012T,No,Yes
2022,Arts,Logic & Scientific Method,B,Geography,A,Political Science,C,0.89,19876,Matale,63,B,A,C,C,2,3,2,2,4,4,3,3,4,5,4,5,,,,No,
2022,Technology,Science for Technology,A,Engineering Technology,B,Bio Systems Technology,C,1.945,5678,Trincomalee,79,A,B,C,B,4,2,4,3,3,2,4,5,5,2,3,4,BIOSYSTEMS TECHNOLOGY (BST),UNIVERSITY OF COLOMBO,103A,No,Yes
2022,Biological Science,Chemistry,A,Biology,A,Physics,B,2.567,890,Kurunegala,89,A,A,B,A,4,5,1,3,2,1,5,2,4,3,4,2,DENTAL SURGERY,UNIVERSITY OF PERADENIYA,002B,No,Yes
2022,Commerce,Accounting,B,Economics,A,Business Studies,A,2.234,3456,Puttalam,85,B,A,A,A,3,2,2,4,5,2,3,3,4,4,5,4,MANAGEMENT,UNIVERSITY OF RUHUNA,016F,No,Yes
2022,Arts,History of India,A,Communication & Media Studies,B,Mass Media,C,1.456,13456,Mannar,70,A,B,C,C,2,3,3,2,4,5,3,2,4,5,4,5,COMMUNICATION STUDIES,TRINCOMALEE CAMPUS EASTERN UNIVERSITY SRI LANKA,029W,No,Yes
2022,Physical Science,Combined Mathematics,C,Physics,F,Chemistry,S,-0.345,46789,Moneragala,47,C,F,S,C,4,2,3,3,2,1,3,4,3,2,3,3,,,,No,
2022,Bio Systems Technology,Bio Resource Technology,B,Agro Technology,A,Bio Systems Technology,C,1.567,12345,Nuwara Eliya,71,B,A,C,B,3,3,2,3,4,3,5,5,3,4,4,4,INDUSTRIAL INFORMATION TECHNOLOGY,UVA WELLASSA UNIVERSITY OF SRI LANKA,075U,No,Yes
2022,Technology,Information & Communication Technology (ICT),A,Science for Technology,B,Engineering Technology,A,2.012,4789,Kalutara,82,A,B,A,A,4,1,3,5,3,2,3,4,5,3,4,3,INFORMATION TECHNOLOGY & MANAGEMENT,UNIVERSITY OF MORATUWA,091G,No,Yes
2022,Arts,Drama & Theatre (Tamil),A,Carnatic Music,B,Dance,A,2.678,1234,Jaffna,90,A,B,A,A,1,1,5,1,2,5,2,2,3,5,3,4,DRAMA & THEATRE,SWAMY VIPULANANDA INSTITUTE OF AESTHETIC STUDIES EASTERN UNIVERSITY SRI LANKA,071Y,Yes,Yes
2022,Biological Science,Biology,C,Chemistry,B,Physics,B,0.789,23456,Ampara,62,C,B,B,C,3,5,1,2,2,1,4,2,3,3,3,3,,,,No,
2022,Physical Science,Physics,A,Chemistry,B,Combined Mathematics,A,2.456,1890,Gampaha,88,A,B,A,A,5,2,4,4,2,1,4,4,4,3,4,3,ARCHITECTURE,UNIVERSITY OF MORATUWA,023G,No,Yes
2022,Commerce,Economics,A,Business Statistics,C,Accounting,B,1.789,7890,Colombo,78,A,C,B,B,3,2,2,4,5,1,2,3,4,4,5,3,REAL ESTATE MANAGEMENT AND VALUATION,UNIVERSITY OF SRI JAYEWARDENEPURA,017C,No,Yes
2022,Arts,Arabic,A,Islamic Civilization,B,Pali,C,1.234,16789,Vavuniya,68,A,B,C,C,2,2,1,1,3,4,2,1,4,5,3,4,ARABIC LANGUAGE,SOUTH EASTERN UNIVERSITY OF SRI LANKA,084J,No,Yes
2022,Technology,Electrical Electronic & Information Technology,B,Civil Technology,A,Mechanical Technology,B,1.89,6789,Ratnapura,76,B,A,B,B,4,2,5,3,3,2,4,5,5,3,4,4,FACILITIES MANAGEMENT,UNIVERSITY OF MORATUWA,056G,No,Yes
2022,Biological Science,Chemistry,B,Biology,A,Agricultural Science,A,2.789,678,Kandy,92,B,A,A,A,4,5,1,3,3,2,5,3,4,4,4,3,SIDDHA MEDICINE AND SURGERY,UNIVERSITY OF JAFFNA,036E,No,Yes
2022,Physical Science,Combined Mathematics,C,Physics,B,Chemistry,B,1.123,17890,Badulla,69,C,B,B,B,5,2,3,3,2,1,3,4,3,2,3,4,SURVEYING SCIENCE,SABARAGAMUWA UNIVERSITY OF SRI LANKA,014L,No,Yes
2022,Arts,Christian Civilization,B,Greek & Roman Civilization,A,History of Europe,C,1.678,11234,Galle,73,B,A,C,B,2,3,2,2,4,5,3,2,4,5,4,5,ARTS,SOUTH EASTERN UNIVERSITY OF SRI LANKA,019J,No,Yes
2022,Commerce,Business Studies,F,Economics,S,Accounting,C,-0.567,48901,Polonnaruwa,41,F,S,C,C,2,2,1,3,5,2,2,2,3,4,5,4,,,,No,
2022,Bio Systems Technology,Agro Technology,A,Bio Resource Technology,B,Bio Systems Technology,C,1.945,5678,Hambantota,80,A,B,C,B,3,3,2,3,4,3,5,5,4,4,4,4,ANIMAL PRODUCTION AND FOOD TECHNOLOGY,WAYAMBA UNIVERSITY OF SRI LANKA,087M,No,Yes
2022,Technology,Engineering Technology,B,Information & Communication Technology (ICT),A,Science for Technology,A,2.234,3456,Matara,86,B,A,A,A,4,1,3,5,3,2,3,4,5,3,4,3,COMPUTER SCIENCE,UNIVERSITY OF KELANIYA,012D,No,Yes
2022,Arts,Art & Design,A,Visual Arts,B,Western Music,C,2.567,1890,Colombo,89,A,B,C,B,1,1,5,2,2,5,1,2,3,5,2,4,VISUAL ARTS,UNIVERSITY OF THE VISUAL & PERFORMING ARTS,085Z,Yes,Yes
2022,Biological Science,Biology,B,Chemistry,C,Physics,A,1.567,12345,Gampaha,72,B,C,A,B,4,5,1,2,2,1,4,2,3,3,3,3,PHYSIOTHERAPY,UNIVERSITY OF PERADENIYA,054B,No,Yes
2022,Physical Science,Physics,B,Combined Mathematics,A,Chemistry,A,2.678,890,Kurunegala,91,B,A,A,A,5,2,4,5,2,1,4,4,4,3,4,3,QUANTITY SURVEYING,UNIVERSITY OF MORATUWA,011G,No,Yes
2022,Commerce,Accounting,A,Business Studies,C,Economics,B,1.89,6789,Jaffna,79,A,C,B,B,3,2,2,4,5,2,3,3,4,4,5,4,MANAGEMENT,SABARAGAMUWA UNIVERSITY OF SRI LANKA,016L,No,Yes
2022,Arts,Geography,B,Logic & Scientific Method,A,Political Science,C,1.234,15678,Kegalle,70,B,A,C,C,2,3,2,2,4,4,3,3,4,5,4,5,TRANSLATION STUDIES,UNIVERSITY OF JAFFNA,098E,No,Yes
2022,Technology,Civil Technology,C,Mechanical Technology,B,Electrical Electronic & Information Technology,S,0.789,25678,Trincomalee,59,C,B,S,C,4,2,4,3,3,2,4,5,4,3,3,4,,,,No,
2022,Biological Science,Chemistry,A,Biology,B,Physics,C,1.789,8901,Anuradhapura,77,A,B,C,B,4,5,1,3,3,2,5,3,4,4,4,3,NURSING,UNIVERSITY OF RUHUNA,037F,No,Yes
2022,Physical Science,Combined Mathematics,A,Physics,B,Chemistry,A,2.945,567,Colombo,94,A,B,A,A,5,1,4,5,1,1,3,4,4,2,3,2,INFORMATION TECHNOLOGY (IT),UNIVERSITY OF MORATUWA,026G,No,Yes
2022,Arts,History,C,Sinhala Language,F,Buddhism,S,-0.678,50123,Matale,36,C,F,S,C,1,2,1,1,3,5,2,1,4,5,3,4,,,,No,
2022,Commerce,Economics,B,Accounting,A,Business Statistics,A,2.012,4567,Kandy,84,B,A,A,A,3,2,2,4,5,1,2,3,4,4,5,3,BUSINESS INFORMATION SYSTEMS (HONOURS) (BIS),UNIVERSITY OF SRI JAYEWARDENEPURA,077C,No,Yes
2022,Bio Systems Technology,Bio Resource Technology,A,Agro Technology,B,Bio Systems Technology,A,2.345,2345,Ratnapura,87,A,B,A,A,3,3,2,3,4,3,5,5,4,4,4,4,"Hospitality, Tourism and Events Management",Uva Wellassa University,090U,No,Yes
2022,Technology,Science for Technology,B,Information & Communication Technology (ICT),C,Engineering Technology,A,1.456,13456,Galle,71,B,C,A,A,4,1,3,4,3,2,3,4,5,3,4,3,PROJECT MANAGEMENT,UNIVERSITY OF VAVUNIYA,101R,No,Yes
2022,Arts,Visual & Technological Arts,A,Drama & Theatre (English),B,Film & Television Studies,C,2.789,890,Colombo,92,A,B,C,B,1,1,5,2,3,5,1,3,4,5,3,4,VISUAL & TECHNOLOGICAL ARTS,SWAMY VIPULANANDA INSTITUTE OF AESTHETIC STUDIES EASTERN UNIVERSITY SRI LANKA,072Y,Yes,Yes
2022,Biological Science,Biology,A,Chemistry,B,Physics,C,1.89,6789,Badulla,78,A,B,C,B,4,5,1,3,2,1,5,2,4,3,4,3,MEDICAL LABORATORY SCIENCES,UNIVERSITY OF PERADENIYA,052B,No,Yes
2022,Physical Science,Physics,C,Combined Mathematics,B,Chemistry,B,1.234,14567,Hambantota,70,C,B,B,B,5,2,3,3,2,1,3,4,3,2,3,4,FISHERIES & MARINE SCIENCES,UNIVERSITY OF RUHUNA,062F,No,Yes
2022,Commerce,Business Studies,B,Economics,C,Accounting,S,0.567,26789,Puttalam,56,B,C,S,C,3,2,2,3,5,2,2,3,4,4,5,4,,,,No,
,,,,,,,,,,,,,,,,,,,,,,,,,,,,,,,,
2022,Biological Science,Biology,B,Chemistry,A,Physics,A,2.567,1234,Colombo,89,B,A,A,A,4,5,1,3,2,1,5,2,4,3,4,3,MEDICINE,UNIVERSITY OF JAFFNA,001E,No,Yes
2022,Physical Science,Combined Mathematics,A,Chemistry,B,Physics,A,2.901,567,Gampaha,94,A,B,A,A,5,2,4,5,1,1,3,4,5,2,3,2,ENGINEERING,UNIVERSITY OF MORATUWA,008G,No,Yes
2022,Technology,Bio Systems Technology,A,Agro Technology,B,Engineering Technology,C,1.678,8901,Kalutara,74,A,B,C,B,4,2,3,4,3,2,5,5,4,3,4,4,BIOSYSTEMS TECHNOLOGY (BST),UNIVERSITY OF PERADENIYA,111B,No,Yes
2022,Arts,History,B,Economics,A,Political Science,B,1.456,14567,Kurunegala,71,B,A,B,B,2,3,2,2,5,4,3,2,4,5,4,5,ARTS,UNIVERSITY OF KELANIYA,019D,No,Yes
2022,Commerce,Accounting,A,Economics,B,Business Studies,A,2.234,3456,Kandy,86,A,B,A,A,3,2,2,4,5,1,2,3,4,4,5,3,MANAGEMENT,UNIVERSITY OF JAFFNA,016E,No,Yes
2022,Biological Science,Chemistry,F,Biology,C,Physics,S,-0.567,48901,Anuradhapura,38,F,C,S,C,3,4,1,2,2,1,4,2,3,3,3,3,,,,No,
2022,Physical Science,Physics,C,Combined Mathematics,S,Chemistry,B,0.456,27890,Badulla,58,C,S,B,C,5,2,3,3,2,1,3,4,4,2,3,4,,,,No,
2022,Arts,Sinhala Language,A,History,B,Buddhism,A,1.89,6789,Jaffna,80,A,B,A,A,1,2,1,1,3,5,2,1,4,5,3,4,ARTS,SOUTH EASTERN UNIVERSITY OF SRI LANKA,019J,No,Yes
2022,Technology,Information & Communication Technology (ICT),B,Science for Technology,A,Mechanical Technology,B,2.012,4567,Ratnapura,81,B,A,B,A,4,1,3,5,3,2,4,5,5,3,4,3,ENGINEERING TECHNOLOGY (ET),WAYAMBA UNIVERSITY OF SRI LANKA,102M,No,Yes
2022,Bio Systems Technology,Bio Resource Technology,A,Bio Systems Technology,B,Agro Technology,C,1.789,7890,Hambantota,76,A,B,C,B,3,3,2,3,4,3,5,5,4,4,4,4,BIOSYSTEMS TECHNOLOGY (BST),UNIVERSITY OF PERADENIYA,112B,No,Yes
2022,Physical Science,Combined Mathematics,B,Physics,A,Chemistry,C,1.945,5678,Galle,79,B,A,C,B,5,2,4,4,2,1,4,4,4,3,4,3,PHYSICAL SCIENCE,UNIVERSITY OF PERADENIYA,013B,No,Yes
2022,Commerce,Business Statistics,S,Economics,F,Accounting,C,-0.678,50123,Polonnaruwa,36,S,F,C,C,2,2,1,3,5,2,2,2,3,4,5,4,,,,No,
2022,Arts,Dancing (Indigenous),A,Drama & Theatre (Sinhala),B,Oriental Music,A,2.456,2345,Colombo,88,A,B,A,A,1,1,5,1,2,5,1,2,3,5,2,4,DANCE,UNIVERSITY OF THE VISUAL & PERFORMING ARTS,069Z,Yes,Yes
2022,Biological Science,Biology,A,Agricultural Science,B,Chemistry,A,2.123,4231,Kegalle,84,A,B,A,A,3,5,1,3,3,2,5,3,4,4,4,3,NURSING,UNIVERSITY OF COLOMBO,037A,No,Yes
2022,Physical Science,Physics,A,Combined Mathematics,B,Chemistry,A,2.678,890,Batticaloa,92,A,B,A,A,5,1,4,5,1,1,3,4,5,2,3,2,COMPUTER SCIENCE,UNIVERSITY OF SRI JAYEWARDENEPURA,012C,No,Yes
2022,Arts,Geography,A,Logic & Scientific Method,B,Political Science,C,1.012,18901,Matale,65,A,B,C,B,2,3,2,2,4,4,3,3,4,5,4,5,,,,No,
2022,Technology,Electrical Electronic & Information Technology,A,Civil Technology,B,Food Technology,C,1.567,11234,Trincomalee,73,A,B,C,B,4,2,5,3,3,2,4,5,5,2,3,4,ENGINEERING TECHNOLOGY (ET),UNIVERSITY OF COLOMBO,102A,No,Yes
2022,Biological Science,Chemistry,B,Biology,A,Agricultural Science,B,2.789,678,Kurunegala,90,B,A,B,A,4,5,1,3,2,1,5,2,4,3,4,2,PHARMACY,UNIVERSITY OF PERADENIYA,051B,No,Yes
2022,Commerce,Economics,A,Business Studies,B,Accounting,A,1.945,5678,Puttalam,80,A,B,A,A,3,2,2,4,5,2,3,3,4,4,5,4,COMMERCE,SOUTH EASTERN UNIVERSITY OF SRI LANKA,018J,No,Yes
2022,Arts,Communication & Media Studies,B,History of Europe,A,Home Economics,C,1.678,11234,Mannar,72,B,A,C,B,2,3,3,2,4,5,3,2,4,5,4,5,ARTS (SAB),SABARAGAMUWA UNIVERSITY OF SRI LANKA,021L,No,Yes
2022,Physical Science,Combined Mathematics,S,Chemistry,C,Physics,F,-0.234,45678,Moneragala,49,S,C,F,C,4,2,3,3,2,1,3,4,3,2,3,3,,,,No,
2022,Bio Systems Technology,Agro Technology,B,Bio Resource Technology,A,Bio Systems Technology,B,1.234,16789,Nuwara Eliya,70,B,A,B,B,3,3,2,3,4,3,5,5,3,4,4,4,FOOD PRODUCTION & TECHNOLOGY MANAGEMENT,WAYAMBA UNIVERSITY OF SRI LANKA,087M,No,Yes
2022,Technology,Science for Technology,B,Information & Communication Technology (ICT),A,Engineering Technology,C,1.89,6789,Kalutara,78,B,A,C,B,4,1,3,5,3,2,3,4,5,3,4,3,INFORMATION SYSTEMS,SABARAGAMUWA UNIVERSITY OF SRI LANKA,096L,No,Yes
2022,Arts,Carnatic Music,A,Dancing (Bharatha),B,Drama & Theatre (Tamil),A,2.567,1678,Jaffna,89,A,B,A,A,1,1,5,1,2,5,2,2,3,5,3,4,MUSIC,SWAMY VIPULANANDA INSTITUTE OF AESTHETIC STUDIES EASTERN UNIVERSITY SRI LANKA,068Y,Yes,Yes
2022,Biological Science,Biology,S,Chemistry,C,Physics,B,0.567,25678,Ampara,60,S,C,B,C,3,5,1,2,2,1,4,2,3,3,3,3,,,,No,
2022,Physical Science,Physics,B,Combined Mathematics,A,Chemistry,B,2.345,2345,Gampaha,87,B,A,B,A,5,2,4,4,2,1,4,4,4,3,4,3,QUANTITY SURVEYING,UNIVERSITY OF MORATUWA,011G,No,Yes
2022,Commerce,Accounting,B,Business Statistics,A,Economics,C,1.789,7890,Colombo,76,B,A,C,B,3,2,2,4,5,1,2,3,4,4,5,3,MANAGEMENT AND INFORMATION TECHNOLOGY (SEUSL),SOUTH EASTERN UNIVERSITY OF SRI LANKA,079J,No,Yes
2022,Arts,Pali,B,Arabic,A,Sanskrit,C,0.945,19876,Vavuniya,64,B,A,C,B,2,2,1,1,3,4,2,1,4,5,3,4,,,,No,
2022,Technology,Food Technology,A,Agro Technology,B,Electrical Electronic & Information Technology,C,1.945,5123,Ratnapura,79,A,B,C,B,4,2,4,3,3,2,5,5,5,3,4,4,TRANSPORT MANAGEMENT & LOGISTICS ENGINEERING (TMLE),UNIVERSITY OF MORATUWA,057G,No,Yes
2022,Biological Science,Chemistry,A,Biology,B,Agricultural Science,A,2.012,4567,Kandy,85,A,B,A,A,4,5,1,3,3,2,5,3,4,4,4,3,UNANI MEDICINE AND SURGERY,UNIVERSITY OF COLOMBO,033A,No,Yes
2022,Physical Science,Combined Mathematics,C,Physics,B,Chemistry,A,1.123,17890,Badulla,67,C,B,A,B,5,2,3,3,2,1,3,4,3,2,3,4,APPLIED SCIENCES (PHYSICAL SC.),TRINCOMALEE CAMPUS EASTERN UNIVERSITY SRI LANKA,015W,No,Yes
2022,Arts,Greek & Roman Civilization,A,Christian Civilization,B,History of India,C,1.456,12345,Galle,72,A,B,C,B,2,3,2,2,4,5,3,2,4,5,4,5,ARTS (SP) - PERFORMING ARTS,SRIPALEE CAMPUS UNIVERSITY OF COLOMBO,041S,Yes,Yes
2022,Commerce,Economics,C,Business Studies,S,Accounting,F,-0.456,47890,Polonnaruwa,42,C,S,F,C,2,2,1,3,5,2,2,2,3,4,5,4,,,,No,
2022,Bio Systems Technology,Bio Resource Technology,C,Agro Technology,B,Bio Systems Technology,A,1.789,8901,Hambantota,77,C,B,A,B,3,3,2,3,4,3,5,5,4,4,4,4,GREEN TECHNOLOGY,UNIVERSITY OF RUHUNA,095F,No,Yes
2022,Technology,Mechanical Technology,B,Civil Technology,A,Information & Communication Technology (ICT),B,2.123,4231,Matara,84,B,A,B,A,4,2,5,3,3,2,4,5,5,3,4,3,SOFTWARE ENGINEERING,SABARAGAMUWA UNIVERSITY OF SRI LANKA,099L,No,Yes
2022,Arts,Visual Arts,A,Art & Design,B,Western Music,C,2.234,3456,Colombo,86,A,B,C,B,1,1,5,2,2,5,1,2,3,5,2,4,ART & DESIGN,UNIVERSITY OF JAFFNA,070E,Yes,Yes
2022,Biological Science,Biology,B,Chemistry,A,Physics,C,1.678,9876,Gampaha,73,B,A,C,B,4,5,1,2,2,1,5,2,3,3,3,3,RADIOGRAPHY,UNIVERSITY OF PERADENIYA,053B,No,Yes
2022,Physical Science,Physics,A,Combined Mathematics,B,Chemistry,A,2.789,678,Kurunegala,93,A,B,A,A,5,2,4,5,2,1,4,4,4,3,4,3,ENGINEERING (TM),UNIVERSITY OF MORATUWA,010G,No,Yes
2022,Commerce,Business Studies,A,Economics,B,Accounting,C,1.89,6789,Jaffna,78,A,B,C,B,3,2,2,4,5,2,3,3,4,4,5,4,MANAGEMENT,RAJARATA UNIVERSITY OF SRI LANKA,016K,No,Yes
2022,Arts,Hindu Civilization,B,Buddhist Civilization,A,Islamic Civilization,C,1.345,14567,Kegalle,69,B,A,C,B,2,3,2,2,4,5,3,2,4,5,4,5,LAW,UNIVERSITY OF PERADENIYA,025B,No,Yes
2022,Technology,Electrical Electronic & Information Technology,S,Food Technology,C,Agro Technology,B,0.678,24567,Trincomalee,61,S,C,B,C,4,2,4,3,3,2,5,5,4,3,3,4,,,,No,
2022,Biological Science,Chemistry,B,Agricultural Science,A,Biology,C,1.945,7890,Anuradhapura,76,B,A,C,B,4,5,1,3,3,2,5,3,4,4,4,3,MEDICAL LABORATORY SCIENCES,UNIVERSITY OF SRI JAYEWARDENEPURA,052C,No,Yes
2022,Physical Science,Combined Mathematics,A,Physics,A,Chemistry,B,3.112,234,Colombo,97,A,A,B,A,5,1,4,5,1,1,3,4,4,2,3,2,ENGINEERING (EM),UNIVERSITY OF MORATUWA,009G,No,Yes
2022,Arts,Buddhism,S,Sinhala Language,C,History,F,-0.789,52345,Matale,33,S,C,F,C,1,2,1,1,3,5,2,1,4,5,3,4,,,,No,
2022,Commerce,Economics,B,Business Statistics,A,Accounting,A,2.456,2345,Kandy,88,B,A,A,A,3,2,2,4,5,1,2,3,4,4,5,3,INFORMATION SYSTEMS,UNIVERSITY OF SRI JAYEWARDENEPURA,096C,No,Yes
2022,Bio Systems Technology,Agro Technology,A,Bio Resource Technology,B,Bio Systems Technology,A,2.567,1678,Ratnapura,90,A,B,A,A,3,3,2,3,4,3,5,5,4,4,4,4,AGRIBUSINESS MANAGEMENT,UNIVERSITY OF RUHUNA,094F,No,Yes
2022,Technology,Information & Communication Technology (ICT),A,Engineering Technology,B,Food Technology,C,1.456,13456,Galle,72,A,B,C,B,4,1,3,5,3,2,4,5,5,3,4,3,MANAGEMENT STUDIES (TV),UNIVERSITY OF VAVUNIYA,022R,No,Yes
2022,Arts,Drama & Theatre (English),B,Film & Television Studies,A,Visual & Technological Arts,C,2.789,890,Colombo,91,B,A,C,B,1,1,5,2,3,5,1,3,4,5,3,4,DRAMA & THEATRE,UNIVERSITY OF THE VISUAL & PERFORMING ARTS,071Z,Yes,Yes
2022,Biological Science,Biology,C,Chemistry,B,Agricultural Science,A,1.89,6789,Badulla,75,C,B,A,B,4,5,1,3,2,1,5,2,4,3,4,3,SPEECH AND HEARING SCIENCES,UNIVERSITY OF KELANIYA,083D,No,Yes
2022,Physical Science,Physics,B,Combined Mathematics,C,Chemistry,A,1.234,15678,Hambantota,68,B,C,A,B,5,2,3,3,2,1,3,4,3,2,3,4,APPLIED SCIENCES (PHYSICAL SC.),RAJARATA UNIVERSITY OF SRI LANKA,015K,No,Yes
2022,Commerce,Accounting,B,Economics,S,Business Studies,C,0.456,28901,Puttalam,53,B,S,C,C,3,2,2,3,5,2,2,3,4,4,5,4,,,,No,
,,,,,,,,,,,,,,,,,,,,,,,,,,,,,,,,
2022,Biological Science,Biology,A,Chemistry,B,Physics,A,2.678,890,Colombo,91,A,B,A,A,4,5,2,3,2,1,5,3,4,4,4,2,MEDICINE,UNIVERSITY OF RUHUNA,001F,No,Yes
2022,Physical Science,Combined Mathematics,A,Physics,B,Chemistry,A,2.945,567,Gampaha,95,A,B,A,A,5,2,4,5,1,1,3,4,5,2,3,3,ENGINEERING,UNIVERSITY OF RUHUNA,008F,No,Yes
2022,Technology,Engineering Technology,B,Information & Communication Technology (ICT),A,Science for Technology,B,1.89,6789,Kalutara,78,B,A,B,A,4,1,3,5,4,2,3,4,5,3,4,4,ENGINEERING TECHNOLOGY (ET),UNIVERSITY OF SRI JAYEWARDENEPURA,102C,No,Yes
2022,Arts,Political Science,B,Economics,A,Geography,C,1.234,16789,Kurunegala,67,B,A,C,B,2,3,2,3,5,4,3,2,4,5,5,5,LAW,UNIVERSITY OF JAFFNA,025E,No,Yes
2022,Commerce,Accounting,A,Business Studies,B,Economics,A,2.345,3123,Kandy,85,A,B,A,A,3,2,2,4,5,1,2,3,4,4,5,3,MANAGEMENT,EASTERN UNIVERSITY SRI LANKA,016H,No,Yes
2022,Biological Science,Chemistry,B,Biology,C,Physics,S,-0.678,50123,Anuradhapura,37,B,C,S,C,3,4,1,2,2,1,4,2,3,3,3,3,,,,No,
2022,Physical Science,Physics,C,Combined Mathematics,B,Chemistry,S,0.567,26789,Badulla,59,C,B,S,C,5,2,3,3,2,1,3,4,4,2,3,4,,,,No,
2022,Arts,Sinhala Language,B,Buddhism,A,History,B,1.945,5678,Jaffna,79,B,A,B,A,1,2,1,1,3,5,2,1,4,5,3,4,ARTS,RAJARATA UNIVERSITY OF SRI LANKA,019K,No,Yes
2022,Technology,Mechanical Technology,A,Electrical Electronic & Information Technology,B,Civil Technology,A,2.234,3456,Ratnapura,84,A,B,A,A,4,2,5,3,3,2,5,5,5,3,4,4,FACILITIES MANAGEMENT,UNIVERSITY OF MORATUWA,056G,No,Yes
2022,Bio Systems Technology,Agro Technology,A,Bio Resource Technology,B,Bio Systems Technology,C,1.567,11234,Hambantota,72,A,B,C,B,3,3,2,3,4,3,5,5,4,4,4,4,ANIMAL SCIENCE & FISHERIES,UNIVERSITY OF PERADENIYA,086B,No,Yes
2022,Physical Science,Combined Mathematics,A,Chemistry,C,Physics,B,1.789,7890,Galle,76,A,C,B,B,5,2,4,4,2,1,4,4,4,3,4,3,PHYSICAL SCIENCE,EASTERN UNIVERSITY SRI LANKA,013H,No,Yes
2022,Commerce,Economics,F,Business Statistics,S,Accounting,C,-0.456,47890,Polonnaruwa,40,F,S,C,C,2,2,1,3,5,2,2,2,3,4,5,4,,,,No,
2022,Arts,Oriental Music,B,Dancing (Indigenous),A,Drama & Theatre (Sinhala),A,2.567,1890,Colombo,89,B,A,A,A,1,1,5,1,2,5,1,2,3,5,2,4,MUSIC,UNIVERSITY OF SRI JAYEWARDENEPURA,068C,No,Yes
2022,Biological Science,Biology,A,Chemistry,A,Agricultural Science,B,2.012,4567,Kegalle,82,A,A,B,A,3,5,1,3,3,2,5,3,4,4,4,3,FOOD SCIENCE & TECHNOLOGY,UNIVERSITY OF SRI JAYEWARDENEPURA,035C,No,Yes
2022,Physical Science,Physics,B,Combined Mathematics,A,Chemistry,A,2.789,678,Batticaloa,93,B,A,A,A,5,1,4,5,1,1,3,4,5,2,3,2,COMPUTER SCIENCE,UNIVERSITY OF JAFFNA,012E,No,Yes
2022,Arts,Logic & Scientific Method,A,Geography,C,Political Science,B,0.789,21234,Matale,62,A,C,B,C,2,3,2,2,4,4,3,3,4,5,4,5,,,,No,
2022,Technology,Civil Technology,B,Science for Technology,A,Engineering Technology,C,1.89,6789,Trincomalee,77,B,A,C,B,4,2,4,3,3,2,4,5,5,2,3,4,BIOSYSTEMS TECHNOLOGY (BST),RAJARATA UNIVERSITY OF SRI LANKA,103K,No,Yes
2022,Biological Science,Chemistry,A,Biology,B,Physics,A,2.456,1234,Kurunegala,88,A,B,A,A,4,5,1,3,2,1,5,2,4,3,4,2,MEDICINE,RAJARATA UNIVERSITY OF SRI LANKA,001K,No,Yes
2022,Commerce,Business Studies,A,Accounting,A,Economics,B,2.123,4231,Puttalam,83,A,A,B,A,3,2,2,4,5,2,3,3,4,4,5,4,MANAGEMENT,WAYAMBA UNIVERSITY OF SRI LANKA,016M,No,Yes
2022,Arts,Mass Media,A,Communication & Media Studies,B,History of Modern World,C,1.567,12345,Mannar,71,A,B,C,B,2,3,3,2,4,5,3,2,4,5,4,5,ARTS (SP) - MASS MEDIA,SRIPALEE CAMPUS UNIVERSITY OF COLOMBO,020S,Yes,Yes
2022,Physical Science,Combined Mathematics,C,Physics,S,Chemistry,F,-0.345,46789,Moneragala,46,C,S,F,C,4,2,3,3,2,1,3,4,3,2,3,3,,,,No,
2022,Bio Systems Technology,Bio Resource Technology,B,Agro Technology,C,Bio Systems Technology,A,1.456,14567,Nuwara Eliya,70,B,C,A,B,3,3,2,3,4,3,5,5,3,4,4,4,EXPORT AGRICULTURE,UVA WELLASSA UNIVERSITY OF SRI LANKA,073U,No,Yes
2022,Technology,Information & Communication Technology (ICT),A,Engineering Technology,B,Science for Technology,A,2.012,4789,Kalutara,81,A,B,A,A,4,1,3,5,3,2,3,4,5,3,4,3,SOFTWARE ENGINEERING,UNIVERSITY OF KELANIYA,099D,No,Yes
2022,Arts,Drama & Theatre (Tamil),B,Carnatic Music,A,Dance,A,2.789,890,Jaffna,90,B,A,A,A,1,1,5,1,2,5,2,2,3,5,3,4,DANCE,UNIVERSITY OF JAFFNA,069E,Yes,Yes
2022,Biological Science,Biology,C,Chemistry,B,Physics,S,0.678,24567,Ampara,61,C,B,S,C,3,5,1,2,2,1,4,2,3,3,3,3,,,,No,
2022,Physical Science,Physics,A,Combined Mathematics,A,Chemistry,B,2.567,1678,Gampaha,90,A,A,B,A,5,2,4,4,2,1,4,4,4,3,4,3,DESIGN,UNIVERSITY OF MORATUWA,024G,No,Yes
2022,Commerce,Economics,B,Accounting,C,Business Statistics,A,1.678,8901,Colombo,75,B,C,A,B,3,2,2,4,5,1,2,3,4,4,5,3,COMMERCE,UNIVERSITY OF KELANIYA,018D,No,Yes
2022,Arts,Sanskrit,A,Pali,B,Arabic,C,1.123,17890,Vavuniya,66,A,B,C,B,2,2,1,1,3,4,2,1,4,5,3,4,,,,No,
2022,Technology,Mechanical Technology,B,Civil Technology,A,Electrical Electronic & Information Technology,B,1.945,5123,Ratnapura,80,B,A,B,B,4,2,5,3,3,2,4,5,5,3,4,4,LANDSCAPE ARCHITECTURE,UNIVERSITY OF MORATUWA,097G,No,Yes
2022,Biological Science,Chemistry,A,Biology,A,Agricultural Science,B,2.678,890,Kandy,92,A,A,B,A,4,5,1,3,3,2,5,3,4,4,4,3,AYURVEDA MEDICINE AND SURGERY,GAMPAHA WICKRAMARACHCHI UNIVERSITY OF INDIGENOUS MEDICINE SRI LANKA,032P,No,Yes
2022,Physical Science,Combined Mathematics,B,Physics,C,Chemistry,B,1.234,14567,Badulla,68,B,C,B,B,5,2,3,3,2,1,3,4,3,2,3,4,APPLIED SCIENCES (PHYSICAL SC.),SABARAGAMUWA UNIVERSITY OF SRI LANKA,015L,No,Yes
2022,Arts,History of Europe,B,Greek & Roman Civilization,C,Christian Civilization,A,1.567,12345,Galle,73,B,C,A,B,2,3,2,2,4,5,3,2,4,5,4,5,ARTS,UNIVERSITY OF RUHUNA,019F,No,Yes
2022,Commerce,Business Studies,C,Economics,F,Accounting,S,-0.567,48901,Polonnaruwa,38,C,F,S,C,2,2,1,3,5,2,2,2,3,4,5,4,,,,No,
2022,Bio Systems Technology,Agro Technology,B,Bio Resource Technology,A,Bio Systems Technology,C,1.89,7890,Hambantota,79,B,A,C,B,3,3,2,3,4,3,5,5,4,4,4,4,MINERAL RESOURCES AND TECHNOLOGY,UVA WELLASSA UNIVERSITY OF SRI LANKA,076U,No,Yes
2022,Technology,Science for Technology,A,Information & Communication Technology (ICT),B,Engineering Technology,A,2.234,3456,Matara,86,A,B,A,A,4,1,3,5,3,2,3,4,5,3,4,3,COMPUTER SCIENCE & TECHNOLOGY,UVA WELLASSA UNIVERSITY OF SRI LANKA,065U,No,Yes
2022,Arts,Western Music,B,Visual Arts,A,Art & Design,C,2.456,2345,Colombo,87,B,A,C,B,1,1,5,2,2,5,1,2,3,5,2,4,VISUAL ARTS,UNIVERSITY OF THE VISUAL & PERFORMING ARTS,085Z,Yes,Yes
2022,Biological Science,Biology,C,Chemistry,B,Physics,A,1.456,13456,Gampaha,71,C,B,A,B,4,5,1,2,2,1,4,2,3,3,3,3,PHYSIOTHERAPY,UNIVERSITY OF COLOMBO,054A,No,Yes
2022,Physical Science,Physics,B,Combined Mathematics,A,Chemistry,A,2.789,678,Kurunegala,94,B,A,A,A,5,2,4,5,2,1,4,4,4,3,4,3,ENGINEERING,UNIVERSITY OF JAFFNA,008E,No,Yes
2022,Commerce,Accounting,A,Business Studies,C,Economics,B,1.945,5678,Jaffna,80,A,C,B,B,3,2,2,4,5,2,3,3,4,4,5,4,MANAGEMENT,SOUTH EASTERN UNIVERSITY OF SRI LANKA,016J,No,Yes
2022,Arts,Geography,A,Political Science,C,Logic & Scientific Method,B,1.345,14567,Kegalle,70,A,C,B,C,2,3,2,2,4,4,3,3,4,5,4,5,TRANSLATION STUDIES,SABARAGAMUWA UNIVERSITY OF SRI LANKA,098L,No,Yes
2022,Technology,Civil Technology,S,Mechanical Technology,C,Electrical Electronic & Information Technology,B,0.89,23456,Trincomalee,60,S,C,B,C,4,2,4,3,3,2,4,5,4,3,3,4,,,,No,
2022,Biological Science,Chemistry,B,Biology,A,Physics,C,1.789,8901,Anuradhapura,77,B,A,C,B,4,5,1,3,3,2,5,3,4,4,4,3,PHARMACY,UNIVERSITY OF RUHUNA,051F,No,Yes
2022,Physical Science,Combined Mathematics,A,Physics,A,Chemistry,B,3.012,456,Colombo,96,A,A,B,A,5,1,4,5,1,1,3,4,4,2,3,2,QUANTITY SURVEYING,UNIVERSITY OF MORATUWA,011G,No,Yes
2022,Arts,History,F,Buddhism,S,Sinhala Language,C,-0.789,51234,Matale,35,F,S,C,C,1,2,1,1,3,5,2,1,4,5,3,4,,,,No,
2022,Commerce,Economics,A,Business Statistics,B,Accounting,A,2.012,4567,Kandy,83,A,B,A,A,3,2,2,4,5,1,2,3,4,4,5,3,MANAGEMENT AND INFORMATION TECHNOLOGY (MIT),UNIVERSITY OF KELANIYA,027D,No,Yes
2022,Bio Systems Technology,Bio Resource Technology,A,Agro Technology,B,Bio Systems Technology,A,2.456,1890,Ratnapura,88,A,B,A,A,3,3,2,3,4,3,5,5,4,4,4,4,AQUATIC RESOURCES TECHNOLOGY,UVA WELLASSA UNIVERSITY OF SRI LANKA,088U,No,Yes
2022,Technology,Information & Communication Technology (ICT),B,Engineering Technology,C,Science for Technology,A,1.567,12345,Galle,72,B,C,A,A,4,1,3,4,3,2,3,4,5,3,4,3,URBAN INFORMATICS AND PLANNING,UNIVERSITY OF MORATUWA,030G,No,Yes
2022,Arts,Film & Television Studies,A,Drama & Theatre (English),B,Visual & Technological Arts,C,2.678,1234,Colombo,90,A,B,C,B,1,1,5,2,3,5,1,3,4,5,3,4,FILM & TELEVISION STUDIES,UNIVERSITY OF KELANIYA,100D,Yes,Yes
2022,Biological Science,Biology,A,Chemistry,C,Physics,B,1.945,6789,Badulla,76,A,C,B,B,4,5,1,3,2,1,5,2,4,3,4,3,NURSING,UNIVERSITY OF SRI JAYEWARDENEPURA,037C,No,Yes
2022,Physical Science,Physics,C,Combined Mathematics,B,Chemistry,C,1.123,16789,Hambantota,69,C,B,C,C,5,2,3,3,2,1,3,4,3,2,3,4,APPLIED SCIENCES (PHYSICAL SC.),UNIVERSITY OF VAVUNIYA,015R,No,Yes
2022,Commerce,Accounting,S,Economics,B,Business Studies,C,0.567,26789,Puttalam,55,S,B,C,C,3,2,2,3,5,2,2,3,4,4,5,4,,,,No,
,,,,,,,,,,,,,,,,,,,,,,,,,,,,,,,,
2022,Biological Science,Biology,A,Chemistry,A,Physics,B,2.789,789,Colombo,92,A,A,A,A,4,5,2,3,2,1,5,3,4,4,4,2,MEDICINE,SABARAGAMUWA UNIVERSITY OF SRI LANKA,001L,No,Yes
2022,Physical Science,Combined Mathematics,B,Physics,A,Chemistry,A,2.678,1234,Gampaha,90,B,A,A,A,5,2,4,5,1,1,3,4,5,2,3,3,ENGINEERING,UNIVERSITY OF PERADENIYA,008B,No,Yes
2022,Technology,Information & Communication Technology (ICT),A,Science for Technology,B,Engineering Technology,C,1.945,5678,Kalutara,79,A,B,C,B,4,1,3,5,4,2,3,4,5,3,4,4,INFORMATION AND COMMUNICATION TECHNOLOGY (ICT),UNIVERSITY OF VAVUNIYA,038R,No,Yes
2022,Arts,Geography,A,Political Science,B,Economics,C,1.123,17890,Kurunegala,66,A,B,C,B,2,3,2,3,5,4,3,2,4,5,5,5,PEACE AND CONFLICT RESOLUTION,UNIVERSITY OF KELANIYA,031D,No,Yes
2022,Commerce,Economics,B,Business Studies,A,Accounting,A,2.456,2890,Kandy,87,B,A,A,A,3,2,2,4,5,1,2,3,4,4,5,3,MANAGEMENT,UNIVERSITY OF COLOMBO,016A,No,Yes
2022,Biological Science,Chemistry,S,Biology,B,Physics,C,-0.456,47890,Anuradhapura,39,S,B,C,C,3,4,1,2,2,1,4,2,3,3,3,3,,,,No,
2022,Physical Science,Physics,B,Combined Mathematics,C,Chemistry,S,0.678,24567,Badulla,60,B,C,S,C,5,2,3,3,2,1,3,4,4,2,3,4,,,,No,
2022,Arts,Buddhism,A,History,B,Sinhala Language,A,2.012,4567,Jaffna,81,A,B,A,A,1,2,1,1,3,5,2,1,4,5,3,4,ARTS,UNIVERSITY OF COLOMBO,019A,No,Yes
2022,Technology,Mechanical Technology,B,Civil Technology,A,Electrical Electronic & Information Technology,B,1.89,6789,Ratnapura,78,B,A,B,B,4,2,5,3,3,2,5,5,5,3,4,4,TRANSPORT MANAGEMENT & LOGISTICS ENGINEERING (TMLE),UNIVERSITY OF MORATUWA,057G,No,Yes
2022,Bio Systems Technology,Agro Technology,B,Bio Resource Technology,A,Bio Systems Technology,B,1.678,9876,Hambantota,75,B,A,B,B,3,3,2,3,4,3,5,5,4,4,4,4,AGRICULTURAL RESOURCE MANAGEMENT AND TECHNOLOGY,UNIVERSITY OF RUHUNA,093F,No,Yes
2022,Physical Science,Combined Mathematics,A,Physics,C,Chemistry,B,1.945,5678,Galle,80,A,C,B,B,5,2,4,4,2,1,4,4,4,3,4,3,PHYSICAL SCIENCE,UNIVERSITY OF RUHUNA,013F,No,Yes
2022,Commerce,Business Statistics,F,Economics,C,Accounting,S,-0.567,48901,Polonnaruwa,41,F,C,S,C,2,2,1,3,5,2,2,2,3,4,5,4,,,,No,
2022,Arts,Western Music,A,Art & Design,B,Visual Arts,A,2.678,1234,Colombo,91,A,B,A,A,1,1,5,2,2,5,1,2,3,5,2,4,VISUAL ARTS,UNIVERSITY OF THE VISUAL & PERFORMING ARTS,085Z,Yes,Yes
2022,Biological Science,Biology,B,Chemistry,A,Agricultural Science,A,2.123,4231,Kegalle,83,B,A,A,A,3,5,1,3,3,2,5,3,4,4,4,3,VETERINARY SCIENCE,UNIVERSITY OF PERADENIYA,003B,No,Yes
2022,Physical Science,Physics,A,Combined Mathematics,B,Chemistry,A,2.789,789,Batticaloa,93,A,B,A,A,5,1,4,5,1,1,3,4,5,2,3,2,COMPUTER SCIENCE,TRINCOMALEE CAMPUS EASTERN UNIVERSITY SRI LANKA,012W,No,Yes
2022,Arts,Political Science,C,Logic & Scientific Method,A,Geography,B,0.89,19876,Matale,63,C,A,B,C,2,3,2,2,4,4,3,3,4,5,4,5,,,,No,
2022,Technology,Engineering Technology,A,Science for Technology,B,Bio Systems Technology,C,1.789,8901,Trincomalee,76,A,B,C,B,4,2,4,3,3,2,4,5,5,2,3,4,ENGINEERING TECHNOLOGY (ET),UVA WELLASSA UNIVERSITY OF SRI LANKA,102U,No,Yes
2022,Biological Science,Chemistry,A,Biology,A,Physics,B,2.567,890,Kurunegala,89,A,A,B,A,4,5,1,3,2,1,5,2,4,3,4,2,MEDICINE,EASTERN UNIVERSITY SRI LANKA,001H,No,Yes
2022,Commerce,Business Studies,B,Accounting,A,Economics,A,2.012,4789,Puttalam,82,B,A,A,A,3,2,2,4,5,2,3,3,4,4,5,4,MANAGEMENT,UNIVERSITY OF PERADENIYA,016B,No,Yes
2022,Arts,Communication & Media Studies,A,History of Modern World,B,Mass Media,C,1.456,13456,Mannar,70,A,B,C,C,2,3,3,2,4,5,3,2,4,5,4,5,ARTS (SP) - MASS MEDIA,SRIPALEE CAMPUS UNIVERSITY OF COLOMBO,020S,Yes,Yes
2022,Physical Science,Combined Mathematics,F,Physics,C,Chemistry,S,-0.234,45678,Moneragala,48,F,C,S,C,4,2,3,3,2,1,3,4,3,2,3,3,,,,No,
2022,Bio Systems Technology,Bio Resource Technology,C,Agro Technology,B,Bio Systems Technology,A,1.345,15678,Nuwara Eliya,69,C,B,A,B,3,3,2,3,4,3,5,5,3,4,4,4,SCIENCE AND TECHNOLOGY,UVA WELLASSA UNIVERSITY OF SRI LANKA,064U,No,Yes
2022,Technology,Information & Communication Technology (ICT),B,Engineering Technology,A,Science for Technology,B,1.89,6789,Kalutara,77,B,A,B,B,4,1,3,5,3,2,3,4,5,3,4,3,MANAGEMENT AND INFORMATION TECHNOLOGY (MIT),UNIVERSITY OF KELANIYA,027D,No,Yes
2022,Arts,Carnatic Music,A,Drama & Theatre (Tamil),B,Dance,A,2.678,1234,Jaffna,90,A,B,A,A,1,1,5,1,2,5,2,2,3,5,3,4,DANCE,SWAMY VIPULANANDA INSTITUTE OF AESTHETIC STUDIES EASTERN UNIVERSITY SRI LANKA,069Y,Yes,Yes
2022,Biological Science,Biology,B,Chemistry,C,Physics,B,0.789,23456,Ampara,62,B,C,B,C,3,5,1,2,2,1,4,2,3,3,3,3,,,,No,
2022,Physical Science,Physics,A,Chemistry,B,Combined Mathematics,A,2.456,1890,Gampaha,88,A,B,A,A,5,2,4,4,2,1,4,4,4,3,4,3,ARCHITECTURE,UNIVERSITY OF MORATUWA,023G,No,Yes
2022,Commerce,Accounting,A,Economics,B,Business Statistics,C,1.678,8901,Colombo,76,A,B,C,B,3,2,2,4,5,1,2,3,4,4,5,3,BUSINESS INFORMATION SYSTEMS (HONOURS) (BIS),UNIVERSITY OF SRI JAYEWARDENEPURA,077C,No,Yes
2022,Arts,Pali,C,Sanskrit,A,Islamic Civilization,B,1.012,18901,Vavuniya,65,C,A,B,C,2,2,1,1,3,4,2,1,4,5,3,4,,,,No,
2022,Technology,Civil Technology,A,Mechanical Technology,B,Electrical Electronic & Information Technology,B,2.012,4567,Ratnapura,81,A,B,B,B,4,2,5,3,3,2,4,5,5,3,4,4,FASHION DESIGN & PRODUCT DEVELOPMENT,UNIVERSITY OF MORATUWA,034G,No,Yes
2022,Biological Science,Chemistry,B,Biology,A,Agricultural Science,A,2.789,678,Kandy,94,B,A,A,A,4,5,1,3,3,2,5,3,4,4,4,3,FOOD SCIENCE & NUTRITION,WAYAMBA UNIVERSITY OF SRI LANKA,005M,No,Yes
2022,Physical Science,Combined Mathematics,C,Physics,B,Chemistry,B,1.123,17890,Badulla,67,C,B,B,B,5,2,3,3,2,1,3,4,3,2,3,4,APPLIED SCIENCES (PHYSICAL SC.),WAYAMBA UNIVERSITY OF SRI LANKA,015M,No,Yes
2022,Arts,Christian Civilization,A,History of Europe,B,Greek & Roman Civilization,C,1.567,12345,Galle,72,A,B,C,B,2,3,2,2,4,5,3,2,4,5,4,5,ARTS,EASTERN UNIVERSITY SRI LANKA,019H,No,Yes
2022,Commerce,Economics,S,Business Studies,C,Accounting,F,-0.678,50123,Polonnaruwa,37,S,C,F,C,2,2,1,3,5,2,2,2,3,4,5,4,,,,No,
2022,Bio Systems Technology,Agro Technology,A,Bio Resource Technology,C,Bio Systems Technology,B,1.945,5678,Hambantota,80,A,C,B,B,3,3,2,3,4,3,5,5,4,4,4,4,ENTREPRENEURSHIP AND MANAGEMENT,UVA WELLASSA UNIVERSITY OF SRI LANKA,066U,No,Yes
2022,Technology,Science for Technology,A,Information & Communication Technology (ICT),B,Engineering Technology,A,2.123,4231,Matara,84,A,B,A,A,4,1,3,5,3,2,3,4,5,3,4,3,SOFTWARE ENGINEERING,UNIVERSITY OF SRI JAYEWARDENEPURA,099C,No,Yes
2022,Arts,Oriental Music,A,Western Music,B,Art & Design,C,2.234,3456,Colombo,85,A,B,C,B,1,1,5,2,2,5,1,2,3,5,2,4,MUSIC,UNIVERSITY OF JAFFNA,068E,Yes,Yes
2022,Biological Science,Biology,C,Chemistry,B,Physics,B,1.456,13456,Gampaha,70,C,B,B,B,4,5,1,2,2,1,4,2,3,3,3,3,HEALTH PROMOTION,RAJARATA UNIVERSITY OF SRI LANKA,050K,No,Yes
2022,Physical Science,Physics,A,Combined Mathematics,B,Chemistry,A,2.678,890,Kurunegala,91,A,B,A,A,5,2,4,5,2,1,4,4,4,3,4,3,INFORMATION TECHNOLOGY (IT),UNIVERSITY OF MORATUWA,026G,No,Yes
2022,Commerce,Business Studies,A,Accounting,B,Economics,C,1.89,6789,Jaffna,79,A,B,C,B,3,2,2,4,5,2,3,3,4,4,5,4,MANAGEMENT,UNIVERSITY OF VAVUNIYA,022R,No,Yes
2022,Arts,Logic & Scientific Method,B,Geography,A,Political Science,C,1.234,15678,Kegalle,68,B,A,C,C,2,3,2,2,4,4,3,3,4,5,4,5,TRANSLATION STUDIES,UNIVERSITY OF KELANIYA,098D,No,Yes
2022,Technology,Mechanical Technology,C,Civil Technology,S,Electrical Electronic & Information Technology,B,0.789,25678,Trincomalee,58,C,S,B,C,4,2,4,3,3,2,4,5,4,3,3,4,,,,No,
2022,Biological Science,Chemistry,A,Biology,B,Physics,C,1.789,8901,Anuradhapura,76,A,B,C,B,4,5,1,3,3,2,5,3,4,4,4,3,MEDICAL LABORATORY SCIENCES,UNIVERSITY OF RUHUNA,052F,No,Yes
2022,Physical Science,Combined Mathematics,A,Physics,A,Chemistry,B,3.012,456,Colombo,96,A,A,B,A,5,1,4,5,1,1,3,4,4,2,3,2,ENGINEERING (EM),UNIVERSITY OF MORATUWA,009G,No,Yes
2022,Arts,Sinhala Language,C,History,S,Buddhism,F,-0.789,51234,Matale,34,C,S,F,C,1,2,1,1,3,5,2,1,4,5,3,4,,,,No,
2022,Commerce,Economics,A,Business Statistics,B,Accounting,A,2.123,4123,Kandy,84,A,B,A,A,3,2,2,4,5,1,2,3,4,4,5,3,REAL ESTATE MANAGEMENT AND VALUATION,UNIVERSITY OF SRI JAYEWARDENEPURA,017C,No,Yes
2022,Bio Systems Technology,Bio Resource Technology,B,Agro Technology,A,Bio Systems Technology,A,2.456,2345,Ratnapura,89,B,A,A,A,3,3,2,3,4,3,5,5,4,4,4,4,INDUSTRIAL INFORMATION TECHNOLOGY,UVA WELLASSA UNIVERSITY OF SRI LANKA,075U,No,Yes
2022,Technology,Information & Communication Technology (ICT),C,Engineering Technology,B,Science for Technology,A,1.567,12345,Galle,73,C,B,A,A,4,1,3,4,3,2,3,4,5,3,4,3,PROJECT MANAGEMENT,UNIVERSITY OF VAVUNIYA,101R,No,Yes
2022,Arts,Drama & Theatre (English),A,Film & Television Studies,B,Visual & Technological Arts,C,2.567,1890,Colombo,88,A,B,C,B,1,1,5,2,3,5,1,3,4,5,3,4,FILM & TELEVISION STUDIES,UNIVERSITY OF KELANIYA,100D,Yes,Yes
2022,Biological Science,Biology,A,Chemistry,C,Physics,B,1.945,6789,Badulla,77,A,C,B,B,4,5,1,3,2,1,5,2,4,3,4,3,MEDICAL LABORATORY SCIENCES,UNIVERSITY OF JAFFNA,052E,No,Yes
2022,Physical Science,Physics,B,Combined Mathematics,C,Chemistry,B,1.345,14567,Hambantota,71,B,C,B,B,5,2,3,3,2,1,3,4,3,2,3,4,SURVEYING SCIENCE,SABARAGAMUWA UNIVERSITY OF SRI LANKA,014L,No,Yes
2022,Commerce,Accounting,C,Economics,B,Business Studies,S,0.456,28901,Puttalam,54,C,B,S,C,3,2,2,3,5,2,2,3,4,4,5,4,,,,No,
,,,,,,,,,,,,,,,,,,,,,,,,,,,,,,,,
2022,Biological Science,Biology,A,Chemistry,A,Physics,B,2.901,678,Colombo,94,A,A,A,A,4,5,2,3,2,1,5,3,4,4,4,2,MEDICINE,UNIVERSITY OF PERADENIYA,001B,No,Yes
2022,Physical Science,Combined Mathematics,A,Physics,A,Chemistry,B,3.045,456,Gampaha,96,A,A,A,A,5,2,4,5,1,1,3,4,5,2,3,3,ENGINEERING,UNIVERSITY OF MORATUWA,008G,No,Yes
2022,Technology,Science for Technology,B,Information & Communication Technology (ICT),A,Engineering Technology,B,1.834,7890,Kalutara,77,B,A,A,B,4,1,3,5,4,2,3,4,5,3,4,4,SOFTWARE ENGINEERING,SABARAGAMUWA UNIVERSITY OF SRI LANKA,099L,No,Yes
2022,Arts,Economics,A,Political Science,B,Geography,C,1.345,15678,Kurunegala,70,A,B,C,B,2,3,2,3,5,4,3,2,4,5,5,5,ARTS,UNIVERSITY OF SRI JAYEWARDENEPURA,019C,No,Yes
2022,Commerce,Business Studies,A,Accounting,A,Economics,B,2.567,2345,Kandy,88,A,A,B,A,3,2,2,4,5,1,2,3,4,4,5,3,MANAGEMENT,SABARAGAMUWA UNIVERSITY OF SRI LANKA,016L,No,Yes
2022,Biological Science,Chemistry,C,Biology,S,Physics,F,-0.567,48901,Anuradhapura,38,C,S,F,C,3,4,1,2,2,1,4,2,3,3,3,3,,,,No,
2022,Physical Science,Physics,S,Combined Mathematics,C,Chemistry,B,0.456,27890,Badulla,57,S,C,B,C,5,2,3,3,2,1,3,4,4,2,3,4,,,,No,
2022,Arts,History,A,Sinhala Language,B,Buddhism,A,1.945,5678,Jaffna,80,A,B,A,A,1,2,1,1,3,5,2,1,4,5,3,4,ARTS,UNIVERSITY OF JAFFNA,019E,No,Yes
2022,Technology,Civil Technology,A,Mechanical Technology,B,Electrical Electronic & Information Technology,A,2.123,4231,Ratnapura,83,A,B,A,A,4,2,5,3,3,2,5,5,5,3,4,4,LANDSCAPE ARCHITECTURE,UNIVERSITY OF MORATUWA,097G,No,Yes
2022,Bio Systems Technology,Bio Resource Technology,B,Agro Technology,A,Bio Systems Technology,B,1.789,8901,Hambantota,76,B,A,B,B,3,3,2,3,4,3,5,5,4,4,4,4,AGRICULTURE,EASTERN UNIVERSITY SRI LANKA,004H,No,Yes
2022,Physical Science,Combined Mathematics,B,Chemistry,A,Physics,C,1.678,9876,Galle,74,B,A,C,B,5,2,4,4,2,1,4,4,4,3,4,3,APPLIED SCIENCES (PHYSICAL SC.),RAJARATA UNIVERSITY OF SRI LANKA,015K,No,Yes
2022,Commerce,Economics,C,Business Statistics,F,Accounting,S,-0.789,51234,Polonnaruwa,35,C,F,S,C,2,2,1,3,5,2,2,2,3,4,5,4,,,,No,
2022,Arts,Drama & Theatre (Sinhala),A,Oriental Music,B,Dancing (Indigenous),A,2.789,890,Colombo,92,A,B,A,A,1,1,5,1,2,5,1,2,3,5,2,4,DRAMA & THEATRE,UNIVERSITY OF THE VISUAL & PERFORMING ARTS,071Z,Yes,Yes
2022,Biological Science,Biology,A,Chemistry,B,Agricultural Science,A,2.234,3123,Kegalle,84,A,B,A,A,3,5,1,3,3,2,5,3,4,4,4,3,AGRICULTURE,RAJARATA UNIVERSITY OF SRI LANKA,004K,No,Yes
2022,Physical Science,Physics,A,Combined Mathematics,A,Chemistry,B,2.678,1234,Batticaloa,91,A,A,B,A,5,1,4,5,1,1,3,4,5,2,3,2,COMPUTER SCIENCE,UNIVERSITY OF RUHUNA,012F,No,Yes
2022,Arts,Geography,B,Political Science,A,Logic & Scientific Method,C,0.89,19876,Matale,64,B,A,C,C,2,3,2,2,4,4,3,3,4,5,4,5,,,,No,
2022,Technology,Engineering Technology,B,Science for Technology,A,Bio Systems Technology,C,1.945,5678,Trincomalee,79,B,A,C,B,4,2,4,3,3,2,4,5,5,2,3,4,BIOSYSTEMS TECHNOLOGY (BST),UNIVERSITY OF KELANIYA,103D,No,Yes
2022,Biological Science,Chemistry,B,Biology,A,Physics,B,2.456,890,Kurunegala,89,B,A,B,A,4,5,1,3,2,1,5,2,4,3,4,2,MEDICINE,UNIVERSITY OF COLOMBO,001A,No,Yes
2022,Commerce,Accounting,A,Economics,A,Business Studies,B,2.012,4789,Puttalam,81,A,A,B,A,3,2,2,4,5,2,3,3,4,4,5,4,COMMERCE,EASTERN UNIVERSITY SRI LANKA,018H,No,Yes
2022,Arts,History of Modern World,A,Communication & Media Studies,B,Mass Media,C,1.567,12345,Mannar,71,A,B,C,B,2,3,3,2,4,5,3,2,4,5,4,5,COMMUNICATION STUDIES,TRINCOMALEE CAMPUS EASTERN UNIVERSITY SRI LANKA,029W,No,Yes
2022,Physical Science,Combined Mathematics,S,Physics,F,Chemistry,C,-0.345,46789,Moneragala,47,S,F,C,C,4,2,3,3,2,1,3,4,3,2,3,3,,,,No,
2022,Bio Systems Technology,Agro Technology,C,Bio Resource Technology,B,Bio Systems Technology,A,1.456,14567,Nuwara Eliya,70,C,B,A,B,3,3,2,3,4,3,5,5,3,4,4,4,GREEN TECHNOLOGY,UNIVERSITY OF RUHUNA,095F,No,Yes
2022,Technology,Information & Communication Technology (ICT),A,Engineering Technology,B,Science for Technology,A,2.012,4567,Kalutara,82,A,B,A,A,4,1,3,5,3,2,3,4,5,3,4,3,INFORMATION SYSTEMS,UNIVERSITY OF COLOMBO SCHOOL OF COMPUTING,096T,No,Yes
2022,Arts,Dance,A,Drama & Theatre (Tamil),B,Carnatic Music,A,2.678,1234,Jaffna,91,A,B,A,A,1,1,5,1,2,5,2,2,3,5,3,4,DANCE,UNIVERSITY OF JAFFNA,069E,Yes,Yes
2022,Biological Science,Biology,C,Chemistry,B,Physics,B,0.678,24567,Ampara,60,C,B,B,C,3,5,1,2,2,1,4,2,3,3,3,3,,,,No,
2022,Physical Science,Physics,B,Chemistry,A,Combined Mathematics,A,2.567,1678,Gampaha,90,B,A,A,A,5,2,4,4,2,1,4,4,4,3,4,3,DESIGN,UNIVERSITY OF MORATUWA,024G,No,Yes
2022,Commerce,Economics,A,Business Statistics,B,Accounting,C,1.789,7890,Colombo,78,A,B,C,B,3,2,2,4,5,1,2,3,4,4,5,3,INFORMATION SYSTEMS,SABARAGAMUWA UNIVERSITY OF SRI LANKA,096L,No,Yes
2022,Arts,Arabic,B,Islamic Civilization,A,Pali,C,1.123,17890,Vavuniya,67,B,A,C,B,2,2,1,1,3,4,2,1,4,5,3,4,ISLAMIC STUDIES,SOUTH EASTERN UNIVERSITY OF SRI LANKA,063J,No,Yes
2022,Technology,Electrical Electronic & Information Technology,A,Civil Technology,B,Mechanical Technology,B,1.945,5123,Ratnapura,80,A,B,B,B,4,2,5,3,3,2,4,5,5,3,4,4,FACILITIES MANAGEMENT,UNIVERSITY OF MORATUWA,056G,No,Yes
2022,Biological Science,Chemistry,A,Biology,A,Agricultural Science,B,2.789,678,Kandy,93,A,A,B,A,4,5,1,3,3,2,5,3,4,4,4,3,SIDDHA MEDICINE AND SURGERY,TRINCOMALEE CAMPUS EASTERN UNIVERSITY SRI LANKA,036W,No,Yes
2022,Physical Science,Combined Mathematics,C,Physics,B,Chemistry,B,1.234,14567,Badulla,69,C,B,B,B,5,2,3,3,2,1,3,4,3,2,3,4,PHYSICAL SCIENCE,UNIVERSITY OF COLOMBO,013A,No,Yes
2022,Arts,Greek & Roman Civilization,B,History of Europe,A,Christian Civilization,C,1.678,11234,Galle,73,B,A,C,B,2,3,2,2,4,5,3,2,4,5,4,5,ARTS,SOUTH EASTERN UNIVERSITY OF SRI LANKA,019J,No,Yes
2022,Commerce,Business Studies,F,Economics,S,Accounting,C,-0.567,48901,Polonnaruwa,39,F,S,C,C,2,2,1,3,5,2,2,2,3,4,5,4,,,,No,
2022,Bio Systems Technology,Agro Technology,A,Bio Resource Technology,B,Bio Systems Technology,C,1.89,7890,Hambantota,78,A,B,C,B,3,3,2,3,4,3,5,5,4,4,4,4,"Hospitality, Tourism and Events Management",Uva Wellassa University,090U,No,Yes
2022,Technology,Science for Technology,B,Information & Communication Technology (ICT),A,Engineering Technology,A,2.234,3456,Matara,86,B,A,A,A,4,1,3,5,3,2,3,4,5,3,4,3,COMPUTER SCIENCE,UNIVERSITY OF KELANIYA,012D,No,Yes
2022,Arts,Visual Arts,A,Western Music,B,Art & Design,C,2.456,2345,Colombo,87,A,B,C,B,1,1,5,2,2,5,1,2,3,5,2,4,ART & DESIGN,UNIVERSITY OF JAFFNA,070E,Yes,Yes
2022,Biological Science,Biology,B,Chemistry,C,Physics,A,1.567,12345,Gampaha,72,B,C,A,B,4,5,1,2,2,1,4,2,3,3,3,3,RADIOGRAPHY,UNIVERSITY OF PERADENIYA,053B,No,Yes
2022,Physical Science,Physics,A,Combined Mathematics,B,Chemistry,A,2.678,890,Kurunegala,92,A,B,A,A,5,2,4,5,2,1,4,4,4,3,4,3,ENGINEERING (TM),UNIVERSITY OF MORATUWA,010G,No,Yes
2022,Commerce,Accounting,B,Economics,A,Business Studies,C,1.89,6789,Jaffna,79,B,A,C,B,3,2,2,4,5,2,3,3,4,4,5,4,MANAGEMENT,UNIVERSITY OF RUHUNA,016F,No,Yes
2022,Arts,Political Science,A,Geography,B,Logic & Scientific Method,C,1.345,14567,Kegalle,70,A,B,C,C,2,3,2,2,4,4,3,3,4,5,4,5,LAW,UNIVERSITY OF COLOMBO,025A,No,Yes
2022,Technology,Civil Technology,B,Mechanical Technology,S,Electrical Electronic & Information Technology,C,0.89,23456,Trincomalee,61,B,S,C,C,4,2,4,3,3,2,4,5,4,3,3,4,,,,No,
2022,Biological Science,Chemistry,B,Biology,A,Physics,C,1.789,8901,Anuradhapura,77,B,A,C,B,4,5,1,3,3,2,5,3,4,4,4,3,NURSING,EASTERN UNIVERSITY SRI LANKA,037H,No,Yes
2022,Physical Science,Combined Mathematics,A,Physics,A,Chemistry,B,3.156,189,Colombo,98,A,A,B,A,5,1,4,5,1,1,3,4,4,2,3,2,QUANTITY SURVEYING,UNIVERSITY OF MORATUWA,011G,No,Yes
2022,Arts,Buddhism,C,Sinhala Language,F,History,S,-0.789,52345,Matale,33,C,F,S,C,1,2,1,1,3,5,2,1,4,5,3,4,,,,No,
2022,Commerce,Economics,A,Business Statistics,A,Accounting,B,2.123,4123,Kandy,85,A,A,B,A,3,2,2,4,5,1,2,3,4,4,5,3,MANAGEMENT AND PUBLIC POLICY,UNIVERSITY OF SRI JAYEWARDENEPURA,028C,No,Yes
2022,Bio Systems Technology,Bio Resource Technology,A,Agro Technology,B,Bio Systems Technology,A,2.567,1678,Ratnapura,90,A,B,A,A,3,3,2,3,4,3,5,5,4,4,4,4,EXPORT AGRICULTURE,UVA WELLASSA UNIVERSITY OF SRI LANKA,073U,No,Yes
2022,Technology,Engineering Technology,C,Information & Communication Technology (ICT),B,Science for Technology,A,1.456,13456,Galle,71,C,B,A,A,4,1,3,4,3,2,3,4,5,3,4,3,MANAGEMENT STUDIES (TV),TRINCOMALEE CAMPUS EASTERN UNIVERSITY SRI LANKA,022W,No,Yes
2022,Arts,Film & Television Studies,B,Drama & Theatre (English),A,Visual & Technological Arts,C,2.789,890,Colombo,91,B,A,C,B,1,1,5,2,3,5,1,3,4,5,3,4,VISUAL & TECHNOLOGICAL ARTS,SWAMY VIPULANANDA INSTITUTE OF AESTHETIC STUDIES EASTERN UNIVERSITY SRI LANKA,072Y,Yes,Yes
2022,Biological Science,Biology,A,Chemistry,B,Physics,C,1.945,6789,Badulla,78,A,B,C,B,4,5,1,3,2,1,5,2,4,3,4,3,MEDICAL LABORATORY SCIENCES,UNIVERSITY OF PERADENIYA,052B,No,Yes
2022,Physical Science,Physics,C,Combined Mathematics,B,Chemistry,C,1.123,16789,Hambantota,69,C,B,C,C,5,2,3,3,2,1,3,4,3,2,3,4,FISHERIES & MARINE SCIENCES,UNIVERSITY OF RUHUNA,062F,No,Yes
2022,Commerce,Business Studies,B,Economics,C,Accounting,S,0.567,26789,Puttalam,56,B,C,S,C,3,2,2,3,5,2,2,3,4,4,5,4,,,,No,
,,,,,,,,,,,,,,,,,,,,,,,,,,,,,,,,
2022,Biological Science,Biology,A,Chemistry,A,Physics,B,2.834,789,Colombo,93,A,A,A,A,4,5,1,3,2,1,5,2,4,3,4,3,MEDICINE,UNIVERSITY OF SRI JAYEWARDENEPURA,001C,No,Yes
2022,Physical Science,Combined Mathematics,A,Physics,B,Chemistry,A,2.945,567,Gampaha,95,A,B,A,A,5,2,4,5,1,1,3,4,5,2,3,3,ENGINEERING,UNIVERSITY OF JAFFNA,008E,No,Yes
2022,Technology,Information & Communication Technology (ICT),B,Science for Technology,A,Engineering Technology,B,1.789,8901,Kalutara,76,B,A,A,B,4,1,3,5,4,2,3,4,5,3,4,4,BIOSYSTEMS TECHNOLOGY (BST),SABARAGAMUWA UNIVERSITY OF SRI LANKA,103L,No,Yes
2022,Arts,Political Science,A,Geography,B,Economics,C,1.234,16789,Kurunegala,68,A,B,C,B,2,3,2,3,5,4,3,2,4,5,5,5,SPORTS SCIENCE & MANAGEMENT,UNIVERSITY OF SRI JAYEWARDENEPURA,082C,Yes,Yes
2022,Commerce,Accounting,A,Business Studies,A,Economics,B,2.456,3123,Kandy,86,A,A,B,A,3,2,2,4,5,1,2,3,4,4,5,3,MANAGEMENT,UNIVERSITY OF KELANIYA,016D,No,Yes
2022,Biological Science,Chemistry,B,Biology,C,Physics,F,-0.456,47890,Anuradhapura,40,B,C,F,C,3,4,1,2,2,1,4,2,3,3,3,3,,,,No,
2022,Physical Science,Physics,C,Combined Mathematics,S,Chemistry,B,0.678,24567,Badulla,61,C,S,B,C,5,2,3,3,2,1,3,4,4,2,3,4,,,,No,
2022,Arts,Sinhala Language,A,Buddhism,B,History,A,1.89,6789,Jaffna,79,A,B,A,A,1,2,1,1,3,5,2,1,4,5,3,4,ARTS (SP) - PERFORMING ARTS,SRIPALEE CAMPUS UNIVERSITY OF COLOMBO,041S,Yes,Yes
2022,Technology,Mechanical Technology,A,Civil Technology,B,Electrical Electronic & Information Technology,A,2.012,4567,Ratnapura,82,A,B,A,A,4,2,5,3,3,2,5,5,5,3,4,4,ENGINEERING TECHNOLOGY (ET),UNIVERSITY OF RUHUNA,102F,No,Yes
2022,Bio Systems Technology,Agro Technology,B,Bio Resource Technology,A,Bio Systems Technology,B,1.678,9876,Hambantota,75,B,A,B,B,3,3,2,3,4,3,5,5,4,4,4,4,ANIMAL PRODUCTION AND FOOD TECHNOLOGY,WAYAMBA UNIVERSITY OF SRI LANKA,087M,No,Yes
2022,Physical Science,Combined Mathematics,A,Physics,B,Chemistry,C,1.945,5678,Galle,80,A,B,C,B,5,2,4,4,2,1,4,4,4,3,4,3,COMPUTER SCIENCE,UNIVERSITY OF COLOMBO SCHOOL OF COMPUTING,012T,No,Yes
2022,Commerce,Economics,S,Business Statistics,C,Accounting,F,-0.567,48901,Polonnaruwa,39,S,C,F,C,2,2,1,3,5,2,2,2,3,4,5,4,,,,No,
2022,Arts,Oriental Music,A,Dancing (Indigenous),B,Drama & Theatre (Sinhala),A,2.678,1234,Colombo,90,A,B,A,A,1,1,5,1,2,5,1,2,3,5,2,4,MUSIC,UNIVERSITY OF THE VISUAL & PERFORMING ARTS,068Z,Yes,Yes
2022,Biological Science,Biology,B,Chemistry,A,Agricultural Science,B,2.123,4231,Kegalle,83,B,A,B,A,3,5,1,3,3,2,5,3,4,4,4,3,AGRICULTURE,SABARAGAMUWA UNIVERSITY OF SRI LANKA,004L,No,Yes
2022,Physical Science,Physics,A,Combined Mathematics,B,Chemistry,A,2.789,789,Batticaloa,92,A,B,A,A,5,1,4,5,1,1,3,4,5,2,3,2,PHYSICAL SCIENCE,SOUTH EASTERN UNIVERSITY OF SRI LANKA,013J,No,Yes
2022,Arts,Logic & Scientific Method,B,Geography,A,Political Science,C,0.789,21234,Matale,62,B,A,C,C,2,3,2,2,4,4,3,3,4,5,4,5,,,,No,
2022,Technology,Engineering Technology,C,Science for Technology,B,Bio Systems Technology,A,1.567,11234,Trincomalee,73,C,B,A,B,4,2,4,3,3,2,4,5,5,2,3,4,BIOSYSTEMS TECHNOLOGY (BST),UNIVERSITY OF VAVUNIYA,104R,No,Yes
2022,Biological Science,Chemistry,A,Biology,A,Physics,B,2.567,890,Kurunegala,89,A,A,B,A,4,5,1,3,2,1,5,2,4,3,4,2,DENTAL SURGERY,UNIVERSITY OF SRI JAYEWARDENEPURA,002C,No,Yes
2022,Commerce,Business Studies,A,Accounting,B,Economics,A,2.234,3456,Puttalam,84,A,B,A,A,3,2,2,4,5,2,3,3,4,4,5,4,COMMERCE,UNIVERSITY OF SRI JAYEWARDENEPURA,018C,No,Yes
2022,Arts,Communication & Media Studies,A,Mass Media,B,History of India,C,1.456,13456,Mannar,70,A,B,C,C,2,3,3,2,4,5,3,2,4,5,4,5,ARTS (SP) - MASS MEDIA,SRIPALEE CAMPUS UNIVERSITY OF COLOMBO,020S,Yes,Yes
2022,Physical Science,Combined Mathematics,C,Physics,F,Chemistry,S,-0.234,45678,Moneragala,49,C,F,S,C,4,2,3,3,2,1,3,4,3,2,3,3,,,,No,
2022,Bio Systems Technology,Bio Resource Technology,B,Agro Technology,A,Bio Systems Technology,C,1.345,15678,Nuwara Eliya,69,B,A,C,B,3,3,2,3,4,3,5,5,3,4,4,4,MINERAL RESOURCES AND TECHNOLOGY,UVA WELLASSA UNIVERSITY OF SRI LANKA,076U,No,Yes
2022,Technology,Information & Communication Technology (ICT),A,Engineering Technology,B,Science for Technology,A,2.012,4789,Kalutara,81,A,B,A,A,4,1,3,5,3,2,3,4,5,3,4,3,INFORMATION SYSTEMS,UNIVERSITY OF SRI JAYEWARDENEPURA,096C,No,Yes
2022,Arts,Carnatic Music,A,Drama & Theatre (Tamil),B,Dance,A,2.789,890,Jaffna,91,A,B,A,A,1,1,5,1,2,5,2,2,3,5,3,4,DANCE,SWAMY VIPULANANDA INSTITUTE OF AESTHETIC STUDIES EASTERN UNIVERSITY SRI LANKA,069Y,Yes,Yes
2022,Biological Science,Biology,S,Chemistry,B,Physics,C,0.567,25678,Ampara,60,S,B,C,C,3,5,1,2,2,1,4,2,3,3,3,3,,,,No,
2022,Physical Science,Physics,A,Chemistry,B,Combined Mathematics,A,2.456,1890,Gampaha,88,A,B,A,A,5,2,4,4,2,1,4,4,4,3,4,3,FASHION DESIGN & PRODUCT DEVELOPMENT,UNIVERSITY OF MORATUWA,034G,No,Yes
2022,Commerce,Economics,A,Business Statistics,C,Accounting,B,1.678,8901,Colombo,77,A,C,B,B,3,2,2,4,5,1,2,3,4,4,5,3,REAL ESTATE MANAGEMENT AND VALUATION,UNIVERSITY OF SRI JAYEWARDENEPURA,017C,No,Yes
2022,Arts,Sanskrit,B,Pali,A,Arabic,C,1.123,17890,Vavuniya,66,B,A,C,B,2,2,1,1,3,4,2,1,4,5,3,4,,,,No,
2022,Technology,Civil Technology,B,Mechanical Technology,A,Electrical Electronic & Information Technology,B,1.945,5123,Ratnapura,79,B,A,B,B,4,2,5,3,3,2,4,5,5,3,4,4,TRANSLATION STUDIES,EASTERN UNIVERSITY SRI LANKA,098H,No,Yes
2022,Biological Science,Chemistry,B,Biology,A,Agricultural Science,A,2.678,890,Kandy,92,B,A,A,A,4,5,1,3,3,2,5,3,4,4,4,3,FOOD SCIENCE & TECHNOLOGY,SABARAGAMUWA UNIVERSITY OF SRI LANKA,035L,No,Yes
2022,Physical Science,Combined Mathematics,C,Physics,B,Chemistry,B,1.234,14567,Badulla,68,C,B,B,B,5,2,3,3,2,1,3,4,3,2,3,4,APPLIED SCIENCES (PHYSICAL SC.),UNIVERSITY OF VAVUNIYA,015R,No,Yes
2022,Arts,History of Europe,A,Christian Civilization,B,Greek & Roman Civilization,C,1.567,12345,Galle,72,A,B,C,B,2,3,2,2,4,5,3,2,4,5,4,5,ARTS,RAJARATA UNIVERSITY OF SRI LANKA,019K,No,Yes
2022,Commerce,Business Studies,S,Economics,C,Accounting,F,-0.678,50123,Polonnaruwa,37,S,C,F,C,2,2,1,3,5,2,2,2,3,4,5,4,,,,No,
2022,Bio Systems Technology,Agro Technology,A,Bio Resource Technology,B,Bio Systems Technology,C,1.89,7890,Hambantota,78,A,B,C,B,3,3,2,3,4,3,5,5,4,4,4,4,AQUATIC RESOURCES TECHNOLOGY,UVA WELLASSA UNIVERSITY OF SRI LANKA,088U,No,Yes
2022,Technology,Science for Technology,A,Information & Communication Technology (ICT),B,Engineering Technology,A,2.234,3456,Matara,85,A,B,A,A,4,1,3,5,3,2,3,4,5,3,4,3,SOFTWARE ENGINEERING,UNIVERSITY OF KELANIYA,099D,No,Yes
2022,Arts,Western Music,B,Art & Design,A,Visual Arts,C,2.456,2345,Colombo,86,B,A,C,B,1,1,5,2,2,5,1,2,3,5,2,4,VISUAL ARTS,UNIVERSITY OF THE VISUAL & PERFORMING ARTS,085Z,Yes,Yes
2022,Biological Science,Biology,C,Chemistry,B,Physics,A,1.456,13456,Gampaha,71,C,B,A,B,4,5,1,2,2,1,4,2,3,3,3,3,ENVIRONMENTAL CONSERVATION & MANAGEMENT,UNIVERSITY OF KELANIYA,055D,No,Yes
2022,Physical Science,Physics,B,Combined Mathematics,A,Chemistry,A,2.789,678,Kurunegala,93,B,A,A,A,5,2,4,5,2,1,4,4,4,3,4,3,ENGINEERING,SOUTH EASTERN UNIVERSITY OF SRI LANKA,008J,No,Yes
2022,Commerce,Accounting,A,Business Studies,B,Economics,C,1.945,5678,Jaffna,80,A,B,C,B,3,2,2,4,5,2,3,3,4,4,5,4,MANAGEMENT,EASTERN UNIVERSITY SRI LANKA,016H,No,Yes
2022,Arts,Logic & Scientific Method,A,Geography,B,Political Science,C,1.345,14567,Kegalle,69,A,B,C,C,2,3,2,2,4,4,3,3,4,5,4,5,PEACE AND CONFLICT RESOLUTION,UNIVERSITY OF KELANIYA,031D,No,Yes
2022,Technology,Electrical Electronic & Information Technology,B,Mechanical Technology,C,Civil Technology,S,0.678,24567,Trincomalee,60,B,C,S,C,4,2,4,3,3,2,4,5,4,3,3,4,,,,No,
2022,Biological Science,Chemistry,A,Biology,B,Physics,C,1.789,8901,Anuradhapura,76,A,B,C,B,4,5,1,3,3,2,5,3,4,4,4,3,PHARMACY,UNIVERSITY OF JAFFNA,051E,No,Yes
2022,Physical Science,Combined Mathematics,A,Physics,A,Chemistry,B,3.012,456,Colombo,96,A,A,B,A,5,1,4,5,1,1,3,4,4,2,3,2,INFORMATION TECHNOLOGY (IT),UNIVERSITY OF MORATUWA,026G,No,Yes
2022,Arts,Buddhism,F,History,C,Sinhala Language,S,-0.789,51234,Matale,34,F,C,S,C,1,2,1,1,3,5,2,1,4,5,3,4,,,,No,
2022,Commerce,Economics,B,Accounting,A,Business Statistics,A,2.012,4567,Kandy,83,B,A,A,A,3,2,2,4,5,1,2,3,4,4,5,3,BUSINESS INFORMATION SYSTEMS (HONOURS) (BIS),UNIVERSITY OF SRI JAYEWARDENEPURA,077C,No,Yes
2022,Bio Systems Technology,Bio Resource Technology,A,Agro Technology,B,Bio Systems Technology,A,2.345,2345,Ratnapura,87,A,B,A,A,3,3,2,3,4,3,5,5,4,4,4,4,TOURISM & HOSPITALITY MANAGEMENT,SABARAGAMUWA UNIVERSITY OF SRI LANKA,092L,No,Yes
2022,Technology,Information & Communication Technology (ICT),C,Engineering Technology,A,Science for Technology,B,1.567,12345,Galle,72,C,A,B,B,4,1,3,4,3,2,3,4,5,3,4,3,PROJECT MANAGEMENT,UNIVERSITY OF VAVUNIYA,101R,No,Yes
2022,Arts,Drama & Theatre (English),A,Film & Television Studies,B,Visual & Technological Arts,C,2.567,1890,Colombo,89,A,B,C,B,1,1,5,2,3,5,1,3,4,5,3,4,FILM & TELEVISION STUDIES,UNIVERSITY OF KELANIYA,100D,Yes,Yes
2022,Biological Science,Biology,A,Chemistry,C,Physics,B,1.89,6789,Badulla,77,A,C,B,B,4,5,1,3,2,1,5,2,4,3,4,3,NURSING,UNIVERSITY OF PERADENIYA,037B,No,Yes
2022,Physical Science,Physics,B,Combined Mathematics,C,Chemistry,B,1.123,16789,Hambantota,68,B,C,B,B,5,2,3,3,2,1,3,4,3,2,3,4,SURVEYING SCIENCE,SABARAGAMUWA UNIVERSITY OF SRI LANKA,014L,No,Yes
2022,Commerce,Accounting,B,Economics,S,Business Studies,C,0.456,28901,Puttalam,55,B,S,C,C,3,2,2,3,5,2,2,3,4,4,5,4,,,,No,
,,,,,,,,,,,,,,,,,,,,,,,,,,,,,,,,
2022,Biological Science,Biology,A,Chemistry,A,Physics,B,2.945,567,Colombo,95,A,A,A,A,4,5,2,3,2,1,5,3,4,4,4,2,MEDICINE,UNIVERSITY OF KELANIYA,001D,No,Yes
2022,Physical Science,Combined Mathematics,A,Physics,A,Chemistry,B,3.012,456,Gampaha,96,A,A,A,A,5,2,4,5,1,1,3,4,5,2,3,3,ENGINEERING,UNIVERSITY OF MORATUWA,008G,No,Yes
2022,Technology,Engineering Technology,A,Science for Technology,B,Bio Systems Technology,C,1.89,6789,Kalutara,78,A,B,C,B,4,2,4,3,3,2,4,5,5,2,3,4,ENGINEERING TECHNOLOGY (ET),UNIVERSITY OF SRI JAYEWARDENEPURA,102C,No,Yes
2022,Arts,Economics,B,Geography,A,Political Science,C,1.123,17890,Kurunegala,66,B,A,B,B,2,3,2,3,5,4,3,2,4,5,5,5,ARTS,UNIVERSITY OF PERADENIYA,019B,No,Yes
2022,Commerce,Business Studies,A,Accounting,A,Economics,B,2.567,2345,Kandy,88,A,A,B,A,3,2,2,4,5,1,2,3,4,4,5,3,MANAGEMENT,UNIVERSITY OF COLOMBO,016A,No,Yes
2022,Biological Science,Chemistry,S,Biology,C,Physics,F,-0.456,47890,Anuradhapura,39,S,C,F,C,3,4,1,2,2,1,4,2,3,3,3,3,,,,No,
2022,Physical Science,Physics,C,Combined Mathematics,B,Chemistry,S,0.678,24567,Badulla,60,C,B,S,C,5,2,3,3,2,1,3,4,4,2,3,4,,,,No,
2022,Arts,Sinhala Language,A,History,B,Buddhism,A,1.945,5678,Jaffna,80,A,B,A,A,1,2,1,1,3,5,2,1,4,5,3,4,ARTS,EASTERN UNIVERSITY SRI LANKA,019H,No,Yes
2022,Technology,Mechanical Technology,B,Civil Technology,A,Electrical Electronic & Information Technology,B,2.012,4567,Ratnapura,82,B,A,B,B,4,2,5,3,3,2,5,5,5,3,4,4,FACILITIES MANAGEMENT,UNIVERSITY OF MORATUWA,056G,No,Yes
2022,Bio Systems Technology,Agro Technology,A,Bio Resource Technology,B,Bio Systems Technology,C,1.678,9876,Hambantota,75,A,B,C,B,3,3,2,3,4,3,5,5,4,4,4,4,AGRIBUSINESS MANAGEMENT,UNIVERSITY OF RUHUNA,094F,No,Yes
2022,Physical Science,Combined Mathematics,B,Physics,C,Chemistry,A,1.789,7890,Galle,77,B,C,A,B,5,2,4,4,2,1,4,4,4,3,4,3,PHYSICAL SCIENCE,UNIVERSITY OF COLOMBO,013A,No,Yes
2022,Commerce,Economics,F,Business Statistics,S,Accounting,C,-0.678,50123,Polonnaruwa,37,F,S,C,C,2,2,1,3,5,2,2,2,3,4,5,4,,,,No,
2022,Arts,Dancing (Bharatha),A,Carnatic Music,B,Drama & Theatre (Tamil),A,2.789,890,Colombo,91,A,B,A,A,1,1,5,1,2,5,1,2,3,5,2,4,DANCE,UNIVERSITY OF THE VISUAL & PERFORMING ARTS,069Z,Yes,Yes
2022,Biological Science,Biology,A,Chemistry,B,Agricultural Science,A,2.234,3123,Kegalle,84,A,B,A,A,3,5,1,3,3,2,5,3,4,4,4,3,FOOD SCIENCE & TECHNOLOGY,UNIVERSITY OF PERADENIYA,035B,No,Yes
2022,Physical Science,Physics,A,Combined Mathematics,A,Chemistry,B,2.678,1234,Batticaloa,92,A,A,B,A,5,1,4,5,1,1,3,4,5,2,3,2,COMPUTER SCIENCE,UNIVERSITY OF JAFFNA,012E,No,Yes
2022,Arts,Political Science,B,Logic & Scientific Method,C,Geography,A,0.89,19876,Matale,63,B,C,A,C,2,3,2,2,4,4,3,3,4,5,4,5,,,,No,
2022,Technology,Civil Technology,A,Electrical Electronic & Information Technology,B,Mechanical Technology,A,1.945,5678,Trincomalee,79,A,B,A,A,4,2,5,3,3,2,4,5,5,3,4,4,ENGINEERING TECHNOLOGY (ET),RAJARATA UNIVERSITY OF SRI LANKA,102K,No,Yes
2022,Biological Science,Chemistry,B,Biology,A,Physics,A,2.456,890,Kurunegala,89,B,A,A,A,4,5,1,3,2,1,5,2,4,3,4,2,MEDICINE,RAJARATA UNIVERSITY OF SRI LANKA,001K,No,Yes
2022,Commerce,Accounting,B,Economics,A,Business Studies,A,2.123,4231,Puttalam,83,B,A,A,A,3,2,2,4,5,2,3,3,4,4,5,4,MANAGEMENT,RAJARATA UNIVERSITY OF SRI LANKA,016K,No,Yes
2022,Arts,Mass Media,A,Communication & Media Studies,B,History,C,1.567,12345,Mannar,71,A,B,B,C,2,3,3,2,4,5,3,2,4,5,4,5,COMMUNICATION STUDIES,TRINCOMALEE CAMPUS EASTERN UNIVERSITY SRI LANKA,029W,No,Yes
2022,Physical Science,Combined Mathematics,C,Physics,S,Chemistry,F,-0.345,46789,Moneragala,46,C,S,F,C,4,2,3,3,2,1,3,4,3,2,3,3,,,,No,
2022,Bio Systems Technology,Bio Resource Technology,A,Agro Technology,C,Bio Systems Technology,B,1.456,14567,Nuwara Eliya,70,A,C,B,B,3,3,2,3,4,3,5,5,3,4,4,4,GREEN TECHNOLOGY,UNIVERSITY OF RUHUNA,095F,No,Yes
2022,Technology,Information & Communication Technology (ICT),A,Science for Technology,B,Engineering Technology,A,2.012,4789,Kalutara,81,A,B,A,A,4,1,3,5,3,2,3,4,5,3,4,3,INFORMATION AND COMMUNICATION TECHNOLOGY (ICT),RAJARATA UNIVERSITY OF SRI LANKA,038K,No,Yes
2022,Arts,Drama & Theatre (Tamil),A,Dance,B,Carnatic Music,A,2.678,1234,Jaffna,90,A,B,A,A,1,1,5,1,2,5,2,2,3,5,3,4,DRAMA & THEATRE,SWAMY VIPULANANDA INSTITUTE OF AESTHETIC STUDIES EASTERN UNIVERSITY SRI LANKA,071Y,Yes,Yes
2022,Biological Science,Biology,B,Chemistry,C,Physics,S,0.567,25678,Ampara,59,B,C,S,C,3,5,1,2,2,1,4,2,3,3,3,3,,,,No,
2022,Physical Science,Physics,A,Chemistry,B,Combined Mathematics,A,2.567,1678,Gampaha,89,A,B,A,A,5,2,4,4,2,1,4,4,4,3,4,3,ARCHITECTURE,UNIVERSITY OF MORATUWA,023G,No,Yes
2022,Commerce,Economics,A,Business Statistics,B,Accounting,C,1.789,7890,Colombo,78,A,B,C,B,3,2,2,4,5,1,2,3,4,4,5,3,COMMERCE,UNIVERSITY OF KELANIYA,018D,No,Yes
2022,Arts,Arabic,A,Islamic Civilization,B,Pali,C,1.234,16789,Vavuniya,67,A,B,C,C,2,2,1,1,3,4,2,1,4,5,3,4,ARABIC LANGUAGE,SOUTH EASTERN UNIVERSITY OF SRI LANKA,084J,No,Yes
2022,Technology,Mechanical Technology,A,Electrical Electronic & Information Technology,B,Civil Technology,B,1.89,6789,Ratnapura,77,A,B,B,B,4,2,5,3,3,2,4,5,5,3,4,4,LANDSCAPE ARCHITECTURE,UNIVERSITY OF MORATUWA,097G,No,Yes
2022,Biological Science,Chemistry,A,Biology,B,Agricultural Science,A,2.789,678,Kandy,94,A,B,A,A,4,5,1,3,3,2,5,3,4,4,4,3,PHARMACY,UNIVERSITY OF PERADENIYA,051B,No,Yes
2022,Physical Science,Combined Mathematics,B,Physics,C,Chemistry,B,1.123,17890,Badulla,68,B,C,B,B,5,2,3,3,2,1,3,4,3,2,3,4,APPLIED SCIENCES (PHYSICAL SC.),SABARAGAMUWA UNIVERSITY OF SRI LANKA,015L,No,Yes
2022,Arts,Christian Civilization,B,Greek & Roman Civilization,A,History of Europe,C,1.678,11234,Galle,73,B,A,C,B,2,3,2,2,4,5,3,2,4,5,4,5,ARTS,SOUTH EASTERN UNIVERSITY OF SRI LANKA,019J,No,Yes
2022,Commerce,Business Studies,C,Economics,F,Accounting,S,-0.567,48901,Polonnaruwa,40,C,F,S,C,2,2,1,3,5,2,2,2,3,4,5,4,,,,No,
2022,Bio Systems Technology,Agro Technology,B,Bio Resource Technology,C,Bio Systems Technology,A,1.945,5678,Hambantota,79,B,C,A,B,3,3,2,3,4,3,5,5,4,4,4,4,ENTREPRENEURSHIP AND MANAGEMENT,UVA WELLASSA UNIVERSITY OF SRI LANKA,066U,No,Yes
2022,Technology,Science for Technology,A,Information & Communication Technology (ICT),B,Engineering Technology,A,2.234,3456,Matara,86,A,B,A,A,4,1,3,5,3,2,3,4,5,3,4,3,SOFTWARE ENGINEERING,UNIVERSITY OF SRI JAYEWARDENEPURA,099C,No,Yes
2022,Arts,Oriental Music,B,Dancing (Indigenous),A,Drama & Theatre (Sinhala),C,2.456,2345,Colombo,87,B,A,C,B,1,1,5,1,2,5,1,2,3,5,2,4,MUSIC,SWAMY VIPULANANDA INSTITUTE OF AESTHETIC STUDIES EASTERN UNIVERSITY SRI LANKA,068Y,Yes,Yes
2022,Biological Science,Biology,C,Chemistry,B,Physics,A,1.567,12345,Gampaha,72,C,B,A,B,4,5,1,2,2,1,4,2,3,3,3,3,HEALTH PROMOTION,RAJARATA UNIVERSITY OF SRI LANKA,050K,No,Yes
2022,Physical Science,Physics,A,Combined Mathematics,B,Chemistry,A,2.678,890,Kurunegala,91,A,B,A,A,5,2,4,5,2,1,4,4,4,3,4,3,ENGINEERING (EM),UNIVERSITY OF MORATUWA,009G,No,Yes
2022,Commerce,Accounting,A,Business Studies,B,Economics,C,1.89,6789,Jaffna,79,A,B,C,B,3,2,2,4,5,2,3,3,4,4,5,4,MANAGEMENT,SOUTH EASTERN UNIVERSITY OF SRI LANKA,016J,No,Yes
2022,Arts,Logic & Scientific Method,A,Geography,B,Political Science,C,1.234,15678,Kegalle,69,A,B,C,C,2,3,2,2,4,4,3,3,4,5,4,5,TRANSLATION STUDIES,UNIVERSITY OF JAFFNA,098E,No,Yes
2022,Technology,Electrical Electronic & Information Technology,S,Mechanical Technology,C,Civil Technology,B,0.789,25678,Trincomalee,58,S,C,B,C,4,2,4,3,3,2,4,5,4,3,3,4,,,,No,
2022,Biological Science,Chemistry,B,Biology,A,Physics,C,1.89,7890,Anuradhapura,76,B,A,C,B,4,5,1,3,3,2,5,3,4,4,4,3,MEDICAL LABORATORY SCIENCES,UNIVERSITY OF JAFFNA,052E,No,Yes
2022,Physical Science,Combined Mathematics,A,Physics,A,Chemistry,B,3.156,189,Colombo,98,A,A,B,A,5,1,4,5,1,1,3,4,4,2,3,2,QUANTITY SURVEYING,UNIVERSITY OF MORATUWA,011G,No,Yes
2022,Arts,Sinhala Language,F,History,S,Buddhism,C,-0.789,51234,Matale,35,F,S,C,C,1,2,1,1,3,5,2,1,4,5,3,4,,,,No,
2022,Commerce,Economics,A,Business Statistics,B,Accounting,A,2.123,4123,Kandy,84,A,B,A,A,3,2,2,4,5,1,2,3,4,4,5,3,MANAGEMENT AND INFORMATION TECHNOLOGY (SEUSL),SOUTH EASTERN UNIVERSITY OF SRI LANKA,079J,No,Yes
2022,Bio Systems Technology,Bio Resource Technology,A,Agro Technology,B,Bio Systems Technology,A,2.567,1678,Ratnapura,90,A,B,A,A,3,3,2,3,4,3,5,5,4,4,4,4,"Hospitality, Tourism and Events Management",Uva Wellassa University,090U,No,Yes
2022,Technology,Information & Communication Technology (ICT),B,Engineering Technology,C,Science for Technology,A,1.456,13456,Galle,71,B,C,A,A,4,1,3,4,3,2,3,4,5,3,4,3,MANAGEMENT STUDIES (TV),UNIVERSITY OF VAVUNIYA,022R,No,Yes
2022,Arts,Film & Television Studies,A,Drama & Theatre (English),B,Visual & Technological Arts,C,2.789,890,Colombo,92,A,B,C,B,1,1,5,2,3,5,1,3,4,5,3,4,FILM & TELEVISION STUDIES,UNIVERSITY OF KELANIYA,100D,Yes,Yes
2022,Biological Science,Biology,A,Chemistry,C,Physics,B,1.945,6789,Badulla,78,A,C,B,B,4,5,1,3,2,1,5,2,4,3,4,3,NURSING,UNIVERSITY OF RUHUNA,037F,No,Yes
2022,Physical Science,Physics,C,Combined Mathematics,B,Chemistry,C,1.123,16789,Hambantota,69,C,B,C,C,5,2,3,3,2,1,3,4,3,2,3,4,FISHERIES & MARINE SCIENCES,UNIVERSITY OF RUHUNA,062F,No,Yes
2022,Commerce,Accounting,S,Economics,B,Business Studies,C,0.567,26789,Puttalam,56,S,B,C,C,3,2,2,3,5,2,2,3,4,4,5,4,,,,No,
,,,,,,,,,,,,,,,,,,,,,,,,,,,,,,,,
2022,Biological Science,Biology,A,Chemistry,A,Physics,B,2.945,567,Colombo,95,A,A,A,A,4,5,2,3,2,1,5,3,4,4,4,2,MEDICINE,WAYAMBA UNIVERSITY OF SRI LANKA,001M,No,Yes
2022,Physical Science,Combined Mathematics,A,Physics,A,Chemistry,B,3.012,456,Gampaha,96,A,A,A,A,5,2,4,5,1,1,3,4,5,2,3,3,ENGINEERING,UNIVERSITY OF PERADENIYA,008B,No,Yes
2022,Technology,Information & Communication Technology (ICT),A,Science for Technology,B,Engineering Technology,C,1.89,6789,Kalutara,78,A,B,C,B,4,1,3,5,4,2,3,4,5,3,4,4,INFORMATION SYSTEMS,UNIVERSITY OF COLOMBO SCHOOL OF COMPUTING,096T,No,Yes
2022,Arts,Political Science,B,Geography,A,Economics,C,1.234,16789,Kurunegala,67,B,A,B,B,2,3,2,3,5,4,3,2,4,5,5,5,ARTS (SAB),SABARAGAMUWA UNIVERSITY OF SRI LANKA,021L,No,Yes
2022,Commerce,Accounting,A,Business Studies,A,Economics,B,2.567,2345,Kandy,88,A,A,B,A,3,2,2,4,5,1,2,3,4,4,5,3,MANAGEMENT,UNIVERSITY OF SRI JAYEWARDENEPURA,016C,No,Yes
2022,Biological Science,Chemistry,S,Biology,B,Physics,C,-0.456,47890,Anuradhapura,39,S,B,C,C,3,4,1,2,2,1,4,2,3,3,3,3,,,,No,
2022,Physical Science,Physics,C,Combined Mathematics,S,Chemistry,B,0.678,24567,Badulla,60,C,S,B,C,5,2,3,3,2,1,3,4,4,2,3,4,,,,No,
2022,Arts,Sinhala Language,A,Buddhism,B,History,A,1.945,5678,Jaffna,80,A,B,A,A,1,2,1,1,3,5,2,1,4,5,3,4,ARTS,UNIVERSITY OF RUHUNA,019F,No,Yes
2022,Technology,Mechanical Technology,A,Civil Technology,B,Electrical Electronic & Information Technology,A,2.012,4567,Ratnapura,82,A,B,A,A,4,2,5,3,3,2,5,5,5,3,4,4,ENGINEERING TECHNOLOGY (ET),UNIVERSITY OF KELANIYA,102D,No,Yes
2022,Bio Systems Technology,Agro Technology,B,Bio Resource Technology,A,Bio Systems Technology,B,1.678,9876,Hambantota,75,B,A,B,B,3,3,2,3,4,3,5,5,4,4,4,4,BIOSYSTEMS TECHNOLOGY (BST),UNIVERSITY OF RUHUNA,103F,No,Yes
2022,Physical Science,Combined Mathematics,B,Physics,A,Chemistry,C,1.789,7890,Galle,77,B,A,C,B,5,2,4,4,2,1,4,4,4,3,4,3,PHYSICAL SCIENCE,UNIVERSITY OF SRI JAYEWARDENEPURA,013C,No,Yes
2022,Commerce,Economics,F,Business Statistics,C,Accounting,S,-0.567,48901,Polonnaruwa,38,F,C,S,C,2,2,1,3,5,2,2,2,3,4,5,4,,,,No,
2022,Arts,Oriental Music,A,Dancing (Indigenous),B,Drama & Theatre (Sinhala),A,2.678,1234,Colombo,90,A,B,A,A,1,1,5,1,2,5,1,2,3,5,2,4,DRAMA & THEATRE,UNIVERSITY OF THE VISUAL & PERFORMING ARTS,071Z,Yes,Yes
2022,Biological Science,Biology,A,Chemistry,B,Agricultural Science,A,2.234,3123,Kegalle,84,A,B,A,A,3,5,1,3,3,2,5,3,4,4,4,3,AGRICULTURE,WAYAMBA UNIVERSITY OF SRI LANKA,004M,No,Yes
2022,Physical Science,Physics,A,Combined Mathematics,B,Chemistry,A,2.789,789,Batticaloa,93,A,B,A,A,5,1,4,5,1,1,3,4,5,2,3,2,COMPUTER SCIENCE,UNIVERSITY OF RUHUNA,012F,No,Yes
2022,Arts,Logic & Scientific Method,A,Geography,C,Political Science,B,0.89,19876,Matale,63,A,C,B,C,2,3,2,2,4,4,3,3,4,5,4,5,,,,No,
2022,Technology,Engineering Technology,B,Science for Technology,A,Bio Systems Technology,C,1.945,5678,Trincomalee,79,B,A,C,B,4,2,4,3,3,2,4,5,5,2,3,4,ENGINEERING TECHNOLOGY (ET),SOUTH EASTERN UNIVERSITY OF SRI LANKA,102J,No,Yes
2022,Biological Science,Chemistry,A,Biology,A,Physics,B,2.567,890,Kurunegala,89,A,A,B,A,4,5,1,3,2,1,5,2,4,3,4,2,MEDICINE,UVA WELLASSA UNIVERSITY OF SRI LANKA,001U,No,Yes
2022,Commerce,Business Studies,A,Accounting,B,Economics,A,2.123,4231,Puttalam,83,A,B,A,A,3,2,2,4,5,2,3,3,4,4,5,4,MANAGEMENT,UNIVERSITY OF JAFFNA,016E,No,Yes
2022,Arts,Communication & Media Studies,A,History of Modern World,B,Mass Media,C,1.456,13456,Mannar,70,A,B,C,C,2,3,3,2,4,5,3,2,4,5,4,5,ARTS (SP) - MASS MEDIA,SRIPALEE CAMPUS UNIVERSITY OF COLOMBO,020S,Yes,Yes
2022,Physical Science,Combined Mathematics,C,Physics,F,Chemistry,S,-0.234,45678,Moneragala,48,C,F,S,C,4,2,3,3,2,1,3,4,3,2,3,3,,,,No,
2022,Bio Systems Technology,Bio Resource Technology,A,Agro Technology,B,Bio Systems Technology,C,1.345,15678,Nuwara Eliya,69,A,B,C,B,3,3,2,3,4,3,5,5,3,4,4,4,EXPORT AGRICULTURE,UVA WELLASSA UNIVERSITY OF SRI LANKA,073U,No,Yes
2022,Technology,Information & Communication Technology (ICT),A,Engineering Technology,B,Science for Technology,A,2.012,4789,Kalutara,81,A,B,A,A,4,1,3,5,3,2,3,4,5,3,4,3,SOFTWARE ENGINEERING,UNIVERSITY OF KELANIYA,099D,No,Yes
2022,Arts,Carnatic Music,A,Drama & Theatre (Tamil),B,Dance,A,2.789,890,Jaffna,91,A,B,A,A,1,1,5,1,2,5,2,2,3,5,3,4,DANCE,UNIVERSITY OF JAFFNA,069E,Yes,Yes
2022,Biological Science,Biology,B,Chemistry,C,Physics,S,0.678,24567,Ampara,61,B,C,S,C,3,5,1,2,2,1,4,2,3,3,3,3,,,,No,
2022,Physical Science,Physics,A,Chemistry,B,Combined Mathematics,A,2.456,1890,Gampaha,88,A,B,A,A,5,2,4,4,2,1,4,4,4,3,4,3,DESIGN,UNIVERSITY OF MORATUWA,024G,No,Yes
2022,Commerce,Economics,A,Business Statistics,B,Accounting,C,1.678,8901,Colombo,77,A,B,C,B,3,2,2,4,5,1,2,3,4,4,5,3,COMMERCE,UNIVERSITY OF SRI JAYEWARDENEPURA,018C,No,Yes
2022,Arts,Pali,A,Sanskrit,B,Arabic,C,1.123,17890,Vavuniya,66,A,B,C,B,2,2,1,1,3,4,2,1,4,5,3,4,,,,No,
2022,Technology,Mechanical Technology,A,Electrical Electronic & Information Technology,B,Civil Technology,B,1.945,5123,Ratnapura,80,A,B,B,B,4,2,5,3,3,2,4,5,5,3,4,4,FASHION DESIGN & PRODUCT DEVELOPMENT,UNIVERSITY OF MORATUWA,034G,No,Yes
2022,Biological Science,Chemistry,A,Biology,A,Agricultural Science,B,2.678,890,Kandy,92,A,A,B,A,4,5,1,3,3,2,5,3,4,4,4,3,FOOD SCIENCE & TECHNOLOGY,UNIVERSITY OF SRI JAYEWARDENEPURA,035C,No,Yes
2022,Physical Science,Combined Mathematics,B,Physics,C,Chemistry,B,1.234,14567,Badulla,68,B,C,B,B,5,2,3,3,2,1,3,4,3,2,3,4,APPLIED SCIENCES (PHYSICAL SC.),WAYAMBA UNIVERSITY OF SRI LANKA,015M,No,Yes
2022,Arts,History of Europe,A,Greek & Roman Civilization,B,Christian Civilization,C,1.567,12345,Galle,72,A,B,C,B,2,3,2,2,4,5,3,2,4,5,4,5,ARTS,EASTERN UNIVERSITY SRI LANKA,019H,No,Yes
2022,Commerce,Economics,S,Business Studies,F,Accounting,C,-0.678,50123,Polonnaruwa,37,S,F,C,C,2,2,1,3,5,2,2,2,3,4,5,4,,,,No,
2022,Bio Systems Technology,Agro Technology,B,Bio Resource Technology,C,Bio Systems Technology,A,1.89,7890,Hambantota,78,B,C,A,B,3,3,2,3,4,3,5,5,4,4,4,4,AQUATIC RESOURCES TECHNOLOGY,UVA WELLASSA UNIVERSITY OF SRI LANKA,088U,No,Yes
2022,Technology,Science for Technology,A,Information & Communication Technology (ICT),B,Engineering Technology,A,2.234,3456,Matara,86,A,B,A,A,4,1,3,5,3,2,3,4,5,3,4,3,COMPUTER SCIENCE & TECHNOLOGY,UVA WELLASSA UNIVERSITY OF SRI LANKA,065U,No,Yes
2022,Arts,Western Music,B,Visual Arts,A,Art & Design,C,2.456,2345,Colombo,87,B,A,C,B,1,1,5,2,2,5,1,2,3,5,2,4,VISUAL ARTS,UNIVERSITY OF THE VISUAL & PERFORMING ARTS,085Z,Yes,Yes
2022,Biological Science,Biology,C,Chemistry,B,Physics,A,1.456,13456,Gampaha,71,C,B,A,B,4,5,1,2,2,1,4,2,3,3,3,3,RADIOGRAPHY,UNIVERSITY OF PERADENIYA,053B,No,Yes
2022,Physical Science,Physics,A,Combined Mathematics,B,Chemistry,A,2.789,678,Kurunegala,93,A,B,A,A,5,2,4,5,2,1,4,4,4,3,4,3,ENGINEERING (TM),UNIVERSITY OF MORATUWA,010G,No,Yes
2022,Commerce,Business Studies,A,Accounting,B,Economics,C,1.945,5678,Jaffna,80,A,B,C,B,3,2,2,4,5,2,3,3,4,4,5,4,MANAGEMENT,WAYAMBA UNIVERSITY OF SRI LANKA,016M,No,Yes
2022,Arts,Logic & Scientific Method,B,Political Science,A,Geography,C,1.345,14567,Kegalle,70,B,A,C,C,2,3,2,2,4,4,3,3,4,5,4,5,TRANSLATION STUDIES,SABARAGAMUWA UNIVERSITY OF SRI LANKA,098L,No,Yes
2022,Technology,Electrical Electronic & Information Technology,C,Mechanical Technology,B,Civil Technology,S,0.89,23456,Trincomalee,60,C,B,S,C,4,2,4,3,3,2,4,5,4,3,3,4,,,,No,
2022,Biological Science,Chemistry,B,Biology,A,Physics,C,1.789,8901,Anuradhapura,77,B,A,C,B,4,5,1,3,3,2,5,3,4,4,4,3,PHARMACY,UNIVERSITY OF RUHUNA,051F,No,Yes
2022,Physical Science,Combined Mathematics,A,Physics,A,Chemistry,B,3.156,189,Colombo,98,A,A,B,A,5,1,4,5,1,1,3,4,4,2,3,2,ENGINEERING (EM),UNIVERSITY OF MORATUWA,009G,No,Yes
2022,Arts,Buddhism,F,History,S,Sinhala Language,C,-0.789,51234,Matale,35,F,S,C,C,1,2,1,1,3,5,2,1,4,5,3,4,,,,No,
2022,Commerce,Economics,A,Business Statistics,A,Accounting,B,2.123,4123,Kandy,84,A,A,B,A,3,2,2,4,5,1,2,3,4,4,5,3,MANAGEMENT AND PUBLIC POLICY,UNIVERSITY OF SRI JAYEWARDENEPURA,028C,No,Yes
2022,Bio Systems Technology,Bio Resource Technology,A,Agro Technology,B,Bio Systems Technology,A,2.567,1678,Ratnapura,90,A,B,A,A,3,3,2,3,4,3,5,5,4,4,4,4,INDUSTRIAL INFORMATION TECHNOLOGY,UVA WELLASSA UNIVERSITY OF SRI LANKA,075U,No,Yes
2022,Technology,Information & Communication Technology (ICT),B,Engineering Technology,C,Science for Technology,A,1.456,13456,Galle,71,B,C,A,A,4,1,3,4,3,2,3,4,5,3,4,3,URBAN INFORMATICS AND PLANNING,UNIVERSITY OF MORATUWA,030G,No,Yes
2022,Arts,Film & Television Studies,A,Drama & Theatre (English),B,Visual & Technological Arts,C,2.789,890,Colombo,92,A,B,C,B,1,1,5,2,3,5,1,3,4,5,3,4,FILM & TELEVISION STUDIES,UNIVERSITY OF KELANIYA,100D,Yes,Yes
2022,Biological Science,Biology,A,Chemistry,C,Physics,B,1.945,6789,Badulla,78,A,C,B,B,4,5,1,3,2,1,5,2,4,3,4,3,MEDICAL LABORATORY SCIENCES,UNIVERSITY OF SRI JAYEWARDENEPURA,052C,No,Yes
2022,Physical Science,Physics,C,Combined Mathematics,B,Chemistry,C,1.123,16789,Hambantota,69,C,B,C,C,5,2,3,3,2,1,3,4,3,2,3,4,SURVEYING SCIENCE,SABARAGAMUWA UNIVERSITY OF SRI LANKA,014L,No,Yes
2022,Commerce,Accounting,B,Economics,S,Business Studies,C,0.567,26789,Puttalam,56,B,S,C,C,3,2,2,3,5,2,2,3,4,4,5,4,,,,No,
,,,,,,,,,,,,,,,,,,,,,,,,,,,,,,,,
2022,Biological Science,Biology,A,Chemistry,A,Physics,B,2.912,623,Colombo,94,A,A,A,A,4,5,2,3,2,1,5,3,4,4,4,2,MEDICINE,UNIVERSITY OF COLOMBO,001A,No,Yes
2022,Physical Science,Combined Mathematics,A,Physics,A,Chemistry,B,3.078,412,Gampaha,97,A,A,A,A,5,2,4,5,1,1,3,4,5,2,3,3,ENGINEERING,UNIVERSITY OF MORATUWA,008G,No,Yes
2022,Technology,Information & Communication Technology (ICT),B,Engineering Technology,A,Science for Technology,B,1.823,7123,Kalutara,79,B,A,A,B,4,1,3,5,4,2,3,4,5,3,4,4,SOFTWARE ENGINEERING,UNIVERSITY OF SRI JAYEWARDENEPURA,099C,No,Yes
2022,Arts,Political Science,A,Geography,B,Economics,C,1.312,14567,Kurunegala,69,A,B,C,B,2,3,2,3,5,4,3,2,4,5,5,5,ARTS,UNIVERSITY OF KELANIYA,019D,No,Yes
2022,Commerce,Accounting,A,Business Studies,A,Economics,B,2.478,2789,Kandy,89,A,A,B,A,3,2,2,4,5,1,2,3,4,4,5,3,MANAGEMENT,UNIVERSITY OF PERADENIYA,016B,No,Yes
2022,Biological Science,Chemistry,C,Biology,S,Physics,F,-0.567,48901,Anuradhapura,37,C,S,F,C,3,4,1,2,2,1,4,2,3,3,3,3,,,,No,
2022,Physical Science,Physics,B,Combined Mathematics,C,Chemistry,S,0.589,26789,Badulla,58,B,C,S,C,5,2,3,3,2,1,3,4,4,2,3,4,,,,No,
2022,Arts,Sinhala Language,B,History,A,Buddhism,B,1.856,6234,Jaffna,81,B,A,B,A,1,2,1,1,3,5,2,1,4,5,3,4,ARTS,UNIVERSITY OF JAFFNA,019E,No,Yes
2022,Technology,Mechanical Technology,A,Civil Technology,B,Electrical Electronic & Information Technology,A,2.145,3890,Ratnapura,83,A,B,A,A,4,2,5,3,3,2,5,5,5,3,4,4,FACILITIES MANAGEMENT,UNIVERSITY OF MORATUWA,056G,No,Yes
2022,Bio Systems Technology,Agro Technology,B,Bio Resource Technology,A,Bio Systems Technology,B,1.712,9234,Hambantota,76,B,A,B,B,3,3,2,3,4,3,5,5,4,4,4,4,BIOSYSTEMS TECHNOLOGY (BST),UNIVERSITY OF JAFFNA,103E,No,Yes
2022,Physical Science,Combined Mathematics,A,Physics,C,Chemistry,B,1.834,6789,Galle,78,A,C,B,B,5,2,4,4,2,1,4,4,4,3,4,3,PHYSICAL SCIENCE,UNIVERSITY OF RUHUNA,013F,No,Yes
2022,Commerce,Economics,F,Business Statistics,C,Accounting,S,-0.678,50123,Polonnaruwa,36,F,C,S,C,2,2,1,3,5,2,2,2,3,4,5,4,,,,No,
2022,Arts,Oriental Music,A,Dancing (Indigenous),B,Drama & Theatre (Sinhala),A,2.712,1123,Colombo,92,A,B,A,A,1,1,5,1,2,5,1,2,3,5,2,4,MUSIC,UNIVERSITY OF SRI JAYEWARDENEPURA,068C,Yes,Yes
2022,Biological Science,Biology,A,Chemistry,B,Agricultural Science,A,2.178,3789,Kegalle,85,A,B,A,A,3,5,1,3,3,2,5,3,4,4,4,3,VETERINARY SCIENCE,UNIVERSITY OF PERADENIYA,003B,No,Yes
2022,Physical Science,Physics,A,Combined Mathematics,B,Chemistry,A,2.834,789,Batticaloa,94,A,B,A,A,5,1,4,5,1,1,3,4,5,2,3,2,COMPUTER SCIENCE,UNIVERSITY OF COLOMBO SCHOOL OF COMPUTING,012T,No,Yes
2022,Arts,Geography,A,Logic & Scientific Method,B,Political Science,C,0.912,18901,Matale,64,A,B,C,B,2,3,2,2,4,4,3,3,4,5,4,5,,,,No,
2022,Technology,Engineering Technology,B,Science for Technology,A,Bio Systems Technology,C,1.834,7123,Trincomalee,77,B,A,C,B,4,2,4,3,3,2,4,5,5,2,3,4,ENGINEERING TECHNOLOGY (ET),UVA WELLASSA UNIVERSITY OF SRI LANKA,102U,No,Yes
2022,Biological Science,Chemistry,A,Biology,A,Physics,B,2.612,834,Kurunegala,90,A,A,B,A,4,5,1,3,2,1,5,2,4,3,4,2,MEDICINE,UNIVERSITY OF PERADENIYA,001B,No,Yes
2022,Commerce,Business Studies,B,Accounting,A,Economics,A,2.178,3890,Puttalam,84,B,A,A,A,3,2,2,4,5,2,3,3,4,4,5,4,MANAGEMENT,SOUTH EASTERN UNIVERSITY OF SRI LANKA,016J,No,Yes
2022,Arts,Communication & Media Studies,A,Mass Media,B,History of Modern World,C,1.512,13456,Mannar,71,A,B,C,B,2,3,3,2,4,5,3,2,4,5,4,5,ARTS (SP) - MASS MEDIA,SRIPALEE CAMPUS UNIVERSITY OF COLOMBO,020S,Yes,Yes
2022,Physical Science,Combined Mathematics,F,Physics,C,Chemistry,S,-0.312,45678,Moneragala,47,F,C,S,C,4,2,3,3,2,1,3,4,3,2,3,3,,,,No,
2022,Bio Systems Technology,Bio Resource Technology,A,Agro Technology,B,Bio Systems Technology,C,1.412,15678,Nuwara Eliya,70,A,B,C,B,3,3,2,3,4,3,5,5,3,4,4,4,SCIENCE AND TECHNOLOGY,UVA WELLASSA UNIVERSITY OF SRI LANKA,064U,No,Yes
2022,Technology,Information & Communication Technology (ICT),A,Engineering Technology,B,Science for Technology,A,2.078,4231,Kalutara,82,A,B,A,A,4,1,3,5,3,2,3,4,5,3,4,3,MANAGEMENT AND INFORMATION TECHNOLOGY (MIT),UNIVERSITY OF KELANIYA,027D,No,Yes
2022,Arts,Drama & Theatre (Tamil),A,Carnatic Music,B,Dance,A,2.834,789,Jaffna,93,A,B,A,A,1,1,5,1,2,5,2,2,3,5,3,4,DANCE,SWAMY VIPULANANDA INSTITUTE OF AESTHETIC STUDIES EASTERN UNIVERSITY SRI LANKA,069Y,Yes,Yes
2022,Biological Science,Biology,C,Chemistry,B,Physics,B,0.712,23456,Ampara,61,C,B,B,C,3,5,1,2,2,1,4,2,3,3,3,3,,,,No,
2022,Physical Science,Physics,A,Chemistry,B,Combined Mathematics,A,2.512,1567,Gampaha,89,A,B,A,A,5,2,4,4,2,1,4,4,4,3,4,3,ARCHITECTURE,UNIVERSITY OF MORATUWA,023G,No,Yes
2022,Commerce,Economics,A,Business Statistics,B,Accounting,C,1.712,8345,Colombo,78,A,B,C,B,3,2,2,4,5,1,2,3,4,4,5,3,BUSINESS INFORMATION SYSTEMS (HONOURS) (BIS),UNIVERSITY OF SRI JAYEWARDENEPURA,077C,No,Yes
2022,Arts,Arabic,A,Islamic Civilization,B,Pali,C,1.178,16789,Vavuniya,67,A,B,C,B,2,2,1,1,3,4,2,1,4,5,3,4,ISLAMIC STUDIES,SOUTH EASTERN UNIVERSITY OF SRI LANKA,063J,No,Yes
2022,Technology,Electrical Electronic & Information Technology,B,Civil Technology,A,Mechanical Technology,B,1.912,6123,Ratnapura,80,B,A,B,B,4,2,5,3,3,2,4,5,5,3,4,4,LANDSCAPE ARCHITECTURE,UNIVERSITY OF MORATUWA,097G,No,Yes
2022,Biological Science,Chemistry,B,Biology,A,Agricultural Science,A,2.834,789,Kandy,95,B,A,A,A,4,5,1,3,3,2,5,3,4,4,4,3,SIDDHA MEDICINE AND SURGERY,UNIVERSITY OF JAFFNA,036E,No,Yes
2022,Physical Science,Combined Mathematics,C,Physics,B,Chemistry,B,1.234,14567,Badulla,69,C,B,B,B,5,2,3,3,2,1,3,4,3,2,3,4,APPLIED SCIENCES (PHYSICAL SC.),TRINCOMALEE CAMPUS EASTERN UNIVERSITY SRI LANKA,015W,No,Yes
2022,Arts,Christian Civilization,A,Greek & Roman Civilization,B,History of Europe,C,1.612,12345,Galle,73,A,B,C,B,2,3,2,2,4,5,3,2,4,5,4,5,ARTS,RAJARATA UNIVERSITY OF SRI LANKA,019K,No,Yes
2022,Commerce,Business Studies,F,Economics,S,Accounting,C,-0.567,48901,Polonnaruwa,38,F,S,C,C,2,2,1,3,5,2,2,2,3,4,5,4,,,,No,
2022,Bio Systems Technology,Agro Technology,A,Bio Resource Technology,B,Bio Systems Technology,C,1.912,7123,Hambantota,79,A,B,C,B,3,3,2,3,4,3,5,5,4,4,4,4,ENTREPRENEURSHIP AND MANAGEMENT,UVA WELLASSA UNIVERSITY OF SRI LANKA,066U,No,Yes
2022,Technology,Science for Technology,A,Information & Communication Technology (ICT),B,Engineering Technology,A,2.178,3890,Matara,85,A,B,A,A,4,1,3,5,3,2,3,4,5,3,4,3,COMPUTER SCIENCE,UNIVERSITY OF KELANIYA,012D,No,Yes
2022,Arts,Visual Arts,A,Western Music,B,Art & Design,C,2.512,1890,Colombo,88,A,B,C,B,1,1,5,2,2,5,1,2,3,5,2,4,VISUAL ARTS,UNIVERSITY OF THE VISUAL & PERFORMING ARTS,085Z,Yes,Yes
2022,Biological Science,Biology,B,Chemistry,C,Physics,A,1.512,13456,Gampaha,72,B,C,A,B,4,5,1,2,2,1,4,2,3,3,3,3,PHYSIOTHERAPY,UNIVERSITY OF COLOMBO,054A,No,Yes
2022,Physical Science,Physics,B,Combined Mathematics,A,Chemistry,A,2.834,789,Kurunegala,94,B,A,A,A,5,2,4,5,2,1,4,4,4,3,4,3,QUANTITY SURVEYING,UNIVERSITY OF MORATUWA,011G,No,Yes
2022,Commerce,Accounting,A,Business Studies,B,Economics,C,1.912,6789,Jaffna,80,A,B,C,B,3,2,2,4,5,2,3,3,4,4,5,4,MANAGEMENT,EASTERN UNIVERSITY SRI LANKA,016H,No,Yes
2022,Arts,Political Science,A,Geography,C,Logic & Scientific Method,B,1.312,14567,Kegalle,70,A,C,B,C,2,3,2,2,4,4,3,3,4,5,4,5,PEACE AND CONFLICT RESOLUTION,UNIVERSITY OF KELANIYA,031D,No,Yes
2022,Technology,Mechanical Technology,S,Civil Technology,B,Electrical Electronic & Information Technology,C,0.834,23456,Trincomalee,59,S,B,C,C,4,2,4,3,3,2,4,5,4,3,3,4,,,,No,
2022,Biological Science,Chemistry,A,Biology,B,Physics,C,1.834,7890,Anuradhapura,78,A,B,C,B,4,5,1,3,3,2,5,3,4,4,4,3,NURSING,UNIVERSITY OF JAFFNA,037E,No,Yes
2022,Physical Science,Combined Mathematics,A,Physics,A,Chemistry,B,3.178,167,Colombo,99,A,A,B,A,5,1,4,5,1,1,3,4,4,2,3,2,INFORMATION TECHNOLOGY (IT),UNIVERSITY OF MORATUWA,026G,No,Yes
2022,Arts,History,C,Sinhala Language,F,Buddhism,S,-0.678,50123,Matale,36,C,F,S,C,1,2,1,1,3,5,2,1,4,5,3,4,,,,No,
2022,Commerce,Economics,B,Accounting,A,Business Statistics,A,2.178,3789,Kandy,85,B,A,A,A,3,2,2,4,5,1,2,3,4,4,5,3,REAL ESTATE MANAGEMENT AND VALUATION,UNIVERSITY OF SRI JAYEWARDENEPURA,017C,No,Yes
2022,Bio Systems Technology,Bio Resource Technology,A,Agro Technology,B,Bio Systems Technology,A,2.612,1567,Ratnapura,91,A,B,A,A,3,3,2,3,4,3,5,5,4,4,4,4,"Hospitality, Tourism and Events Management",Uva Wellassa University,090U,No,Yes
2022,Technology,Information & Communication Technology (ICT),C,Engineering Technology,B,Science for Technology,A,1.512,13456,Galle,72,C,B,A,A,4,1,3,4,3,2,3,4,5,3,4,3,PROJECT MANAGEMENT,UNIVERSITY OF VAVUNIYA,101R,No,Yes
2022,Arts,Film & Television Studies,A,Drama & Theatre (English),B,Visual & Technological Arts,C,2.834,789,Colombo,93,A,B,C,B,1,1,5,2,3,5,1,3,4,5,3,4,FILM & TELEVISION STUDIES,UNIVERSITY OF KELANIYA,100D,Yes,Yes
2022,Biological Science,Biology,A,Chemistry,C,Physics,B,1.912,6789,Badulla,79,A,C,B,B,4,5,1,3,2,1,5,2,4,3,4,3,MEDICAL LABORATORY SCIENCES,UNIVERSITY OF RUHUNA,052F,No,Yes
2022,Physical Science,Physics,C,Combined Mathematics,B,Chemistry,C,1.178,16789,Hambantota,70,C,B,C,C,5,2,3,3,2,1,3,4,3,2,3,4,SURVEYING SCIENCE,SABARAGAMUWA UNIVERSITY OF SRI LANKA,014L,No,Yes
2022,Commerce,Accounting,B,Economics,C,Business Studies,S,0.512,27890,Puttalam,57,B,C,S,C,3,2,2,3,5,2,2,3,4,4,5,4,,,,No,
,,,,,,,,,,,,,,,,,,,,,,,,,,,,,,,,
2022,Biological Science,Biology,A,Chemistry,A,Physics,B,2.878,689,Colombo,94,A,A,A,A,4,5,2,3,2,1,5,3,4,4,4,2,MEDICINE,EASTERN UNIVERSITY SRI LANKA,001H,No,Yes
2022,Physical Science,Combined Mathematics,A,Physics,A,Chemistry,B,3.089,378,Gampaha,98,A,A,A,A,5,2,4,5,1,1,3,4,5,2,3,3,ENGINEERING,UNIVERSITY OF JAFFNA,008E,No,Yes
2022,Technology,Information & Communication Technology (ICT),A,Science for Technology,B,Engineering Technology,B,1.945,5890,Kalutara,81,A,B,B,B,4,1,3,5,4,2,3,4,5,3,4,4,INFORMATION AND COMMUNICATION TECHNOLOGY (ICT),UNIVERSITY OF VAVUNIYA,038R,No,Yes
2022,Arts,Geography,B,Political Science,A,Economics,C,1.289,15678,Kurunegala,71,B,A,C,B,2,3,2,3,5,4,3,2,4,5,5,5,SPORTS SCIENCE & MANAGEMENT,UNIVERSITY OF KELANIYA,082D,Yes,Yes
2022,Commerce,Accounting,A,Business Studies,B,Economics,A,2.512,2567,Kandy,90,A,B,A,A,3,2,2,4,5,1,2,3,4,4,5,3,MANAGEMENT,UNIVERSITY OF JAFFNA,016E,No,Yes
2022,Biological Science,Chemistry,C,Biology,B,Physics,S,-0.489,46789,Anuradhapura,39,C,B,S,C,3,4,1,2,2,1,4,2,3,3,3,3,,,,No,
2022,Physical Science,Physics,B,Combined Mathematics,C,Chemistry,S,0.667,24567,Badulla,61,B,C,S,C,5,2,3,3,2,1,3,4,4,2,3,4,,,,No,
2022,Arts,Sinhala Language,A,History,B,Buddhism,A,1.934,5678,Jaffna,82,A,B,A,A,1,2,1,1,3,5,2,1,4,5,3,4,ARTS,UNIVERSITY OF PERADENIYA,019B,No,Yes
2022,Technology,Mechanical Technology,A,Civil Technology,B,Electrical Electronic & Information Technology,A,2.189,3890,Ratnapura,85,A,B,A,A,4,2,5,3,3,2,5,5,5,3,4,4,FASHION DESIGN & PRODUCT DEVELOPMENT,UNIVERSITY OF MORATUWA,034G,No,Yes
2022,Bio Systems Technology,Agro Technology,B,Bio Resource Technology,A,Bio Systems Technology,B,1.778,8345,Hambantota,77,B,A,B,B,3,3,2,3,4,3,5,5,4,4,4,4,BIOSYSTEMS TECHNOLOGY (BST),UNIVERSITY OF MORATUWA,109G,No,Yes
2022,Physical Science,Combined Mathematics,A,Physics,B,Chemistry,C,1.856,7123,Galle,80,A,B,C,B,5,2,4,4,2,1,4,4,4,3,4,3,PHYSICAL SCIENCE,UNIVERSITY OF KELANIYA,013D,No,Yes
2022,Commerce,Economics,S,Business Statistics,F,Accounting,C,-0.567,48901,Polonnaruwa,38,S,F,C,C,2,2,1,3,5,2,2,2,3,4,5,4,,,,No,
2022,Arts,Oriental Music,A,Dancing (Indigenous),B,Drama & Theatre (Sinhala),A,2.789,789,Colombo,93,A,B,A,A,1,1,5,1,2,5,1,2,3,5,2,4,MUSIC,UNIVERSITY OF THE VISUAL & PERFORMING ARTS,068Z,Yes,Yes
2022,Biological Science,Biology,A,Chemistry,A,Agricultural Science,B,2.189,3789,Kegalle,86,A,A,B,A,3,5,1,3,3,2,5,3,4,4,4,3,AGRICULTURE,RAJARATA UNIVERSITY OF SRI LANKA,004K,No,Yes
2022,Physical Science,Physics,A,Combined Mathematics,B,Chemistry,A,2.834,678,Batticaloa,94,A,B,A,A,5,1,4,5,1,1,3,4,5,2,3,2,COMPUTER SCIENCE,UNIVERSITY OF RUHUNA,012F,No,Yes
2022,Arts,Political Science,B,Logic & Scientific Method,A,Geography,C,0.912,18901,Matale,64,B,A,C,C,2,3,2,2,4,4,3,3,4,5,4,5,,,,No,
2022,Technology,Engineering Technology,B,Science for Technology,A,Bio Systems Technology,C,1.945,6123,Trincomalee,79,B,A,C,B,4,2,4,3,3,2,4,5,5,2,3,4,ENGINEERING TECHNOLOGY (ET),SABARAGAMUWA UNIVERSITY OF SRI LANKA,102L,No,Yes
2022,Biological Science,Chemistry,A,Biology,B,Physics,A,2.667,712,Kurunegala,91,A,B,A,A,4,5,1,3,2,1,5,2,4,3,4,2,MEDICINE,UNIVERSITY OF RUHUNA,001F,No,Yes
2022,Commerce,Business Studies,A,Accounting,A,Economics,B,2.189,3890,Puttalam,84,A,A,B,A,3,2,2,4,5,2,3,3,4,4,5,4,MANAGEMENT,EASTERN UNIVERSITY SRI LANKA,016H,No,Yes
2022,Arts,Communication & Media Studies,A,Mass Media,B,History of Modern World,C,1.567,13456,Mannar,72,A,B,C,B,2,3,3,2,4,5,3,2,4,5,4,5,ARTS (SP) - MASS MEDIA,SRIPALEE CAMPUS UNIVERSITY OF COLOMBO,020S,Yes,Yes
2022,Physical Science,Combined Mathematics,S,Physics,C,Chemistry,F,-0.289,45678,Moneragala,49,S,C,F,C,4,2,3,3,2,1,3,4,3,2,3,3,,,,No,
2022,Bio Systems Technology,Bio Resource Technology,B,Agro Technology,A,Bio Systems Technology,C,1.456,14567,Nuwara Eliya,71,B,A,C,B,3,3,2,3,4,3,5,5,3,4,4,4,EXPORT AGRICULTURE,UVA WELLASSA UNIVERSITY OF SRI LANKA,073U,No,Yes
2022,Technology,Information & Communication Technology (ICT),A,Engineering Technology,B,Science for Technology,A,2.078,4231,Kalutara,83,A,B,A,A,4,1,3,5,3,2,3,4,5,3,4,3,INFORMATION SYSTEMS,UNIVERSITY OF SRI JAYEWARDENEPURA,096C,No,Yes
2022,Arts,Drama & Theatre (Tamil),A,Carnatic Music,B,Dance,A,2.789,789,Jaffna,92,A,B,A,A,1,1,5,1,2,5,2,2,3,5,3,4,DRAMA & THEATRE,SWAMY VIPULANANDA INSTITUTE OF AESTHETIC STUDIES EASTERN UNIVERSITY SRI LANKA,071Y,Yes,Yes
2022,Biological Science,Biology,B,Chemistry,C,Physics,B,0.789,23456,Ampara,62,B,C,B,C,3,5,1,2,2,1,4,2,3,3,3,3,,,,No,
2022,Physical Science,Physics,A,Chemistry,B,Combined Mathematics,A,2.567,1678,Gampaha,90,A,B,A,A,5,2,4,4,2,1,4,4,4,3,4,3,ARCHITECTURE,UNIVERSITY OF MORATUWA,023G,No,Yes
2022,Commerce,Economics,A,Business Statistics,B,Accounting,C,1.789,7890,Colombo,79,A,B,C,B,3,2,2,4,5,1,2,3,4,4,5,3,REAL ESTATE MANAGEMENT AND VALUATION,UNIVERSITY OF SRI JAYEWARDENEPURA,017C,No,Yes
2022,Arts,Arabic,A,Islamic Civilization,B,Pali,C,1.234,16789,Vavuniya,68,A,B,C,B,2,2,1,1,3,4,2,1,4,5,3,4,ARABIC LANGUAGE,SOUTH EASTERN UNIVERSITY OF SRI LANKA,084J,No,Yes
2022,Technology,Electrical Electronic & Information Technology,B,Civil Technology,A,Mechanical Technology,B,1.945,5123,Ratnapura,81,B,A,B,B,4,2,5,3,3,2,4,5,5,3,4,4,FACILITIES MANAGEMENT,UNIVERSITY OF MORATUWA,056G,No,Yes
2022,Biological Science,Chemistry,A,Biology,A,Agricultural Science,B,2.789,678,Kandy,94,A,A,B,A,4,5,1,3,3,2,5,3,4,4,4,3,SIDDHA MEDICINE AND SURGERY,TRINCOMALEE CAMPUS EASTERN UNIVERSITY SRI LANKA,036W,No,Yes
2022,Physical Science,Combined Mathematics,C,Physics,B,Chemistry,B,1.289,14567,Badulla,70,C,B,B,B,5,2,3,3,2,1,3,4,3,2,3,4,SURVEYING SCIENCE,SABARAGAMUWA UNIVERSITY OF SRI LANKA,014L,No,Yes
2022,Arts,Christian Civilization,B,Greek & Roman Civilization,A,History of Europe,C,1.667,12345,Galle,74,B,A,C,B,2,3,2,2,4,5,3,2,4,5,4,5,ARTS,UNIVERSITY OF COLOMBO,019A,No,Yes
2022,Commerce,Business Studies,F,Economics,C,Accounting,S,-0.612,48901,Polonnaruwa,40,F,C,S,C,2,2,1,3,5,2,2,2,3,4,5,4,,,,No,
2022,Bio Systems Technology,Agro Technology,A,Bio Resource Technology,B,Bio Systems Technology,C,1.945,7123,Hambantota,80,A,B,C,B,3,3,2,3,4,3,5,5,4,4,4,4,ANIMAL PRODUCTION AND FOOD TECHNOLOGY,WAYAMBA UNIVERSITY OF SRI LANKA,087M,No,Yes
2022,Technology,Science for Technology,A,Information & Communication Technology (ICT),B,Engineering Technology,A,2.234,3456,Matara,87,A,B,A,A,4,1,3,5,3,2,3,4,5,3,4,3,COMPUTER SCIENCE & TECHNOLOGY,UVA WELLASSA UNIVERSITY OF SRI LANKA,065U,No,Yes
2022,Arts,Visual Arts,A,Western Music,B,Art & Design,C,2.567,1890,Colombo,89,A,B,C,B,1,1,5,2,2,5,1,2,3,5,2,4,ART & DESIGN,UNIVERSITY OF JAFFNA,070E,Yes,Yes
2022,Biological Science,Biology,B,Chemistry,C,Physics,A,1.567,13456,Gampaha,73,B,C,A,B,4,5,1,2,2,1,4,2,3,3,3,3,PHYSIOTHERAPY,UNIVERSITY OF PERADENIYA,054B,No,Yes
2022,Physical Science,Physics,B,Combined Mathematics,A,Chemistry,A,2.789,789,Kurunegala,94,B,A,A,A,5,2,4,5,2,1,4,4,4,3,4,3,QUANTITY SURVEYING,UNIVERSITY OF MORATUWA,011G,No,Yes
2022,Commerce,Accounting,A,Business Studies,B,Economics,C,1.945,6789,Jaffna,81,A,B,C,B,3,2,2,4,5,2,3,3,4,4,5,4,MANAGEMENT,RAJARATA UNIVERSITY OF SRI LANKA,016K,No,Yes
2022,Arts,Political Science,A,Geography,C,Logic & Scientific Method,B,1.312,14567,Kegalle,71,A,C,B,C,2,3,2,2,4,4,3,3,4,5,4,5,TRANSLATION STUDIES,UNIVERSITY OF KELANIYA,098D,No,Yes
2022,Technology,Mechanical Technology,C,Civil Technology,S,Electrical Electronic & Information Technology,B,0.789,23456,Trincomalee,60,C,S,B,C,4,2,4,3,3,2,4,5,4,3,3,4,,,,No,
2022,Biological Science,Chemistry,B,Biology,A,Physics,C,1.945,7890,Anuradhapura,79,B,A,C,B,4,5,1,3,3,2,5,3,4,4,4,3,NURSING,UNIVERSITY OF SRI JAYEWARDENEPURA,037C,No,Yes
2022,Physical Science,Combined Mathematics,A,Physics,A,Chemistry,B,3.189,156,Colombo,99,A,A,B,A,5,1,4,5,1,1,3,4,4,2,3,2,INFORMATION TECHNOLOGY (IT),UNIVERSITY OF MORATUWA,026G,No,Yes
2022,Arts,History,F,Buddhism,C,Sinhala Language,S,-0.789,51234,Matale,35,F,C,S,C,1,2,1,1,3,5,2,1,4,5,3,4,,,,No,
2022,Commerce,Economics,B,Accounting,A,Business Statistics,A,2.189,3789,Kandy,86,B,A,A,A,3,2,2,4,5,1,2,3,4,4,5,3,BUSINESS INFORMATION SYSTEMS (HONOURS) (BIS),UNIVERSITY OF SRI JAYEWARDENEPURA,077C,No,Yes
2022,Bio Systems Technology,Bio Resource Technology,A,Agro Technology,B,Bio Systems Technology,A,2.667,1567,Ratnapura,92,A,B,A,A,3,3,2,3,4,3,5,5,4,4,4,4,"Hospitality, Tourism and Events Management",Uva Wellassa University,090U,No,Yes
2022,Technology,Information & Communication Technology (ICT),B,Engineering Technology,C,Science for Technology,A,1.567,13456,Galle,73,B,C,A,A,4,1,3,4,3,2,3,4,5,3,4,3,PROJECT MANAGEMENT,UNIVERSITY OF VAVUNIYA,101R,No,Yes
2022,Arts,Film & Television Studies,A,Drama & Theatre (English),B,Visual & Technological Arts,C,2.834,789,Colombo,93,A,B,C,B,1,1,5,2,3,5,1,3,4,5,3,4,VISUAL & TECHNOLOGICAL ARTS,SWAMY VIPULANANDA INSTITUTE OF AESTHETIC STUDIES EASTERN UNIVERSITY SRI LANKA,072Y,Yes,Yes
2022,Biological Science,Biology,A,Chemistry,C,Physics,B,1.945,6789,Badulla,80,A,C,B,B,4,5,1,3,2,1,5,2,4,3,4,3,MEDICAL LABORATORY SCIENCES,UNIVERSITY OF PERADENIYA,052B,No,Yes
2022,Physical Science,Physics,C,Combined Mathematics,B,Chemistry,C,1.234,16789,Hambantota,71,C,B,C,C,5,2,3,3,2,1,3,4,3,2,3,,,,,,
,,,,,,,,,,,,,,,,,,,,,,,,,,,,,,,,
2022,Biological Science,Biology,A,Chemistry,A,Physics,B,2.912,612,Colombo,95,A,A,A,A,4,5,2,3,2,1,5,3,4,4,4,2,MEDICINE,RAJARATA UNIVERSITY OF SRI LANKA,001K,No,Yes
2022,Physical Science,Combined Mathematics,A,Physics,A,Chemistry,B,3.089,356,Gampaha,98,A,A,A,A,5,2,4,5,1,1,3,4,5,2,3,3,ENGINEERING,UNIVERSITY OF PERADENIYA,008B,No,Yes
2022,Technology,Information & Communication Technology (ICT),B,Science for Technology,A,Engineering Technology,B,1.856,7123,Kalutara,79,B,A,A,B,4,1,3,5,4,2,3,4,5,3,4,4,SOFTWARE ENGINEERING,UNIVERSITY OF KELANIYA,099D,No,Yes
2022,Arts,Political Science,A,Geography,B,Economics,C,1.345,14567,Kurunegala,70,A,B,C,B,2,3,2,3,5,4,3,2,4,5,5,5,ARTS,UNIVERSITY OF RUHUNA,019F,No,Yes
2022,Commerce,Accounting,A,Business Studies,A,Economics,B,2.567,2456,Kandy,90,A,A,B,A,3,2,2,4,5,1,2,3,4,4,5,3,MANAGEMENT,UNIVERSITY OF SRI JAYEWARDENEPURA,016C,No,Yes
2022,Biological Science,Chemistry,C,Biology,S,Physics,F,-0.489,47890,Anuradhapura,38,C,S,F,C,3,4,1,2,2,1,4,2,3,3,3,3,,,,No,
2022,Physical Science,Physics,B,Combined Mathematics,C,Chemistry,S,0.612,25678,Badulla,60,B,C,S,C,5,2,3,3,2,1,3,4,4,2,3,4,,,,No,
2022,Arts,Sinhala Language,B,History,A,Buddhism,B,1.945,5678,Jaffna,81,B,A,B,A,1,2,1,1,3,5,2,1,4,5,3,4,ARTS (SP) - MASS MEDIA,SRIPALEE CAMPUS UNIVERSITY OF COLOMBO,020S,Yes,Yes
2022,Technology,Mechanical Technology,A,Civil Technology,B,Electrical Electronic & Information Technology,A,2.178,3789,Ratnapura,84,A,B,A,A,4,2,5,3,3,2,5,5,5,3,4,4,LANDSCAPE ARCHITECTURE,UNIVERSITY OF MORATUWA,097G,No,Yes
2022,Bio Systems Technology,Agro Technology,B,Bio Resource Technology,A,Bio Systems Technology,B,1.789,8345,Hambantota,78,B,A,B,B,3,3,2,3,4,3,5,5,4,4,4,4,BIOSYSTEMS TECHNOLOGY (BST),UNIVERSITY OF KELANIYA,110D,No,Yes
2022,Physical Science,Combined Mathematics,A,Physics,C,Chemistry,B,1.912,6123,Galle,81,A,C,B,B,5,2,4,4,2,1,4,4,4,3,4,3,PHYSICAL SCIENCE,UNIVERSITY OF JAFFNA,013E,No,Yes
2022,Commerce,Economics,F,Business Statistics,S,Accounting,C,-0.567,48901,Polonnaruwa,39,F,S,C,C,2,2,1,3,5,2,2,2,3,4,5,4,,,,No,
2022,Arts,Oriental Music,A,Dancing (Indigenous),B,Drama & Theatre (Sinhala),A,2.834,789,Colombo,93,A,B,A,A,1,1,5,1,2,5,1,2,3,5,2,4,MUSIC,SWAMY VIPULANANDA INSTITUTE OF AESTHETIC STUDIES EASTERN UNIVERSITY SRI LANKA,068Y,Yes,Yes
2022,Biological Science,Biology,A,Chemistry,B,Agricultural Science,A,2.234,3456,Kegalle,85,A,B,A,A,3,5,1,3,3,2,5,3,4,4,4,3,AGRICULTURE,SABARAGAMUWA UNIVERSITY OF SRI LANKA,004L,No,Yes
2022,Physical Science,Physics,A,Combined Mathematics,B,Chemistry,A,2.789,678,Batticaloa,94,A,B,A,A,5,1,4,5,1,1,3,4,5,2,3,2,COMPUTER SCIENCE,UNIVERSITY OF COLOMBO SCHOOL OF COMPUTING,012T,No,Yes
2022,Arts,Logic & Scientific Method,B,Geography,A,Political Science,C,0.912,18901,Matale,64,B,A,C,C,2,3,2,2,4,4,3,3,4,5,4,5,,,,No,
2022,Technology,Engineering Technology,B,Science for Technology,A,Bio Systems Technology,C,1.945,6123,Trincomalee,80,B,A,C,B,4,2,4,3,3,2,4,5,5,2,3,4,ENGINEERING TECHNOLOGY (ET),WAYAMBA UNIVERSITY OF SRI LANKA,102M,No,Yes
2022,Biological Science,Chemistry,A,Biology,A,Physics,B,2.667,712,Kurunegala,91,A,A,B,A,4,5,1,3,2,1,5,2,4,3,4,2,MEDICINE,WAYAMBA UNIVERSITY OF SRI LANKA,001M,No,Yes
2022,Commerce,Business Studies,A,Accounting,B,Economics,A,2.234,3789,Puttalam,85,A,B,A,A,3,2,2,4,5,2,3,3,4,4,5,4,MANAGEMENT,SOUTH EASTERN UNIVERSITY OF SRI LANKA,016J,No,Yes
2022,Arts,Communication & Media Studies,A,Mass Media,B,History of India,C,1.567,13456,Mannar,72,A,B,C,B,2,3,3,2,4,5,3,2,4,5,4,5,COMMUNICATION STUDIES,TRINCOMALEE CAMPUS EASTERN UNIVERSITY SRI LANKA,029W,No,Yes
2022,Physical Science,Combined Mathematics,S,Physics,C,Chemistry,F,-0.312,45678,Moneragala,48,S,C,F,C,4,2,3,3,2,1,3,4,3,2,3,3,,,,No,
2022,Bio Systems Technology,Bio Resource Technology,A,Agro Technology,B,Bio Systems Technology,C,1.456,14567,Nuwara Eliya,71,A,B,C,B,3,3,2,3,4,3,5,5,3,4,4,4,SCIENCE AND TECHNOLOGY,UVA WELLASSA UNIVERSITY OF SRI LANKA,064U,No,Yes
2022,Technology,Information & Communication Technology (ICT),A,Engineering Technology,B,Science for Technology,A,2.078,4231,Kalutara,83,A,B,A,A,4,1,3,5,3,2,3,4,5,3,4,3,MANAGEMENT AND INFORMATION TECHNOLOGY (MIT),UNIVERSITY OF KELANIYA,027D,No,Yes
2022,Arts,Drama & Theatre (Tamil),A,Carnatic Music,B,Dance,A,2.834,789,Jaffna,93,A,B,A,A,1,1,5,1,2,5,2,2,3,5,3,4,DANCE,UNIVERSITY OF JAFFNA,069E,Yes,Yes
2022,Biological Science,Biology,C,Chemistry,B,Physics,B,0.789,23456,Ampara,62,C,B,B,C,3,5,1,2,2,1,4,2,3,3,3,3,,,,No,
2022,Physical Science,Physics,A,Chemistry,B,Combined Mathematics,A,2.567,1678,Gampaha,90,A,B,A,A,5,2,4,4,2,1,4,4,4,3,4,3,DESIGN,UNIVERSITY OF MORATUWA,024G,No,Yes
2022,Commerce,Economics,A,Business Statistics,B,Accounting,C,1.789,7890,Colombo,79,A,B,C,B,3,2,2,4,5,1,2,3,4,4,5,3,COMMERCE,UNIVERSITY OF JAFFNA,018E,No,Yes
2022,Arts,Arabic,A,Islamic Civilization,B,Pali,C,1.234,16789,Vavuniya,68,A,B,C,B,2,2,1,1,3,4,2,1,4,5,3,4,ISLAMIC STUDIES,SOUTH EASTERN UNIVERSITY OF SRI LANKA,063J,No,Yes
2022,Technology,Electrical Electronic & Information Technology,B,Civil Technology,A,Mechanical Technology,B,1.945,5123,Ratnapura,81,B,A,B,B,4,2,5,3,3,2,4,5,5,3,4,4,TRANSLATION STUDIES,SABARAGAMUWA UNIVERSITY OF SRI LANKA,098L,No,Yes
2022,Biological Science,Chemistry,A,Biology,A,Agricultural Science,B,2.789,678,Kandy,94,A,A,B,A,4,5,1,3,3,2,5,3,4,4,4,3,FOOD SCIENCE & NUTRITION,WAYAMBA UNIVERSITY OF SRI LANKA,005M,No,Yes
2022,Physical Science,Combined Mathematics,C,Physics,B,Chemistry,B,1.289,14567,Badulla,70,C,B,B,B,5,2,3,3,2,1,3,4,3,2,3,4,APPLIED SCIENCES (PHYSICAL SC.),UNIVERSITY OF VAVUNIYA,015R,No,Yes
2022,Arts,Christian Civilization,A,Greek & Roman Civilization,B,History of Europe,C,1.667,12345,Galle,74,A,B,C,B,2,3,2,2,4,5,3,2,4,5,4,5,ARTS,RAJARATA UNIVERSITY OF SRI LANKA,019K,No,Yes
2022,Commerce,Business Studies,F,Economics,S,Accounting,C,-0.567,48901,Polonnaruwa,40,F,S,C,C,2,2,1,3,5,2,2,2,3,4,5,4,,,,No,
2022,Bio Systems Technology,Agro Technology,A,Bio Resource Technology,B,Bio Systems Technology,C,1.945,7123,Hambantota,80,A,B,C,B,3,3,2,3,4,3,5,5,4,4,4,4,ENTREPRENEURSHIP AND MANAGEMENT,UVA WELLASSA UNIVERSITY OF SRI LANKA,066U,No,Yes
2022,Technology,Science for Technology,A,Information & Communication Technology (ICT),B,Engineering Technology,A,2.234,3456,Matara,87,A,B,A,A,4,1,3,5,3,2,3,4,5,3,4,3,COMPUTER SCIENCE,UNIVERSITY OF SRI JAYEWARDENEPURA,012C,No,Yes
2022,Arts,Visual Arts,A,Western Music,B,Art & Design,C,2.567,1890,Colombo,89,A,B,C,B,1,1,5,2,2,5,1,2,3,5,2,4,VISUAL ARTS,UNIVERSITY OF THE VISUAL & PERFORMING ARTS,085Z,Yes,Yes
2022,Biological Science,Biology,B,Chemistry,C,Physics,A,1.567,13456,Gampaha,73,B,C,A,B,4,5,1,2,2,1,4,2,3,3,3,3,HEALTH PROMOTION,RAJARATA UNIVERSITY OF SRI LANKA,050K,No,Yes
2022,Physical Science,Physics,A,Combined Mathematics,B,Chemistry,A,2.789,678,Kurunegala,94,A,B,A,A,5,2,4,5,2,1,4,4,4,3,4,3,ENGINEERING (EM),UNIVERSITY OF MORATUWA,009G,No,Yes
2022,Commerce,Accounting,B,Economics,A,Business Studies,C,1.945,6789,Jaffna,81,B,A,C,B,3,2,2,4,5,2,3,3,4,4,5,4,MANAGEMENT,UNIVERSITY OF KELANIYA,016D,No,Yes
2022,Arts,Political Science,A,Geography,B,Logic & Scientific Method,C,1.312,14567,Kegalle,71,A,B,C,C,2,3,2,2,4,4,3,3,4,5,4,5,PEACE AND CONFLICT RESOLUTION,UNIVERSITY OF KELANIYA,031D,No,Yes
2022,Technology,Mechanical Technology,S,Civil Technology,B,Electrical Electronic & Information Technology,C,0.789,23456,Trincomalee,60,S,B,C,C,4,2,4,3,3,2,4,5,4,3,3,4,,,,No,
2022,Biological Science,Chemistry,B,Biology,A,Physics,C,1.945,7890,Anuradhapura,79,B,A,C,B,4,5,1,3,3,2,5,3,4,4,4,3,MEDICAL LABORATORY SCIENCES,UNIVERSITY OF RUHUNA,052F,No,Yes
2022,Physical Science,Combined Mathematics,A,Physics,A,Chemistry,B,3.189,156,Colombo,99,A,A,B,A,5,1,4,5,1,1,3,4,4,2,3,2,QUANTITY SURVEYING,UNIVERSITY OF MORATUWA,011G,No,Yes
2022,Arts,Buddhism,C,Sinhala Language,F,History,S,-0.789,51234,Matale,35,C,F,S,C,1,2,1,1,3,5,2,1,4,5,3,4,,,,No,
2022,Commerce,Economics,A,Business Statistics,A,Accounting,B,2.234,3789,Kandy,86,A,A,B,A,3,2,2,4,5,1,2,3,4,4,5,3,REAL ESTATE MANAGEMENT AND VALUATION,UNIVERSITY OF SRI JAYEWARDENEPURA,017C,No,Yes
2022,Bio Systems Technology,Bio Resource Technology,A,Agro Technology,B,Bio Systems Technology,A,2.667,1567,Ratnapura,92,A,B,A,A,3,3,2,3,4,3,5,5,4,4,4,4,INDUSTRIAL INFORMATION TECHNOLOGY,UVA WELLASSA UNIVERSITY OF SRI LANKA,075U,No,Yes
2022,Technology,Information & Communication Technology (ICT),C,Engineering Technology,B,Science for Technology,A,1.567,13456,Galle,73,C,B,A,A,4,1,3,4,3,2,3,4,5,3,4,3,PROJECT MANAGEMENT,UNIVERSITY OF VAVUNIYA,101R,No,Yes
2022,Arts,Film & Television Studies,A,Drama & Theatre (English),B,Visual & Technological Arts,C,2.834,789,Colombo,93,A,B,C,B,1,1,5,2,3,5,1,3,4,5,3,4,FILM & TELEVISION STUDIES,UNIVERSITY OF KELANIYA,100D,Yes,Yes
2022,Biological Science,Biology,A,Chemistry,C,Physics,B,1.945,6789,Badulla,80,A,C,B,B,4,5,1,3,2,1,5,2,4,3,4,3,NURSING,UNIVERSITY OF COLOMBO,037A,No,Yes
2022,Physical Science,Physics,C,Combined Mathematics,B,Chemistry,C,1.234,16789,Hambantota,71,C,B,C,C,5,2,3,3,2,1,3,4,3,2,3,4,FISHERIES & MARINE SCIENCES,UNIVERSITY OF RUHUNA,062F,No,Yes
2022,Commerce,Accounting,B,Economics,C,Business Studies,S,0.567,26789,Puttalam,58,B,C,S,C,3,2,2,3,5,2,2,3,4,4,5,4,,,,No,
,,,,,,,,,,,,,,,,,,,,,,,,,,,,,,,,
2022,Biological Science,Biology,A,Chemistry,A,Physics,B,2.945,567,Colombo,95,A,A,A,A,4,5,2,3,2,1,5,3,4,4,4,2,MEDICINE,UNIVERSITY OF PERADENIYA,001B,No,Yes
2022,Physical Science,Combined Mathematics,A,Physics,A,Chemistry,B,3.012,456,Gampaha,96,A,A,A,A,5,2,4,5,1,1,3,4,5,2,3,3,ENGINEERING,UNIVERSITY OF MORATUWA,008G,No,Yes
2022,Technology,Science for Technology,B,Information & Communication Technology (ICT),A,Engineering Technology,B,1.89,6789,Kalutara,78,B,A,A,B,4,1,3,5,4,2,3,4,5,3,4,4,BIOSYSTEMS TECHNOLOGY (BST),UNIVERSITY OF RUHUNA,106F,No,Yes
2022,Arts,Political Science,A,Geography,B,Economics,C,1.234,16789,Kurunegala,67,A,B,C,B,2,3,2,3,5,4,3,2,4,5,5,5,ARTS,UNIVERSITY OF COLOMBO,019A,No,Yes
2022,Commerce,Accounting,A,Business Studies,A,Economics,B,2.567,2345,Kandy,88,A,A,B,A,3,2,2,4,5,1,2,3,4,4,5,3,MANAGEMENT,UNIVERSITY OF KELANIYA,016D,No,Yes
2022,Biological Science,Chemistry,S,Biology,C,Physics,F,-0.456,47890,Anuradhapura,39,S,C,F,C,3,4,1,2,2,1,4,2,3,3,3,3,,,,No,
2022,Physical Science,Physics,C,Combined Mathematics,B,Chemistry,S,0.678,24567,Badulla,60,C,B,S,C,5,2,3,3,2,1,3,4,4,2,3,4,,,,No,
2022,Arts,Sinhala Language,A,Buddhism,B,History,A,1.945,5678,Jaffna,80,A,B,A,A,1,2,1,1,3,5,2,1,4,5,3,4,ARTS,UNIVERSITY OF SRI JAYEWARDENEPURA,019C,No,Yes
2022,Technology,Mechanical Technology,A,Civil Technology,B,Electrical Electronic & Information Technology,A,2.012,4567,Ratnapura,82,A,B,A,A,4,2,5,3,3,2,5,5,5,3,4,4,ENGINEERING TECHNOLOGY (ET),UNIVERSITY OF SRI JAYEWARDENEPURA,102C,No,Yes
2022,Bio Systems Technology,Agro Technology,B,Bio Resource Technology,A,Bio Systems Technology,B,1.678,9876,Hambantota,75,B,A,B,B,3,3,2,3,4,3,5,5,4,4,4,4,BIOSYSTEMS TECHNOLOGY (BST),SABARAGAMUWA UNIVERSITY OF SRI LANKA,107L,No,Yes
2022,Physical Science,Combined Mathematics,B,Physics,A,Chemistry,C,1.789,7890,Galle,77,B,A,C,B,5,2,4,4,2,1,4,4,4,3,4,3,PHYSICAL SCIENCE,UNIVERSITY OF PERADENIYA,013B,No,Yes
2022,Commerce,Economics,F,Business Statistics,S,Accounting,C,-0.678,50123,Polonnaruwa,37,F,S,C,C,2,2,1,3,5,2,2,2,3,4,5,4,,,,No,
2022,Arts,Dancing (Indigenous),A,Oriental Music,B,Drama & Theatre (Sinhala),A,2.678,1234,Colombo,90,A,B,A,A,1,1,5,1,2,5,1,2,3,5,2,4,MUSIC,UNIVERSITY OF SRI JAYEWARDENEPURA,068C,Yes,Yes
2022,Biological Science,Biology,A,Chemistry,B,Agricultural Science,A,2.234,3123,Kegalle,84,A,B,A,A,3,5,1,3,3,2,5,3,4,4,4,3,AGRICULTURE,WAYAMBA UNIVERSITY OF SRI LANKA,004M,No,Yes
2022,Physical Science,Physics,A,Combined Mathematics,B,Chemistry,A,2.789,789,Batticaloa,93,A,B,A,A,5,1,4,5,1,1,3,4,5,2,3,2,COMPUTER SCIENCE,UNIVERSITY OF JAFFNA,012E,No,Yes
2022,Arts,Logic & Scientific Method,A,Geography,C,Political Science,B,0.89,19876,Matale,63,A,C,B,C,2,3,2,2,4,4,3,3,4,5,4,5,,,,No,
2022,Technology,Engineering Technology,B,Science for Technology,A,Bio Systems Technology,C,1.945,5678,Trincomalee,79,B,A,C,B,4,2,4,3,3,2,4,5,5,2,3,4,ENGINEERING TECHNOLOGY (ET),RAJARATA UNIVERSITY OF SRI LANKA,102K,No,Yes
2022,Biological Science,Chemistry,A,Biology,A,Physics,B,2.567,890,Kurunegala,89,A,A,B,A,4,5,1,3,2,1,5,2,4,3,4,2,MEDICINE,SABARAGAMUWA UNIVERSITY OF SRI LANKA,001L,No,Yes
2022,Commerce,Business Studies,A,Accounting,B,Economics,A,2.123,4231,Puttalam,83,A,B,A,A,3,2,2,4,5,2,3,3,4,4,5,4,MANAGEMENT,SOUTH EASTERN UNIVERSITY OF SRI LANKA,016J,No,Yes
2022,Arts,Communication & Media Studies,A,History of Modern World,B,Mass Media,C,1.456,13456,Mannar,70,A,B,C,C,2,3,3,2,4,5,3,2,4,5,4,5,ARTS (SP) - MASS MEDIA,SRIPALEE CAMPUS UNIVERSITY OF COLOMBO,020S,Yes,Yes
2022,Physical Science,Combined Mathematics,C,Physics,F,Chemistry,S,-0.234,45678,Moneragala,48,C,F,S,C,4,2,3,3,2,1,3,4,3,2,3,3,,,,No,
2022,Bio Systems Technology,Bio Resource Technology,A,Agro Technology,B,Bio Systems Technology,C,1.345,15678,Nuwara Eliya,69,A,B,C,B,3,3,2,3,4,3,5,5,3,4,4,4,EXPORT AGRICULTURE,UVA WELLASSA UNIVERSITY OF SRI LANKA,073U,No,Yes
2022,Technology,Information & Communication Technology (ICT),A,Engineering Technology,B,Science for Technology,A,2.012,4789,Kalutara,81,A,B,A,A,4,1,3,5,3,2,3,4,5,3,4,3,SOFTWARE ENGINEERING,UNIVERSITY OF KELANIYA,099D,No,Yes
2022,Arts,Carnatic Music,A,Drama & Theatre (Tamil),B,Dance,A,2.789,890,Jaffna,91,A,B,A,A,1,1,5,1,2,5,2,2,3,5,3,4,DANCE,SWAMY VIPULANANDA INSTITUTE OF AESTHETIC STUDIES EASTERN UNIVERSITY SRI LANKA,069Y,Yes,Yes
2022,Biological Science,Biology,B,Chemistry,C,Physics,S,0.678,24567,Ampara,61,B,C,S,C,3,5,1,2,2,1,4,2,3,3,3,3,,,,No,
2022,Physical Science,Physics,A,Chemistry,B,Combined Mathematics,A,2.567,1678,Gampaha,89,A,B,A,A,5,2,4,4,2,1,4,4,4,3,4,3,DESIGN,UNIVERSITY OF MORATUWA,024G,No,Yes
2022,Commerce,Economics,A,Business Statistics,B,Accounting,C,1.678,8901,Colombo,77,A,B,C,B,3,2,2,4,5,1,2,3,4,4,5,3,COMMERCE,UNIVERSITY OF SRI JAYEWARDENEPURA,018C,No,Yes
2022,Arts,Pali,A,Sanskrit,B,Arabic,C,1.123,17890,Vavuniya,66,A,B,C,B,2,2,1,1,3,4,2,1,4,5,3,4,,,,No,
2022,Technology,Mechanical Technology,A,Electrical Electronic & Information Technology,B,Civil Technology,B,1.945,5123,Ratnapura,80,A,B,B,B,4,2,5,3,3,2,4,5,5,3,4,4,LANDSCAPE ARCHITECTURE,UNIVERSITY OF MORATUWA,097G,No,Yes
2022,Biological Science,Chemistry,A,Biology,A,Agricultural Science,B,2.678,890,Kandy,92,A,A,B,A,4,5,1,3,3,2,5,3,4,4,4,3,FOOD SCIENCE & TECHNOLOGY,UNIVERSITY OF PERADENIYA,035B,No,Yes
2022,Physical Science,Combined Mathematics,B,Physics,C,Chemistry,B,1.234,14567,Badulla,68,B,C,B,B,5,2,3,3,2,1,3,4,3,2,3,4,APPLIED SCIENCES (PHYSICAL SC.),WAYAMBA UNIVERSITY OF SRI LANKA,015M,No,Yes
2022,Arts,History of Europe,A,Greek & Roman Civilization,B,Christian Civilization,C,1.567,12345,Galle,72,A,B,C,B,2,3,2,2,4,5,3,2,4,5,4,5,ARTS,EASTERN UNIVERSITY SRI LANKA,019H,No,Yes
2022,Commerce,Economics,S,Business Studies,F,Accounting,C,-0.678,50123,Polonnaruwa,37,S,F,C,C,2,2,1,3,5,2,2,2,3,4,5,4,,,,No,
2022,Bio Systems Technology,Agro Technology,B,Bio Resource Technology,C,Bio Systems Technology,A,1.89,7890,Hambantota,78,B,C,A,B,3,3,2,3,4,3,5,5,4,4,4,4,AQUATIC RESOURCES TECHNOLOGY,UVA WELLASSA UNIVERSITY OF SRI LANKA,088U,No,Yes
2022,Technology,Science for Technology,A,Information & Communication Technology (ICT),B,Engineering Technology,A,2.234,3456,Matara,86,A,B,A,A,4,1,3,5,3,2,3,4,5,3,4,3,COMPUTER SCIENCE & TECHNOLOGY,UVA WELLASSA UNIVERSITY OF SRI LANKA,065U,No,Yes
2022,Arts,Western Music,B,Visual Arts,A,Art & Design,C,2.456,2345,Colombo,87,B,A,C,B,1,1,5,2,2,5,1,2,3,5,2,4,VISUAL ARTS,UNIVERSITY OF THE VISUAL & PERFORMING ARTS,085Z,Yes,Yes
2022,Biological Science,Biology,C,Chemistry,B,Physics,A,1.456,13456,Gampaha,71,C,B,A,B,4,5,1,2,2,1,4,2,3,3,3,3,HEALTH PROMOTION,RAJARATA UNIVERSITY OF SRI LANKA,050K,No,Yes
2022,Physical Science,Physics,A,Combined Mathematics,B,Chemistry,A,2.789,678,Kurunegala,93,A,B,A,A,5,2,4,5,2,1,4,4,4,3,4,3,ENGINEERING (EM),UNIVERSITY OF MORATUWA,009G,No,Yes
2022,Commerce,Business Studies,A,Accounting,B,Economics,C,1.945,5678,Jaffna,80,A,B,C,B,3,2,2,4,5,2,3,3,4,4,5,4,MANAGEMENT,RAJARATA UNIVERSITY OF SRI LANKA,016K,No,Yes
2022,Arts,Logic & Scientific Method,B,Political Science,A,Geography,C,1.345,14567,Kegalle,70,B,A,C,C,2,3,2,2,4,4,3,3,4,5,4,5,TRANSLATION STUDIES,UNIVERSITY OF KELANIYA,098D,No,Yes
2022,Technology,Electrical Electronic & Information Technology,S,Mechanical Technology,C,Civil Technology,B,0.89,23456,Trincomalee,60,S,C,B,C,4,2,4,3,3,2,4,5,4,3,3,4,,,,No,
2022,Biological Science,Chemistry,B,Biology,A,Physics,C,1.789,8901,Anuradhapura,77,B,A,C,B,4,5,1,3,3,2,5,3,4,4,4,3,PHARMACY,UNIVERSITY OF PERADENIYA,051B,No,Yes
2022,Physical Science,Combined Mathematics,A,Physics,A,Chemistry,B,3.156,189,Colombo,98,A,A,B,A,5,1,4,5,1,1,3,4,4,2,3,2,QUANTITY SURVEYING,UNIVERSITY OF MORATUWA,011G,No,Yes
2022,Arts,Buddhism,F,History,S,Sinhala Language,C,-0.789,51234,Matale,35,F,S,C,C,1,2,1,1,3,5,2,1,4,5,3,4,,,,No,
2022,Commerce,Economics,A,Business Statistics,B,Accounting,A,2.123,4123,Kandy,84,A,B,A,A,3,2,2,4,5,1,2,3,4,4,5,3,MANAGEMENT AND PUBLIC POLICY,UNIVERSITY OF SRI JAYEWARDENEPURA,028C,No,Yes
2022,Bio Systems Technology,Bio Resource Technology,A,Agro Technology,B,Bio Systems Technology,A,2.567,1678,Ratnapura,90,A,B,A,A,3,3,2,3,4,3,5,5,4,4,4,4,"Hospitality, Tourism and Events Management",Uva Wellassa University,090U,No,Yes
2022,Technology,Information & Communication Technology (ICT),C,Engineering Technology,B,Science for Technology,A,1.567,12345,Galle,72,C,B,A,A,4,1,3,4,3,2,3,4,5,3,4,3,PROJECT MANAGEMENT,UNIVERSITY OF VAVUNIYA,101R,No,Yes
2022,Arts,Film & Television Studies,A,Drama & Theatre (English),B,Visual & Technological Arts,C,2.678,1234,Colombo,90,A,B,C,B,1,1,5,2,3,5,1,3,4,5,3,4,FILM & TELEVISION STUDIES,UNIVERSITY OF KELANIYA,100D,Yes,Yes
2022,Biological Science,Biology,A,Chemistry,C,Physics,B,1.945,6789,Badulla,78,A,C,B,B,4,5,1,3,2,1,5,2,4,3,4,3,NURSING,UNIVERSITY OF RUHUNA,037F,No,Yes
2022,Physical Science,Physics,C,Combined Mathematics,B,Chemistry,C,1.123,16789,Hambantota,69,C,B,C,C,5,2,3,3,2,1,3,4,3,2,3,4,FISHERIES & MARINE SCIENCES,UNIVERSITY OF RUHUNA,062F,No,Yes
2022,Commerce,Accounting,S,Economics,B,Business Studies,C,0.567,26789,Puttalam,56,S,B,C,C,3,2,2,3,5,2,2,3,4,4,5,4,,,,No,
,,,,,,,,,,,,,,,,,,,,,,,,,,,,,,,,
2022,Biological Science,Biology,A,Chemistry,A,Physics,B,2.912,623,Colombo,94,A,A,A,A,4,5,2,3,2,1,5,3,4,4,4,2,MEDICINE,UNIVERSITY OF KELANIYA,001D,No,Yes
2022,Physical Science,Combined Mathematics,A,Physics,A,Chemistry,B,3.078,378,Gampaha,97,A,A,A,A,5,2,4,5,1,1,3,4,5,2,3,3,ENGINEERING,UNIVERSITY OF MORATUWA,008G,No,Yes
2022,Technology,Information & Communication Technology (ICT),B,Science for Technology,A,Engineering Technology,B,1.823,7123,Kalutara,79,B,A,A,B,4,1,3,5,4,2,3,4,5,3,4,4,SOFTWARE ENGINEERING,SABARAGAMUWA UNIVERSITY OF SRI LANKA,099L,No,Yes
2022,Arts,Economics,B,Political Science,A,Geography,C,1.312,15678,Kurunegala,70,B,A,C,B,2,3,2,3,5,4,3,2,4,5,5,5,ARTS,SABARAGAMUWA UNIVERSITY OF SRI LANKA,021L,No,Yes
2022,Commerce,Business Studies,A,Accounting,A,Economics,B,2.478,2789,Kandy,89,A,A,B,A,3,2,2,4,5,1,2,3,4,4,5,3,MANAGEMENT,UNIVERSITY OF COLOMBO,016A,No,Yes
2022,Biological Science,Chemistry,C,Biology,S,Physics,F,-0.567,48901,Anuradhapura,37,C,S,F,C,3,4,1,2,2,1,4,2,3,3,3,3,,,,No,
2022,Physical Science,Physics,B,Combined Mathematics,C,Chemistry,S,0.589,26789,Badulla,58,B,C,S,C,5,2,3,3,2,1,3,4,4,2,3,4,,,,No,
2022,Arts,Sinhala Language,A,History,B,Buddhism,A,1.856,6234,Jaffna,81,A,B,A,A,1,2,1,1,3,5,2,1,4,5,3,4,ARTS,UNIVERSITY OF RUHUNA,019F,No,Yes
2022,Technology,Mechanical Technology,A,Civil Technology,B,Electrical Electronic & Information Technology,A,2.145,3890,Ratnapura,83,A,B,A,A,4,2,5,3,3,2,5,5,5,3,4,4,FACILITIES MANAGEMENT,UNIVERSITY OF MORATUWA,056G,No,Yes
2022,Bio Systems Technology,Agro Technology,B,Bio Resource Technology,A,Bio Systems Technology,B,1.712,9234,Hambantota,76,B,A,B,B,3,3,2,3,4,3,5,5,4,4,4,4,BIOSYSTEMS TECHNOLOGY (BST),UNIVERSITY OF PERADENIYA,112B,No,Yes
2022,Physical Science,Combined Mathematics,A,Physics,C,Chemistry,B,1.834,6789,Galle,78,A,C,B,B,5,2,4,4,2,1,4,4,4,3,4,3,PHYSICAL SCIENCE,UNIVERSITY OF COLOMBO,013A,No,Yes
2022,Commerce,Economics,S,Business Statistics,C,Accounting,F,-0.678,50123,Polonnaruwa,36,S,C,F,C,2,2,1,3,5,2,2,2,3,4,5,4,,,,No,
2022,Arts,Oriental Music,A,Dancing (Indigenous),B,Drama & Theatre (Sinhala),A,2.712,1123,Colombo,92,A,B,A,A,1,1,5,1,2,5,1,2,3,5,2,4,DRAMA & THEATRE,UNIVERSITY OF THE VISUAL & PERFORMING ARTS,071Z,Yes,Yes
2022,Biological Science,Biology,A,Chemistry,B,Agricultural Science,A,2.178,3789,Kegalle,85,A,B,A,A,3,5,1,3,3,2,5,3,4,4,4,3,VETERINARY SCIENCE,UNIVERSITY OF PERADENIYA,003B,No,Yes
2022,Physical Science,Physics,A,Combined Mathematics,B,Chemistry,A,2.834,789,Batticaloa,94,A,B,A,A,5,1,4,5,1,1,3,4,5,2,3,2,COMPUTER SCIENCE,UNIVERSITY OF RUHUNA,012F,No,Yes
2022,Arts,Geography,A,Logic & Scientific Method,B,Political Science,C,0.912,18901,Matale,64,A,B,C,B,2,3,2,2,4,4,3,3,4,5,4,5,,,,No,
2022,Technology,Engineering Technology,B,Science for Technology,A,Bio Systems Technology,C,1.834,7123,Trincomalee,77,B,A,C,B,4,2,4,3,3,2,4,5,5,2,3,4,ENGINEERING TECHNOLOGY (ET),UVA WELLASSA UNIVERSITY OF SRI LANKA,102U,No,Yes
2022,Biological Science,Chemistry,A,Biology,A,Physics,B,2.612,834,Kurunegala,90,A,A,B,A,4,5,1,3,2,1,5,2,4,3,4,2,MEDICINE,EASTERN UNIVERSITY SRI LANKA,001H,No,Yes
2022,Commerce,Business Studies,B,Accounting,A,Economics,A,2.178,3890,Puttalam,84,B,A,A,A,3,2,2,4,5,2,3,3,4,4,5,4,MANAGEMENT,WAYAMBA UNIVERSITY OF SRI LANKA,016M,No,Yes
2022,Arts,Mass Media,A,Communication & Media Studies,B,History of Modern World,C,1.512,13456,Mannar,71,A,B,C,B,2,3,3,2,4,5,3,2,4,5,4,5,COMMUNICATION STUDIES,TRINCOMALEE CAMPUS EASTERN UNIVERSITY SRI LANKA,029W,No,Yes
2022,Physical Science,Combined Mathematics,F,Physics,S,Chemistry,C,-0.312,45678,Moneragala,47,F,S,C,C,4,2,3,3,2,1,3,4,3,2,3,3,,,,No,
2022,Bio Systems Technology,Bio Resource Technology,A,Agro Technology,B,Bio Systems Technology,C,1.412,15678,Nuwara Eliya,70,A,B,C,B,3,3,2,3,4,3,5,5,3,4,4,4,GREEN TECHNOLOGY,UNIVERSITY OF RUHUNA,095F,No,Yes
2022,Technology,Information & Communication Technology (ICT),A,Engineering Technology,B,Science for Technology,A,2.078,4231,Kalutara,82,A,B,A,A,4,1,3,5,3,2,3,4,5,3,4,3,INFORMATION SYSTEMS,UNIVERSITY OF COLOMBO SCHOOL OF COMPUTING,096T,No,Yes
2022,Arts,Drama & Theatre (Tamil),A,Carnatic Music,B,Dance,A,2.834,789,Jaffna,93,A,B,A,A,1,1,5,1,2,5,2,2,3,5,3,4,DANCE,UNIVERSITY OF JAFFNA,069E,Yes,Yes
2022,Biological Science,Biology,C,Chemistry,B,Physics,B,0.712,23456,Ampara,61,C,B,B,C,3,5,1,2,2,1,4,2,3,3,3,3,,,,No,
2022,Physical Science,Physics,A,Chemistry,B,Combined Mathematics,A,2.512,1567,Gampaha,89,A,B,A,A,5,2,4,4,2,1,4,4,4,3,4,3,ARCHITECTURE,UNIVERSITY OF MORATUWA,023G,No,Yes
2022,Commerce,Economics,A,Business Statistics,B,Accounting,C,1.712,8345,Colombo,78,A,B,C,B,3,2,2,4,5,1,2,3,4,4,5,3,REAL ESTATE MANAGEMENT AND VALUATION,UNIVERSITY OF SRI JAYEWARDENEPURA,017C,No,Yes
2022,Arts,Arabic,A,Islamic Civilization,B,Pali,C,1.178,16789,Vavuniya,67,A,B,C,B,2,2,1,1,3,4,2,1,4,5,3,4,ARABIC LANGUAGE,SOUTH EASTERN UNIVERSITY OF SRI LANKA,084J,No,Yes
2022,Technology,Electrical Electronic & Information Technology,B,Civil Technology,A,Mechanical Technology,B,1.912,6123,Ratnapura,80,B,A,B,B,4,2,5,3,3,2,4,5,5,3,4,4,FACILITIES MANAGEMENT,UNIVERSITY OF MORATUWA,056G,No,Yes
2022,Biological Science,Chemistry,B,Biology,A,Agricultural Science,A,2.834,789,Kandy,95,B,A,A,A,4,5,1,3,3,2,5,3,4,4,4,3,SIDDHA MEDICINE AND SURGERY,TRINCOMALEE CAMPUS EASTERN UNIVERSITY SRI LANKA,036W,No,Yes
2022,Physical Science,Combined Mathematics,C,Physics,B,Chemistry,B,1.234,14567,Badulla,69,C,B,B,B,5,2,3,3,2,1,3,4,3,2,3,4,SURVEYING SCIENCE,SABARAGAMUWA UNIVERSITY OF SRI LANKA,014L,No,Yes
2022,Arts,Christian Civilization,A,Greek & Roman Civilization,B,History of Europe,C,1.612,12345,Galle,73,A,B,C,B,2,3,2,2,4,5,3,2,4,5,4,5,ARTS,EASTERN UNIVERSITY SRI LANKA,019H,No,Yes
2022,Commerce,Business Studies,F,Economics,S,Accounting,C,-0.567,48901,Polonnaruwa,38,F,S,C,C,2,2,1,3,5,2,2,2,3,4,5,4,,,,No,
2022,Bio Systems Technology,Agro Technology,A,Bio Resource Technology,B,Bio Systems Technology,C,1.912,7123,Hambantota,79,A,B,C,B,3,3,2,3,4,3,5,5,4,4,4,4,ANIMAL PRODUCTION AND FOOD TECHNOLOGY,WAYAMBA UNIVERSITY OF SRI LANKA,087M,No,Yes
2022,Technology,Science for Technology,A,Information & Communication Technology (ICT),B,Engineering Technology,A,2.178,3890,Matara,85,A,B,A,A,4,1,3,5,3,2,3,4,5,3,4,3,COMPUTER SCIENCE & TECHNOLOGY,UVA WELLASSA UNIVERSITY OF SRI LANKA,065U,No,Yes
2022,Arts,Visual Arts,A,Western Music,B,Art & Design,C,2.512,1890,Colombo,88,A,B,C,B,1,1,5,2,2,5,1,2,3,5,2,4,ART & DESIGN,UNIVERSITY OF JAFFNA,070E,Yes,Yes
2022,Biological Science,Biology,B,Chemistry,C,Physics,A,1.512,13456,Gampaha,72,B,C,A,B,4,5,1,2,2,1,4,2,3,3,3,3,RADIOGRAPHY,UNIVERSITY OF PERADENIYA,053B,No,Yes
2022,Physical Science,Physics,B,Combined Mathematics,A,Chemistry,A,2.834,789,Kurunegala,94,B,A,A,A,5,2,4,5,2,1,4,4,4,3,4,3,QUANTITY SURVEYING,UNIVERSITY OF MORATUWA,011G,No,Yes
2022,Commerce,Accounting,A,Business Studies,B,Economics,C,1.912,6789,Jaffna,80,A,B,C,B,3,2,2,4,5,2,3,3,4,4,5,4,MANAGEMENT,RAJARATA UNIVERSITY OF SRI LANKA,016K,No,Yes
2022,Arts,Political Science,A,Geography,C,Logic & Scientific Method,B,1.312,14567,Kegalle,70,A,C,B,C,2,3,2,2,4,4,3,3,4,5,4,5,PEACE AND CONFLICT RESOLUTION,UNIVERSITY OF KELANIYA,031D,No,Yes
2022,Technology,Mechanical Technology,S,Civil Technology,B,Electrical Electronic & Information Technology,C,0.834,23456,Trincomalee,59,S,B,C,C,4,2,4,3,3,2,4,5,4,3,3,4,,,,No,
2022,Biological Science,Chemistry,A,Biology,B,Physics,C,1.834,7890,Anuradhapura,78,A,B,C,B,4,5,1,3,3,2,5,3,4,4,4,3,NURSING,UNIVERSITY OF JAFFNA,037E,No,Yes
2022,Physical Science,Combined Mathematics,A,Physics,A,Chemistry,B,3.178,167,Colombo,99,A,A,B,A,5,1,4,5,1,1,3,4,4,2,3,2,INFORMATION TECHNOLOGY (IT),UNIVERSITY OF MORATUWA,026G,No,Yes
2022,Arts,History,C,Sinhala Language,F,Buddhism,S,-0.678,50123,Matale,36,C,F,S,C,1,2,1,1,3,5,2,1,4,5,3,4,,,,No,
2022,Commerce,Economics,B,Accounting,A,Business Statistics,A,2.178,3789,Kandy,85,B,A,A,A,3,2,2,4,5,1,2,3,4,4,5,3,BUSINESS INFORMATION SYSTEMS (HONOURS) (BIS),UNIVERSITY OF SRI JAYEWARDENEPURA,077C,No,Yes
2022,Bio Systems Technology,Bio Resource Technology,A,Agro Technology,B,Bio Systems Technology,A,2.612,1567,Ratnapura,91,A,B,A,A,3,3,2,3,4,3,5,5,4,4,4,4,"Hospitality, Tourism and Events Management",Uva Wellassa University,090U,No,Yes
2022,Technology,Information & Communication Technology (ICT),C,Engineering Technology,B,Science for Technology,A,1.512,13456,Galle,72,C,B,A,A,4,1,3,4,3,2,3,4,5,3,4,3,PROJECT MANAGEMENT,UNIVERSITY OF VAVUNIYA,101R,No,Yes
2022,Arts,Film & Television Studies,A,Drama & Theatre (English),B,Visual & Technological Arts,C,2.834,789,Colombo,93,A,B,C,B,1,1,5,2,3,5,1,3,4,5,3,4,FILM & TELEVISION STUDIES,UNIVERSITY OF KELANIYA,100D,Yes,Yes
2022,Biological Science,Biology,A,Chemistry,C,Physics,B,1.912,6789,Badulla,79,A,C,B,B,4,5,1,3,2,1,5,2,4,3,4,3,MEDICAL LABORATORY SCIENCES,UNIVERSITY OF PERADENIYA,052B,No,Yes
2022,Physical Science,Physics,C,Combined Mathematics,B,Chemistry,C,1.178,16789,Hambantota,70,C,B,C,C,5,2,3,3,2,1,3,4,3,2,3,4,FISHERIES & MARINE SCIENCES,UNIVERSITY OF RUHUNA,062F,No,Yes
2022,Commerce,Accounting,B,Economics,C,Business Studies,S,0.512,27890,Puttalam,57,B,C,S,C,3,2,2,3,5,2,2,3,4,4,5,4,,,,No,
,,,,,,,,,,,,,,,,,,,,,,,,,,,,,,,,
2022,Biological Science,Biology,A,Chemistry,A,Physics,B,2.945,567,Colombo,95,A,A,A,A,4,5,2,3,2,1,5,3,4,4,4,2,MEDICINE,UNIVERSITY OF COLOMBO,001A,No,Yes
2022,Physical Science,Combined Mathematics,A,Physics,A,Chemistry,B,3.012,456,Gampaha,96,A,A,A,A,5,2,4,5,1,1,3,4,5,2,3,3,ENGINEERING,UNIVERSITY OF MORATUWA,008G,No,Yes
2022,Technology,Information & Communication Technology (ICT),A,Science for Technology,B,Engineering Technology,C,1.89,6789,Kalutara,78,A,B,C,B,4,1,3,5,4,2,3,4,5,3,4,4,INFORMATION AND COMMUNICATION TECHNOLOGY (ICT),RAJARATA UNIVERSITY OF SRI LANKA,038K,No,Yes
2022,Arts,Political Science,B,Geography,A,Economics,C,1.234,16789,Kurunegala,67,B,A,B,B,2,3,2,3,5,4,3,2,4,5,5,5,ARTS,UNIVERSITY OF PERADENIYA,019B,No,Yes
2022,Commerce,Accounting,A,Business Studies,A,Economics,B,2.567,2345,Kandy,88,A,A,B,A,3,2,2,4,5,1,2,3,4,4,5,3,MANAGEMENT,UNIVERSITY OF SRI JAYEWARDENEPURA,016C,No,Yes
2022,Biological Science,Chemistry,S,Biology,C,Physics,F,-0.456,47890,Anuradhapura,39,S,C,F,C,3,4,1,2,2,1,4,2,3,3,3,3,,,,No,
2022,Physical Science,Physics,C,Combined Mathematics,B,Chemistry,S,0.678,24567,Badulla,60,C,B,S,C,5,2,3,3,2,1,3,4,4,2,3,4,,,,No,
2022,Arts,Sinhala Language,A,Buddhism,B,History,A,1.945,5678,Jaffna,80,A,B,A,A,1,2,1,1,3,5,2,1,4,5,3,4,ARTS,UNIVERSITY OF JAFFNA,019E,No,Yes
2022,Technology,Mechanical Technology,A,Civil Technology,B,Electrical Electronic & Information Technology,A,2.012,4567,Ratnapura,82,A,B,A,A,4,2,5,3,3,2,5,5,5,3,4,4,ENGINEERING TECHNOLOGY (ET),UNIVERSITY OF KELANIYA,102D,No,Yes
2022,Bio Systems Technology,Agro Technology,B,Bio Resource Technology,A,Bio Systems Technology,B,1.678,9876,Hambantota,75,B,A,B,B,3,3,2,3,4,3,5,5,4,4,4,4,BIOSYSTEMS TECHNOLOGY (BST),UNIVERSITY OF COLOMBO,103A,No,Yes
2022,Physical Science,Combined Mathematics,B,Physics,A,Chemistry,C,1.789,7890,Galle,77,B,A,C,B,5,2,4,4,2,1,4,4,4,3,4,3,PHYSICAL SCIENCE,UNIVERSITY OF RUHUNA,013F,No,Yes
2022,Commerce,Economics,F,Business Statistics,S,Accounting,C,-0.678,50123,Polonnaruwa,37,F,S,C,C,2,2,1,3,5,2,2,2,3,4,5,4,,,,No,
2022,Arts,Dancing (Indigenous),A,Oriental Music,B,Drama & Theatre (Sinhala),A,2.678,1234,Colombo,90,A,B,A,A,1,1,5,1,2,5,1,2,3,5,2,4,MUSIC,UNIVERSITY OF SRI JAYEWARDENEPURA,068C,Yes,Yes
2022,Biological Science,Biology,A,Chemistry,B,Agricultural Science,A,2.234,3123,Kegalle,84,A,B,A,A,3,5,1,3,3,2,5,3,4,4,4,3,AGRICULTURE,RAJARATA UNIVERSITY OF SRI LANKA,004K,No,Yes
2022,Physical Science,Physics,A,Combined Mathematics,B,Chemistry,A,2.789,789,Batticaloa,93,A,B,A,A,5,1,4,5,1,1,3,4,5,2,3,2,COMPUTER SCIENCE,UNIVERSITY OF JAFFNA,012E,No,Yes
2022,Arts,Logic & Scientific Method,A,Geography,C,Political Science,B,0.89,19876,Matale,63,A,C,B,C,2,3,2,2,4,4,3,3,4,5,4,5,,,,No,
2022,Technology,Engineering Technology,B,Science for Technology,A,Bio Systems Technology,C,1.945,5678,Trincomalee,79,B,A,C,B,4,2,4,3,3,2,4,5,5,2,3,4,ENGINEERING TECHNOLOGY (ET),SABARAGAMUWA UNIVERSITY OF SRI LANKA,102L,No,Yes
2022,Biological Science,Chemistry,A,Biology,A,Physics,B,2.567,890,Kurunegala,89,A,A,B,A,4,5,1,3,2,1,5,2,4,3,4,2,MEDICINE,UNIVERSITY OF RUHUNA,001F,No,Yes
2022,Commerce,Business Studies,A,Accounting,B,Economics,A,2.123,4231,Puttalam,83,A,B,A,A,3,2,2,4,5,2,3,3,4,4,5,4,MANAGEMENT,EASTERN UNIVERSITY SRI LANKA,016H,No,Yes
2022,Arts,Communication & Media Studies,A,History of Modern World,B,Mass Media,C,1.456,13456,Mannar,70,A,B,C,C,2,3,3,2,4,5,3,2,4,5,4,5,ARTS (SP) - MASS MEDIA,SRIPALEE CAMPUS UNIVERSITY OF COLOMBO,020S,Yes,Yes
2022,Physical Science,Combined Mathematics,C,Physics,F,Chemistry,S,-0.234,45678,Moneragala,48,C,F,S,C,4,2,3,3,2,1,3,4,3,2,3,3,,,,No,
2022,Bio Systems Technology,Bio Resource Technology,A,Agro Technology,B,Bio Systems Technology,C,1.345,15678,Nuwara Eliya,69,A,B,C,B,3,3,2,3,4,3,5,5,3,4,4,4,EXPORT AGRICULTURE,UVA WELLASSA UNIVERSITY OF SRI LANKA,073U,No,Yes
2022,Technology,Information & Communication Technology (ICT),A,Engineering Technology,B,Science for Technology,A,2.012,4789,Kalutara,81,A,B,A,A,4,1,3,5,3,2,3,4,5,3,4,3,SOFTWARE ENGINEERING,UNIVERSITY OF KELANIYA,099D,No,Yes
2022,Arts,Carnatic Music,A,Drama & Theatre (Tamil),B,Dance,A,2.789,890,Jaffna,91,A,B,A,A,1,1,5,1,2,5,2,2,3,5,3,4,DANCE,SWAMY VIPULANANDA INSTITUTE OF AESTHETIC STUDIES EASTERN UNIVERSITY SRI LANKA,069Y,Yes,Yes
2022,Biological Science,Biology,B,Chemistry,C,Physics,S,0.678,24567,Ampara,61,B,C,S,C,3,5,1,2,2,1,4,2,3,3,3,3,,,,No,
2022,Physical Science,Physics,A,Chemistry,B,Combined Mathematics,A,2.567,1678,Gampaha,89,A,B,A,A,5,2,4,4,2,1,4,4,4,3,4,3,DESIGN,UNIVERSITY OF MORATUWA,024G,No,Yes
2022,Commerce,Economics,A,Business Statistics,B,Accounting,C,1.678,8901,Colombo,77,A,B,C,B,3,2,2,4,5,1,2,3,4,4,5,3,COMMERCE,UNIVERSITY OF SRI JAYEWARDENEPURA,018C,No,Yes
2022,Arts,Pali,A,Sanskrit,B,Arabic,C,1.123,17890,Vavuniya,66,A,B,C,B,2,2,1,1,3,4,2,1,4,5,3,4,,,,No,
2022,Technology,Mechanical Technology,A,Electrical Electronic & Information Technology,B,Civil Technology,B,1.945,5123,Ratnapura,80,A,B,B,B,4,2,5,3,3,2,4,5,5,3,4,4,LANDSCAPE ARCHITECTURE,UNIVERSITY OF MORATUWA,097G,No,Yes
2022,Biological Science,Chemistry,A,Biology,A,Agricultural Science,B,2.678,890,Kandy,92,A,A,B,A,4,5,1,3,3,2,5,3,4,4,4,3,FOOD SCIENCE & TECHNOLOGY,UNIVERSITY OF PERADENIYA,035B,No,Yes
2022,Physical Science,Combined Mathematics,B,Physics,C,Chemistry,B,1.234,14567,Badulla,68,B,C,B,B,5,2,3,3,2,1,3,4,3,2,3,4,APPLIED SCIENCES (PHYSICAL SC.),WAYAMBA UNIVERSITY OF SRI LANKA,015M,No,Yes
2022,Arts,History of Europe,A,Greek & Roman Civilization,B,Christian Civilization,C,1.567,12345,Galle,72,A,B,C,B,2,3,2,2,4,5,3,2,4,5,4,5,ARTS,EASTERN UNIVERSITY SRI LANKA,019H,No,Yes
2022,Commerce,Economics,S,Business Studies,F,Accounting,C,-0.678,50123,Polonnaruwa,37,S,F,C,C,2,2,1,3,5,2,2,2,3,4,5,4,,,,No,
2022,Bio Systems Technology,Agro Technology,B,Bio Resource Technology,C,Bio Systems Technology,A,1.89,7890,Hambantota,78,B,C,A,B,3,3,2,3,4,3,5,5,4,4,4,4,AQUATIC RESOURCES TECHNOLOGY,UVA WELLASSA UNIVERSITY OF SRI LANKA,088U,No,Yes
2022,Technology,Science for Technology,A,Information & Communication Technology (ICT),B,Engineering Technology,A,2.234,3456,Matara,86,A,B,A,A,4,1,3,5,3,2,3,4,5,3,4,3,COMPUTER SCIENCE & TECHNOLOGY,UVA WELLASSA UNIVERSITY OF SRI LANKA,065U,No,Yes
2022,Arts,Western Music,B,Visual Arts,A,Art & Design,C,2.456,2345,Colombo,87,B,A,C,B,1,1,5,2,2,5,1,2,3,5,2,4,VISUAL ARTS,UNIVERSITY OF THE VISUAL & PERFORMING ARTS,085Z,Yes,Yes
2022,Biological Science,Biology,C,Chemistry,B,Physics,A,1.456,13456,Gampaha,71,C,B,A,B,4,5,1,2,2,1,4,2,3,3,3,3,HEALTH PROMOTION,RAJARATA UNIVERSITY OF SRI LANKA,050K,No,Yes
2022,Physical Science,Physics,A,Combined Mathematics,B,Chemistry,A,2.789,678,Kurunegala,93,A,B,A,A,5,2,4,5,2,1,4,4,4,3,4,3,ENGINEERING (EM),UNIVERSITY OF MORATUWA,009G,No,Yes
2022,Commerce,Business Studies,A,Accounting,B,Economics,C,1.945,5678,Jaffna,80,A,B,C,B,3,2,2,4,5,2,3,3,4,4,5,4,MANAGEMENT,SOUTH EASTERN UNIVERSITY OF SRI LANKA,016J,No,Yes
2022,Arts,Logic & Scientific Method,B,Political Science,A,Geography,C,1.345,14567,Kegalle,70,B,A,C,C,2,3,2,2,4,4,3,3,4,5,4,5,TRANSLATION STUDIES,UNIVERSITY OF KELANIYA,098D,No,Yes
2022,Technology,Electrical Electronic & Information Technology,S,Mechanical Technology,C,Civil Technology,B,0.89,23456,Trincomalee,60,S,C,B,C,4,2,4,3,3,2,4,5,4,3,3,4,,,,No,
2022,Biological Science,Chemistry,B,Biology,A,Physics,C,1.789,8901,Anuradhapura,77,B,A,C,B,4,5,1,3,3,2,5,3,4,4,4,3,PHARMACY,UNIVERSITY OF PERADENIYA,051B,No,Yes
2022,Physical Science,Combined Mathematics,A,Physics,A,Chemistry,B,3.156,189,Colombo,98,A,A,B,A,5,1,4,5,1,1,3,4,4,2,3,2,QUANTITY SURVEYING,UNIVERSITY OF MORATUWA,011G,No,Yes
2022,Arts,Buddhism,F,History,S,Sinhala Language,C,-0.789,51234,Matale,35,F,S,C,C,1,2,1,1,3,5,2,1,4,5,3,4,,,,No,
2022,Commerce,Economics,A,Business Statistics,B,Accounting,A,2.123,4123,Kandy,84,A,B,A,A,3,2,2,4,5,1,2,3,4,4,5,3,MANAGEMENT AND PUBLIC POLICY,UNIVERSITY OF SRI JAYEWARDENEPURA,028C,No,Yes
2022,Bio Systems Technology,Bio Resource Technology,A,Agro Technology,B,Bio Systems Technology,A,2.567,1678,Ratnapura,90,A,B,A,A,3,3,2,3,4,3,5,5,4,4,4,4,"Hospitality, Tourism and Events Management",Uva Wellassa University,090U,No,Yes
2022,Technology,Information & Communication Technology (ICT),C,Engineering Technology,B,Science for Technology,A,1.567,12345,Galle,72,C,B,A,A,4,1,3,4,3,2,3,4,5,3,4,3,PROJECT MANAGEMENT,UNIVERSITY OF VAVUNIYA,101R,No,Yes
2022,Arts,Film & Television Studies,A,Drama & Theatre (English),B,Visual & Technological Arts,C,2.678,1234,Colombo,90,A,B,C,B,1,1,5,2,3,5,1,3,4,5,3,4,FILM & TELEVISION STUDIES,UNIVERSITY OF KELANIYA,100D,Yes,Yes
2022,Biological Science,Biology,A,Chemistry,C,Physics,B,1.945,6789,Badulla,78,A,C,B,B,4,5,1,3,2,1,5,2,4,3,4,3,NURSING,UNIVERSITY OF RUHUNA,037F,No,Yes
2022,Physical Science,Physics,C,Combined Mathematics,B,Chemistry,C,1.123,16789,Hambantota,69,C,B,C,C,5,2,3,3,2,1,3,4,3,2,3,4,FISHERIES & MARINE SCIENCES,UNIVERSITY OF RUHUNA,062F,No,Yes
2022,Commerce,Accounting,S,Economics,B,Business Studies,C,0.567,26789,Puttalam,56,S,B,C,C,3,2,2,3,5,2,2,3,4,4,5,4,,,,No,
,,,,,,,,,,,,,,,,,,,,,,,,,,,,,,,,
2022,Biological Science,Biology,A,Chemistry,A,Physics,B,2.945,567,Colombo,95,A,A,A,A,4,5,2,3,2,1,5,3,4,4,4,2,MEDICINE,UNIVERSITY OF SRI JAYEWARDENEPURA,001C,No,Yes
2022,Physical Science,Combined Mathematics,A,Physics,A,Chemistry,B,3.012,456,Gampaha,96,A,A,A,A,5,2,4,5,1,1,3,4,5,2,3,3,ENGINEERING,UNIVERSITY OF MORATUWA,008G,No,Yes
2022,Technology,Information & Communication Technology (ICT),B,Science for Technology,A,Engineering Technology,C,1.89,6789,Kalutara,78,B,A,A,C,4,1,3,5,4,2,3,4,5,3,4,4,BIOSYSTEMS TECHNOLOGY (BST),UNIVERSITY OF RUHUNA,103F,No,Yes
2022,Arts,Political Science,A,Geography,B,Economics,C,1.234,16789,Kurunegala,67,A,B,C,B,2,3,2,3,5,4,3,2,4,5,5,5,ARTS,UNIVERSITY OF KELANIYA,019D,No,Yes
2022,Commerce,Accounting,A,Business Studies,A,Economics,B,2.567,2345,Kandy,88,A,A,B,A,3,2,2,4,5,1,2,3,4,4,5,3,MANAGEMENT,UNIVERSITY OF COLOMBO,016A,No,Yes
2022,Biological Science,Chemistry,S,Biology,C,Physics,F,-0.456,47890,Anuradhapura,39,S,C,F,C,3,4,1,2,2,1,4,2,3,3,3,3,,,,No,
2022,Physical Science,Physics,C,Combined Mathematics,B,Chemistry,S,0.678,24567,Badulla,60,C,B,S,C,5,2,3,3,2,1,3,4,4,2,3,4,,,,No,
2022,Arts,Sinhala Language,A,Buddhism,B,History,A,1.945,5678,Jaffna,80,A,B,A,A,1,2,1,1,3,5,2,1,4,5,3,4,ARTS,UNIVERSITY OF JAFFNA,019E,No,Yes
2022,Technology,Mechanical Technology,A,Civil Technology,B,Electrical Electronic & Information Technology,A,2.012,4567,Ratnapura,82,A,B,A,A,4,2,5,3,3,2,5,5,5,3,4,4,FACILITIES MANAGEMENT,UNIVERSITY OF MORATUWA,056G,No,Yes
2022,Bio Systems Technology,Agro Technology,B,Bio Resource Technology,A,Bio Systems Technology,B,1.678,9876,Hambantota,75,B,A,B,B,3,3,2,3,4,3,5,5,4,4,4,4,BIOSYSTEMS TECHNOLOGY (BST),UNIVERSITY OF PERADENIYA,111B,No,Yes
2022,Physical Science,Combined Mathematics,B,Physics,A,Chemistry,C,1.789,7890,Galle,77,B,A,C,B,5,2,4,4,2,1,4,4,4,3,4,3,PHYSICAL SCIENCE,UNIVERSITY OF RUHUNA,013F,No,Yes
2022,Commerce,Economics,F,Business Statistics,S,Accounting,C,-0.678,50123,Polonnaruwa,37,F,S,C,C,2,2,1,3,5,2,2,2,3,4,5,4,,,,No,
2022,Arts,Oriental Music,A,Dancing (Indigenous),B,Drama & Theatre (Sinhala),A,2.678,1234,Colombo,90,A,B,A,A,1,1,5,1,2,5,1,2,3,5,2,4,DRAMA & THEATRE,UNIVERSITY OF THE VISUAL & PERFORMING ARTS,071Z,Yes,Yes
2022,Biological Science,Biology,A,Chemistry,B,Agricultural Science,A,2.234,3123,Kegalle,84,A,B,A,A,3,5,1,3,3,2,5,3,4,4,4,3,AGRICULTURE,RAJARATA UNIVERSITY OF SRI LANKA,004K,No,Yes
2022,Physical Science,Physics,A,Combined Mathematics,B,Chemistry,A,2.789,789,Batticaloa,93,A,B,A,A,5,1,4,5,1,1,3,4,5,2,3,2,COMPUTER SCIENCE,UNIVERSITY OF COLOMBO SCHOOL OF COMPUTING,012T,No,Yes
2022,Arts,Logic & Scientific Method,A,Geography,C,Political Science,B,0.89,19876,Matale,63,A,C,B,C,2,3,2,2,4,4,3,3,4,5,4,5,,,,No,
2022,Technology,Engineering Technology,B,Science for Technology,A,Bio Systems Technology,C,1.945,5678,Trincomalee,79,B,A,C,B,4,2,4,3,3,2,4,5,5,2,3,4,ENGINEERING TECHNOLOGY (ET),UNIVERSITY OF JAFFNA,102E,No,Yes
2022,Biological Science,Chemistry,A,Biology,A,Physics,B,2.567,890,Kurunegala,89,A,A,B,A,4,5,1,3,2,1,5,2,4,3,4,2,MEDICINE,UNIVERSITY OF RUHUNA,001F,No,Yes
2022,Commerce,Business Studies,A,Accounting,B,Economics,A,2.123,4231,Puttalam,83,A,B,A,A,3,2,2,4,5,2,3,3,4,4,5,4,MANAGEMENT,UNIVERSITY OF JAFFNA,016E,No,Yes
2022,Arts,Communication & Media Studies,A,Mass Media,B,History of Modern World,C,1.456,13456,Mannar,70,A,B,C,C,2,3,3,2,4,5,3,2,4,5,4,5,ARTS (SP) - MASS MEDIA,SRIPALEE CAMPUS UNIVERSITY OF COLOMBO,020S,Yes,Yes
2022,Physical Science,Combined Mathematics,C,Physics,F,Chemistry,S,-0.234,45678,Moneragala,48,C,F,S,C,4,2,3,3,2,1,3,4,3,2,3,3,,,,No,
2022,Bio Systems Technology,Bio Resource Technology,A,Agro Technology,B,Bio Systems Technology,C,1.345,15678,Nuwara Eliya,69,A,B,C,B,3,3,2,3,4,3,5,5,3,4,4,4,EXPORT AGRICULTURE,UVA WELLASSA UNIVERSITY OF SRI LANKA,073U,No,Yes
2022,Technology,Information & Communication Technology (ICT),A,Engineering Technology,B,Science for Technology,A,2.012,4789,Kalutara,81,A,B,A,A,4,1,3,5,3,2,3,4,5,3,4,3,SOFTWARE ENGINEERING,UNIVERSITY OF SRI JAYEWARDENEPURA,099C,No,Yes
2022,Arts,Carnatic Music,A,Drama & Theatre (Tamil),B,Dance,A,2.789,890,Jaffna,91,A,B,A,A,1,1,5,1,2,5,2,2,3,5,3,4,DANCE,UNIVERSITY OF JAFFNA,069E,Yes,Yes
2022,Biological Science,Biology,B,Chemistry,C,Physics,S,0.678,24567,Ampara,61,B,C,S,C,3,5,1,2,2,1,4,2,3,3,3,3,,,,No,
2022,Physical Science,Physics,A,Chemistry,B,Combined Mathematics,A,2.567,1678,Gampaha,89,A,B,A,A,5,2,4,4,2,1,4,4,4,3,4,3,DESIGN,UNIVERSITY OF MORATUWA,024G,No,Yes
2022,Commerce,Economics,A,Business Statistics,B,Accounting,C,1.678,8901,Colombo,77,A,B,C,B,3,2,2,4,5,1,2,3,4,4,5,3,COMMERCE,UNIVERSITY OF SRI JAYEWARDENEPURA,018C,No,Yes
2022,Arts,Pali,A,Sanskrit,B,Arabic,C,1.123,17890,Vavuniya,66,A,B,C,B,2,2,1,1,3,4,2,1,4,5,3,4,,,,No,
2022,Technology,Mechanical Technology,A,Electrical Electronic & Information Technology,B,Civil Technology,B,1.945,5123,Ratnapura,80,A,B,B,B,4,2,5,3,3,2,4,5,5,3,4,4,LANDSCAPE ARCHITECTURE,UNIVERSITY OF MORATUWA,097G,No,Yes
2022,Biological Science,Chemistry,A,Biology,A,Agricultural Science,B,2.678,890,Kandy,92,A,A,B,A,4,5,1,3,3,2,5,3,4,4,4,3,FOOD SCIENCE & TECHNOLOGY,UNIVERSITY OF PERADENIYA,035B,No,Yes
2022,Physical Science,Combined Mathematics,B,Physics,C,Chemistry,B,1.234,14567,Badulla,68,B,C,B,B,5,2,3,3,2,1,3,4,3,2,3,4,APPLIED SCIENCES (PHYSICAL SC.),WAYAMBA UNIVERSITY OF SRI LANKA,015M,No,Yes
2022,Arts,History of Europe,A,Greek & Roman Civilization,B,Christian Civilization,C,1.567,12345,Galle,72,A,B,C,B,2,3,2,2,4,5,3,2,4,5,4,5,ARTS,EASTERN UNIVERSITY SRI LANKA,019H,No,Yes
2022,Commerce,Economics,S,Business Studies,F,Accounting,C,-0.678,50123,Polonnaruwa,37,S,F,C,C,2,2,1,3,5,2,2,2,3,4,5,4,,,,No,
2022,Bio Systems Technology,Agro Technology,B,Bio Resource Technology,C,Bio Systems Technology,A,1.89,7890,Hambantota,78,B,C,A,B,3,3,2,3,4,3,5,5,4,4,4,4,AQUATIC RESOURCES TECHNOLOGY,UVA WELLASSA UNIVERSITY OF SRI LANKA,088U,No,Yes
2022,Technology,Science for Technology,A,Information & Communication Technology (ICT),B,Engineering Technology,A,2.234,3456,Matara,86,A,B,A,A,4,1,3,5,3,2,3,4,5,3,4,3,COMPUTER SCIENCE & TECHNOLOGY,UVA WELLASSA UNIVERSITY OF SRI LANKA,065U,No,Yes
2022,Arts,Western Music,B,Visual Arts,A,Art & Design,C,2.456,2345,Colombo,87,B,A,C,B,1,1,5,2,2,5,1,2,3,5,2,4,VISUAL ARTS,UNIVERSITY OF THE VISUAL & PERFORMING ARTS,085Z,Yes,Yes
2022,Biological Science,Biology,C,Chemistry,B,Physics,A,1.456,13456,Gampaha,71,C,B,A,B,4,5,1,2,2,1,4,2,3,3,3,3,HEALTH PROMOTION,RAJARATA UNIVERSITY OF SRI LANKA,050K,No,Yes
2022,Physical Science,Physics,A,Combined Mathematics,B,Chemistry,A,2.789,678,Kurunegala,93,A,B,A,A,5,2,4,5,2,1,4,4,4,3,4,3,ENGINEERING (EM),UNIVERSITY OF MORATUWA,009G,No,Yes
2022,Commerce,Business Studies,A,Accounting,B,Economics,C,1.945,5678,Jaffna,80,A,B,C,B,3,2,2,4,5,2,3,3,4,4,5,4,MANAGEMENT,SOUTH EASTERN UNIVERSITY OF SRI LANKA,016J,No,Yes
2022,Arts,Logic & Scientific Method,B,Political Science,A,Geography,C,1.345,14567,Kegalle,70,B,A,C,C,2,3,2,2,4,4,3,3,4,5,4,5,TRANSLATION STUDIES,UNIVERSITY OF KELANIYA,098D,No,Yes
2022,Technology,Electrical Electronic & Information Technology,S,Mechanical Technology,C,Civil Technology,B,0.89,23456,Trincomalee,60,S,C,B,C,4,2,4,3,3,2,4,5,4,3,3,4,,,,No,
2022,Biological Science,Chemistry,B,Biology,A,Physics,C,1.789,8901,Anuradhapura,77,B,A,C,B,4,5,1,3,3,2,5,3,4,4,4,3,PHARMACY,UNIVERSITY OF PERADENIYA,051B,No,Yes
2022,Physical Science,Combined Mathematics,A,Physics,A,Chemistry,B,3.156,189,Colombo,98,A,A,B,A,5,1,4,5,1,1,3,4,4,2,3,2,QUANTITY SURVEYING,UNIVERSITY OF MORATUWA,011G,No,Yes
2022,Arts,Buddhism,F,History,S,Sinhala Language,C,-0.789,51234,Matale,35,F,S,C,C,1,2,1,1,3,5,2,1,4,5,3,4,,,,No,
2022,Commerce,Economics,A,Business Statistics,B,Accounting,A,2.123,4123,Kandy,84,A,B,A,A,3,2,2,4,5,1,2,3,4,4,5,3,MANAGEMENT AND PUBLIC POLICY,UNIVERSITY OF SRI JAYEWARDENEPURA,028C,No,Yes
2022,Bio Systems Technology,Bio Resource Technology,A,Agro Technology,B,Bio Systems Technology,A,2.567,1678,Ratnapura,90,A,B,A,A,3,3,2,3,4,3,5,5,4,4,4,4,"Hospitality, Tourism and Events Management",Uva Wellassa University,090U,No,Yes
2022,Technology,Information & Communication Technology (ICT),C,Engineering Technology,B,Science for Technology,A,1.567,12345,Galle,72,C,B,A,A,4,1,3,4,3,2,3,4,5,3,4,3,PROJECT MANAGEMENT,UNIVERSITY OF VAVUNIYA,101R,No,Yes
2022,Arts,Film & Television Studies,A,Drama & Theatre (English),B,Visual & Technological Arts,C,2.678,1234,Colombo,90,A,B,C,B,1,1,5,2,3,5,1,3,4,5,3,4,FILM & TELEVISION STUDIES,UNIVERSITY OF KELANIYA,100D,Yes,Yes
2022,Biological Science,Biology,A,Chemistry,C,Physics,B,1.945,6789,Badulla,78,A,C,B,B,4,5,1,3,2,1,5,2,4,3,4,3,NURSING,UNIVERSITY OF RUHUNA,037F,No,Yes
2022,Physical Science,Physics,C,Combined Mathematics,B,Chemistry,C,1.123,16789,Hambantota,69,C,B,C,C,5,2,3,3,2,1,3,4,3,2,3,4,FISHERIES & MARINE SCIENCES,UNIVERSITY OF RUHUNA,062F,No,Yes
2022,Commerce,Accounting,S,Economics,B,Business Studies,C,0.567,26789,Puttalam,56,S,B,C,C,3,2,2,3,5,2,2,3,4,4,5,4,,,,No,
,,,,,,,,,,,,,,,,,,,,,,,,,,,,,,,,
2022,Biological Science,Biology,A,Chemistry,A,Physics,B,2.912,623,Colombo,94,A,A,A,A,4,5,2,3,2,1,5,3,4,4,4,2,MEDICINE,UNIVERSITY OF PERADENIYA,001B,No,Yes
2022,Physical Science,Combined Mathematics,A,Physics,A,Chemistry,B,3.078,378,Gampaha,97,A,A,A,A,5,2,4,5,1,1,3,4,5,2,3,3,ENGINEERING,UNIVERSITY OF MORATUWA,008G,No,Yes
2022,Technology,Information & Communication Technology (ICT),B,Science for Technology,A,Engineering Technology,B,1.823,7123,Kalutara,79,B,A,A,B,4,1,3,5,4,2,3,4,5,3,4,4,SOFTWARE ENGINEERING,UNIVERSITY OF KELANIYA,099D,No,Yes
2022,Arts,Economics,B,Political Science,A,Geography,C,1.312,15678,Kurunegala,70,B,A,C,B,2,3,2,3,5,4,3,2,4,5,5,5,ARTS,UNIVERSITY OF COLOMBO,019A,No,Yes
2022,Commerce,Business Studies,A,Accounting,A,Economics,B,2.478,2789,Kandy,89,A,A,B,A,3,2,2,4,5,1,2,3,4,4,5,3,MANAGEMENT,UNIVERSITY OF SRI JAYEWARDENEPURA,016C,No,Yes
2022,Biological Science,Chemistry,C,Biology,S,Physics,F,-0.567,48901,Anuradhapura,37,C,S,F,C,3,4,1,2,2,1,4,2,3,3,3,3,,,,No,
2022,Physical Science,Physics,B,Combined Mathematics,C,Chemistry,S,0.589,26789,Badulla,58,B,C,S,C,5,2,3,3,2,1,3,4,4,2,3,4,,,,No,
2022,Arts,Sinhala Language,A,History,B,Buddhism,A,1.856,6234,Jaffna,81,A,B,A,A,1,2,1,1,3,5,2,1,4,5,3,4,ARTS,UNIVERSITY OF JAFFNA,019E,No,Yes
2022,Technology,Mechanical Technology,A,Civil Technology,B,Electrical Electronic & Information Technology,A,2.145,3890,Ratnapura,83,A,B,A,A,4,2,5,3,3,2,5,5,5,3,4,4,FACILITIES MANAGEMENT,UNIVERSITY OF MORATUWA,056G,No,Yes
2022,Bio Systems Technology,Agro Technology,B,Bio Resource Technology,A,Bio Systems Technology,B,1.712,9234,Hambantota,76,B,A,B,B,3,3,2,3,4,3,5,5,4,4,4,4,BIOSYSTEMS TECHNOLOGY (BST),UNIVERSITY OF RUHUNA,103F,No,Yes
2022,Physical Science,Combined Mathematics,A,Physics,C,Chemistry,B,1.834,6789,Galle,78,A,C,B,B,5,2,4,4,2,1,4,4,4,3,4,3,PHYSICAL SCIENCE,UNIVERSITY OF KELANIYA,013D,No,Yes
2022,Commerce,Economics,S,Business Statistics,C,Accounting,F,-0.678,50123,Polonnaruwa,36,S,C,F,C,2,2,1,3,5,2,2,2,3,4,5,4,,,,No,
2022,Arts,Oriental Music,A,Dancing (Indigenous),B,Drama & Theatre (Sinhala),A,2.712,1123,Colombo,92,A,B,A,A,1,1,5,1,2,5,1,2,3,5,2,4,MUSIC,UNIVERSITY OF SRI JAYEWARDENEPURA,068C,Yes,Yes
2022,Biological Science,Biology,A,Chemistry,B,Agricultural Science,A,2.178,3789,Kegalle,85,A,B,A,A,3,5,1,3,3,2,5,3,4,4,4,3,AGRICULTURE,EASTERN UNIVERSITY SRI LANKA,004H,No,Yes
2022,Physical Science,Physics,A,Combined Mathematics,B,Chemistry,A,2.834,789,Batticaloa,94,A,B,A,A,5,1,4,5,1,1,3,4,5,2,3,2,COMPUTER SCIENCE,UNIVERSITY OF RUHUNA,012F,No,Yes
2022,Arts,Geography,A,Logic & Scientific Method,B,Political Science,C,0.912,18901,Matale,64,A,B,C,B,2,3,2,2,4,4,3,3,4,5,4,5,,,,No,
2022,Technology,Engineering Technology,B,Science for Technology,A,Bio Systems Technology,C,1.834,7123,Trincomalee,77,B,A,C,B,4,2,4,3,3,2,4,5,5,2,3,4,ENGINEERING TECHNOLOGY (ET),UVA WELLASSA UNIVERSITY OF SRI LANKA,102U,No,Yes
2022,Biological Science,Chemistry,A,Biology,A,Physics,B,2.612,834,Kurunegala,90,A,A,B,A,4,5,1,3,2,1,5,2,4,3,4,2,MEDICINE,UNIVERSITY OF COLOMBO,001A,No,Yes
2022,Commerce,Business Studies,B,Accounting,A,Economics,A,2.178,3890,Puttalam,84,B,A,A,A,3,2,2,4,5,2,3,3,4,4,5,4,MANAGEMENT,UNIVERSITY OF JAFFNA,016E,No,Yes
2022,Arts,Mass Media,A,Communication & Media Studies,B,History of Modern World,C,1.512,13456,Mannar,71,A,B,C,B,2,3,3,2,4,5,3,2,4,5,4,5,ARTS (SP) - MASS MEDIA,SRIPALEE CAMPUS UNIVERSITY OF COLOMBO,020S,Yes,Yes
2022,Physical Science,Combined Mathematics,F,Physics,S,Chemistry,C,-0.312,45678,Moneragala,47,F,S,C,C,4,2,3,3,2,1,3,4,3,2,3,3,,,,No,
2022,Bio Systems Technology,Bio Resource Technology,A,Agro Technology,B,Bio Systems Technology,C,1.412,15678,Nuwara Eliya,70,A,B,C,B,3,3,2,3,4,3,5,5,3,4,4,4,SCIENCE AND TECHNOLOGY,UVA WELLASSA UNIVERSITY OF SRI LANKA,064U,No,Yes
2022,Technology,Information & Communication Technology (ICT),A,Engineering Technology,B,Science for Technology,A,2.078,4231,Kalutara,82,A,B,A,A,4,1,3,5,3,2,3,4,5,3,4,3,MANAGEMENT AND INFORMATION TECHNOLOGY (MIT),UNIVERSITY OF KELANIYA,027D,No,Yes
2022,Arts,Drama & Theatre (Tamil),A,Carnatic Music,B,Dance,A,2.834,789,Jaffna,93,A,B,A,A,1,1,5,1,2,5,2,2,3,5,3,4,DANCE,SWAMY VIPULANANDA INSTITUTE OF AESTHETIC STUDIES EASTERN UNIVERSITY SRI LANKA,069Y,Yes,Yes
2022,Biological Science,Biology,C,Chemistry,B,Physics,B,0.712,23456,Ampara,61,C,B,B,C,3,5,1,2,2,1,4,2,3,3,3,3,,,,No,
2022,Physical Science,Physics,A,Chemistry,B,Combined Mathematics,A,2.512,1567,Gampaha,89,A,B,A,A,5,2,4,4,2,1,4,4,4,3,4,3,ARCHITECTURE,UNIVERSITY OF MORATUWA,023G,No,Yes
2022,Commerce,Economics,A,Business Statistics,B,Accounting,C,1.712,8345,Colombo,78,A,B,C,B,3,2,2,4,5,1,2,3,4,4,5,3,BUSINESS INFORMATION SYSTEMS (HONOURS) (BIS),UNIVERSITY OF SRI JAYEWARDENEPURA,077C,No,Yes
2022,Arts,Arabic,A,Islamic Civilization,B,Pali,C,1.178,16789,Vavuniya,67,A,B,C,B,2,2,1,1,3,4,2,1,4,5,3,4,ARABIC LANGUAGE,SOUTH EASTERN UNIVERSITY OF SRI LANKA,084J,No,Yes
2022,Technology,Electrical Electronic & Information Technology,B,Civil Technology,A,Mechanical Technology,B,1.912,6123,Ratnapura,80,B,A,B,B,4,2,5,3,3,2,4,5,5,3,4,4,FACILITIES MANAGEMENT,UNIVERSITY OF MORATUWA,056G,No,Yes
2022,Biological Science,Chemistry,B,Biology,A,Agricultural Science,A,2.834,789,Kandy,95,B,A,A,A,4,5,1,3,3,2,5,3,4,4,4,3,SIDDHA MEDICINE AND SURGERY,UNIVERSITY OF JAFFNA,036E,No,Yes
2022,Physical Science,Combined Mathematics,C,Physics,B,Chemistry,B,1.234,14567,Badulla,69,C,B,B,B,5,2,3,3,2,1,3,4,3,2,3,4,SURVEYING SCIENCE,SABARAGAMUWA UNIVERSITY OF SRI LANKA,014L,No,Yes
2022,Arts,Christian Civilization,A,Greek & Roman Civilization,B,History of Europe,C,1.612,12345,Galle,73,A,B,C,B,2,3,2,2,4,5,3,2,4,5,4,5,ARTS,EASTERN UNIVERSITY SRI LANKA,019H,No,Yes
2022,Commerce,Business Studies,F,Economics,S,Accounting,C,-0.567,48901,Polonnaruwa,38,F,S,C,C,2,2,1,3,5,2,2,2,3,4,5,4,,,,No,
2022,Bio Systems Technology,Agro Technology,A,Bio Resource Technology,B,Bio Systems Technology,C,1.912,7123,Hambantota,79,A,B,C,B,3,3,2,3,4,3,5,5,4,4,4,4,ENTREPRENEURSHIP AND MANAGEMENT,UVA WELLASSA UNIVERSITY OF SRI LANKA,066U,No,Yes
2022,Technology,Science for Technology,A,Information & Communication Technology (ICT),B,Engineering Technology,A,2.178,3890,Matara,85,A,B,A,A,4,1,3,5,3,2,3,4,5,3,4,3,COMPUTER SCIENCE & TECHNOLOGY,UVA WELLASSA UNIVERSITY OF SRI LANKA,065U,No,Yes
2022,Arts,Visual Arts,A,Western Music,B,Art & Design,C,2.512,1890,Colombo,88,A,B,C,B,1,1,5,2,2,5,1,2,3,5,2,4,ART & DESIGN,UNIVERSITY OF JAFFNA,070E,Yes,Yes
2022,Biological Science,Biology,B,Chemistry,C,Physics,A,1.512,13456,Gampaha,72,B,C,A,B,4,5,1,2,2,1,4,2,3,3,3,3,RADIOGRAPHY,UNIVERSITY OF PERADENIYA,053B,No,Yes
2022,Physical Science,Physics,B,Combined Mathematics,A,Chemistry,A,2.834,789,Kurunegala,94,B,A,A,A,5,2,4,5,2,1,4,4,4,3,4,3,QUANTITY SURVEYING,UNIVERSITY OF MORATUWA,011G,No,Yes
2022,Commerce,Accounting,A,Business Studies,B,Economics,C,1.912,6789,Jaffna,80,A,B,C,B,3,2,2,4,5,2,3,3,4,4,5,4,MANAGEMENT,SOUTH EASTERN UNIVERSITY OF SRI LANKA,016J,No,Yes
2022,Arts,Political Science,A,Geography,C,Logic & Scientific Method,B,1.312,14567,Kegalle,70,A,C,B,C,2,3,2,2,4,4,3,3,4,5,4,5,PEACE AND CONFLICT RESOLUTION,UNIVERSITY OF KELANIYA,031D,No,Yes
2022,Technology,Mechanical Technology,S,Civil Technology,B,Electrical Electronic & Information Technology,C,0.834,23456,Trincomalee,59,S,B,C,C,4,2,4,3,3,2,4,5,4,3,3,4,,,,No,
2022,Biological Science,Chemistry,A,Biology,B,Physics,C,1.834,7890,Anuradhapura,78,A,B,C,B,4,5,1,3,3,2,5,3,4,4,4,3,NURSING,UNIVERSITY OF JAFFNA,037E,No,Yes
2022,Physical Science,Combined Mathematics,A,Physics,A,Chemistry,B,3.178,167,Colombo,99,A,A,B,A,5,1,4,5,1,1,3,4,4,2,3,2,INFORMATION TECHNOLOGY (IT),UNIVERSITY OF MORATUWA,026G,No,Yes
2022,Arts,History,C,Sinhala Language,F,Buddhism,S,-0.678,50123,Matale,36,C,F,S,C,1,2,1,1,3,5,2,1,4,5,3,4,,,,No,
2022,Commerce,Economics,B,Accounting,A,Business Statistics,A,2.178,3789,Kandy,85,B,A,A,A,3,2,2,4,5,1,2,3,4,4,5,3,REAL ESTATE MANAGEMENT AND VALUATION,UNIVERSITY OF SRI JAYEWARDENEPURA,017C,No,Yes
2022,Bio Systems Technology,Bio Resource Technology,A,Agro Technology,B,Bio Systems Technology,A,2.612,1567,Ratnapura,91,A,B,A,A,3,3,2,3,4,3,5,5,4,4,4,4,"Hospitality, Tourism and Events Management",Uva Wellassa University,090U,No,Yes
2022,Technology,Information & Communication Technology (ICT),C,Engineering Technology,B,Science for Technology,A,1.512,13456,Galle,72,C,B,A,A,4,1,3,4,3,2,3,4,5,3,4,3,PROJECT MANAGEMENT,UNIVERSITY OF VAVUNIYA,101R,No,Yes
2022,Arts,Film & Television Studies,A,Drama & Theatre (English),B,Visual & Technological Arts,C,2.834,789,Colombo,93,A,B,C,B,1,1,5,2,3,5,1,3,4,5,3,4,FILM & TELEVISION STUDIES,UNIVERSITY OF KELANIYA,100D,Yes,Yes
2022,Biological Science,Biology,A,Chemistry,C,Physics,B,1.912,6789,Badulla,79,A,C,B,B,4,5,1,3,2,1,5,2,4,3,4,3,MEDICAL LABORATORY SCIENCES,UNIVERSITY OF PERADENIYA,052B,No,Yes
2022,Physical Science,Physics,C,Combined Mathematics,B,Chemistry,C,1.178,16789,Hambantota,70,C,B,C,C,5,2,3,3,2,1,3,4,3,2,3,4,FISHERIES & MARINE SCIENCES,UNIVERSITY OF RUHUNA,062F,No,Yes
2022,Commerce,Accounting,B,Economics,C,Business Studies,S,0.512,27890,Puttalam,57,B,C,S,C,3,2,2,3,5,2,2,3,4,4,5,4,,,,No,
,,,,,,,,,,,,,,,,,,,,,,,,,,,,,,,,
2022,Biological Science,Biology,A,Chemistry,A,Physics,B,2.945,567,Colombo,95,A,A,A,A,4,5,2,3,2,1,5,3,4,4,4,2,MEDICINE,UNIVERSITY OF COLOMBO,001A,No,Yes
2022,Physical Science,Combined Mathematics,A,Physics,A,Chemistry,B,3.012,456,Gampaha,96,A,A,A,A,5,2,4,5,1,1,3,4,5,2,3,3,ENGINEERING,UNIVERSITY OF MORATUWA,008G,No,Yes
2022,Technology,Information & Communication Technology (ICT),A,Science for Technology,B,Engineering Technology,C,1.89,6789,Kalutara,78,A,B,C,B,4,1,3,5,4,2,3,4,5,3,4,4,INFORMATION AND COMMUNICATION TECHNOLOGY (ICT),RAJARATA UNIVERSITY OF SRI LANKA,038K,No,Yes
2022,Arts,Political Science,B,Geography,A,Economics,C,1.234,16789,Kurunegala,67,B,A,B,B,2,3,2,3,5,4,3,2,4,5,5,5,ARTS,UNIVERSITY OF PERADENIYA,019B,No,Yes
2022,Commerce,Accounting,A,Business Studies,A,Economics,B,2.567,2345,Kandy,88,A,A,B,A,3,2,2,4,5,1,2,3,4,4,5,3,MANAGEMENT,UNIVERSITY OF SRI JAYEWARDENEPURA,016C,No,Yes
2022,Biological Science,Chemistry,S,Biology,C,Physics,F,-0.456,47890,Anuradhapura,39,S,C,F,C,3,4,1,2,2,1,4,2,3,3,3,3,,,,No,
2022,Physical Science,Physics,C,Combined Mathematics,B,Chemistry,S,0.678,24567,Badulla,60,C,B,S,C,5,2,3,3,2,1,3,4,4,2,3,4,,,,No,
2022,Arts,Sinhala Language,A,Buddhism,B,History,A,1.945,5678,Jaffna,80,A,B,A,A,1,2,1,1,3,5,2,1,4,5,3,4,ARTS,UNIVERSITY OF JAFFNA,019E,No,Yes
2022,Technology,Mechanical Technology,A,Civil Technology,B,Electrical Electronic & Information Technology,A,2.012,4567,Ratnapura,82,A,B,A,A,4,2,5,3,3,2,5,5,5,3,4,4,ENGINEERING TECHNOLOGY (ET),UNIVERSITY OF KELANIYA,102D,No,Yes
2022,Bio Systems Technology,Agro Technology,B,Bio Resource Technology,A,Bio Systems Technology,B,1.678,9876,Hambantota,75,B,A,B,B,3,3,2,3,4,3,5,5,4,4,4,4,BIOSYSTEMS TECHNOLOGY (BST),UNIVERSITY OF COLOMBO,103A,No,Yes
2022,Physical Science,Combined Mathematics,B,Physics,A,Chemistry,C,1.789,7890,Galle,77,B,A,C,B,5,2,4,4,2,1,4,4,4,3,4,3,PHYSICAL SCIENCE,UNIVERSITY OF RUHUNA,013F,No,Yes
2022,Commerce,Economics,F,Business Statistics,S,Accounting,C,-0.678,50123,Polonnaruwa,37,F,S,C,C,2,2,1,3,5,2,2,2,3,4,5,4,,,,No,
2022,Arts,Dancing (Indigenous),A,Oriental Music,B,Drama & Theatre (Sinhala),A,2.678,1234,Colombo,90,A,B,A,A,1,1,5,1,2,5,1,2,3,5,2,4,MUSIC,UNIVERSITY OF SRI JAYEWARDENEPURA,068C,Yes,Yes
2022,Biological Science,Biology,A,Chemistry,B,Agricultural Science,A,2.234,3123,Kegalle,84,A,B,A,A,3,5,1,3,3,2,5,3,4,4,4,3,AGRICULTURE,RAJARATA UNIVERSITY OF SRI LANKA,004K,No,Yes
2022,Physical Science,Physics,A,Combined Mathematics,B,Chemistry,A,2.789,789,Batticaloa,93,A,B,A,A,5,1,4,5,1,1,3,4,5,2,3,2,COMPUTER SCIENCE,UNIVERSITY OF JAFFNA,012E,No,Yes
2022,Arts,Logic & Scientific Method,A,Geography,C,Political Science,B,0.89,19876,Matale,63,A,C,B,C,2,3,2,2,4,4,3,3,4,5,4,5,,,,No,
2022,Technology,Engineering Technology,B,Science for Technology,A,Bio Systems Technology,C,1.945,5678,Trincomalee,79,B,A,C,B,4,2,4,3,3,2,4,5,5,2,3,4,ENGINEERING TECHNOLOGY (ET),SABARAGAMUWA UNIVERSITY OF SRI LANKA,102L,No,Yes
2022,Biological Science,Chemistry,A,Biology,A,Physics,B,2.567,890,Kurunegala,89,A,A,B,A,4,5,1,3,2,1,5,2,4,3,4,2,MEDICINE,UNIVERSITY OF RUHUNA,001F,No,Yes
2022,Commerce,Business Studies,A,Accounting,B,Economics,A,2.123,4231,Puttalam,83,A,B,A,A,3,2,2,4,5,2,3,3,4,4,5,4,MANAGEMENT,UNIVERSITY OF JAFFNA,016E,No,Yes
2022,Arts,Communication & Media Studies,A,History of Modern World,B,Mass Media,C,1.456,13456,Mannar,70,A,B,C,C,2,3,3,2,4,5,3,2,4,5,4,5,ARTS (SP) - MASS MEDIA,SRIPALEE CAMPUS UNIVERSITY OF COLOMBO,020S,Yes,Yes
2022,Physical Science,Combined Mathematics,C,Physics,F,Chemistry,S,-0.234,45678,Moneragala,48,C,F,S,C,4,2,3,3,2,1,3,4,3,2,3,3,,,,No,
2022,Bio Systems Technology,Bio Resource Technology,A,Agro Technology,B,Bio Systems Technology,C,1.345,15678,Nuwara Eliya,69,A,B,C,B,3,3,2,3,4,3,5,5,3,4,4,4,EXPORT AGRICULTURE,UVA WELLASSA UNIVERSITY OF SRI LANKA,073U,No,Yes
2022,Technology,Information & Communication Technology (ICT),A,Engineering Technology,B,Science for Technology,A,2.012,4789,Kalutara,81,A,B,A,A,4,1,3,5,3,2,3,4,5,3,4,3,SOFTWARE ENGINEERING,UNIVERSITY OF KELANIYA,099D,No,Yes
2022,Arts,Carnatic Music,A,Drama & Theatre (Tamil),B,Dance,A,2.789,890,Jaffna,91,A,B,A,A,1,1,5,1,2,5,2,2,3,5,3,4,DANCE,SWAMY VIPULANANDA INSTITUTE OF AESTHETIC STUDIES EASTERN UNIVERSITY SRI LANKA,069Y,Yes,Yes
2022,Biological Science,Biology,B,Chemistry,C,Physics,S,0.678,24567,Ampara,61,B,C,S,C,3,5,1,2,2,1,4,2,3,3,3,3,,,,No,
2022,Physical Science,Physics,A,Chemistry,B,Combined Mathematics,A,2.567,1678,Gampaha,89,A,B,A,A,5,2,4,4,2,1,4,4,4,3,4,3,DESIGN,UNIVERSITY OF MORATUWA,024G,No,Yes
2022,Commerce,Economics,A,Business Statistics,B,Accounting,C,1.678,8901,Colombo,77,A,B,C,B,3,2,2,4,5,1,2,3,4,4,5,3,COMMERCE,UNIVERSITY OF SRI JAYEWARDENEPURA,018C,No,Yes
2022,Arts,Pali,A,Sanskrit,B,Arabic,C,1.123,17890,Vavuniya,66,A,B,C,B,2,2,1,1,3,4,2,1,4,5,3,4,,,,No,
2022,Technology,Mechanical Technology,A,Electrical Electronic & Information Technology,B,Civil Technology,B,1.945,5123,Ratnapura,80,A,B,B,B,4,2,5,3,3,2,4,5,5,3,4,4,LANDSCAPE ARCHITECTURE,UNIVERSITY OF MORATUWA,097G,No,Yes
2022,Biological Science,Chemistry,A,Biology,A,Agricultural Science,B,2.678,890,Kandy,92,A,A,B,A,4,5,1,3,3,2,5,3,4,4,4,3,FOOD SCIENCE & TECHNOLOGY,UNIVERSITY OF PERADENIYA,035B,No,Yes
2022,Physical Science,Combined Mathematics,B,Physics,C,Chemistry,B,1.234,14567,Badulla,68,B,C,B,B,5,2,3,3,2,1,3,4,3,2,3,4,APPLIED SCIENCES (PHYSICAL SC.),WAYAMBA UNIVERSITY OF SRI LANKA,015M,No,Yes
2022,Arts,History of Europe,A,Greek & Roman Civilization,B,Christian Civilization,C,1.567,12345,Galle,72,A,B,C,B,2,3,2,2,4,5,3,2,4,5,4,5,ARTS,EASTERN UNIVERSITY SRI LANKA,019H,No,Yes
2022,Commerce,Economics,S,Business Studies,F,Accounting,C,-0.678,50123,Polonnaruwa,37,S,F,C,C,2,2,1,3,5,2,2,2,3,4,5,4,,,,No,
2022,Bio Systems Technology,Agro Technology,B,Bio Resource Technology,C,Bio Systems Technology,A,1.89,7890,Hambantota,78,B,C,A,B,3,3,2,3,4,3,5,5,4,4,4,4,AQUATIC RESOURCES TECHNOLOGY,UVA WELLASSA UNIVERSITY OF SRI LANKA,088U,No,Yes
2022,Technology,Science for Technology,A,Information & Communication Technology (ICT),B,Engineering Technology,A,2.234,3456,Matara,86,A,B,A,A,4,1,3,5,3,2,3,4,5,3,4,3,COMPUTER SCIENCE & TECHNOLOGY,UVA WELLASSA UNIVERSITY OF SRI LANKA,065U,No,Yes
2022,Arts,Western Music,B,Visual Arts,A,Art & Design,C,2.456,2345,Colombo,87,B,A,C,B,1,1,5,2,2,5,1,2,3,5,2,4,VISUAL ARTS,UNIVERSITY OF THE VISUAL & PERFORMING ARTS,085Z,Yes,Yes
2022,Biological Science,Biology,C,Chemistry,B,Physics,A,1.456,13456,Gampaha,71,C,B,A,B,4,5,1,2,2,1,4,2,3,3,3,3,HEALTH PROMOTION,RAJARATA UNIVERSITY OF SRI LANKA,050K,No,Yes
2022,Physical Science,Physics,A,Combined Mathematics,B,Chemistry,A,2.789,678,Kurunegala,93,A,B,A,A,5,2,4,5,2,1,4,4,4,3,4,3,ENGINEERING (EM),UNIVERSITY OF MORATUWA,009G,No,Yes
2022,Commerce,Business Studies,A,Accounting,B,Economics,C,1.945,5678,Jaffna,80,A,B,C,B,3,2,2,4,5,2,3,3,4,4,5,4,MANAGEMENT,SOUTH EASTERN UNIVERSITY OF SRI LANKA,016J,No,Yes
2022,Arts,Logic & Scientific Method,B,Political Science,A,Geography,C,1.345,14567,Kegalle,70,B,A,C,C,2,3,2,2,4,4,3,3,4,5,4,5,TRANSLATION STUDIES,UNIVERSITY OF KELANIYA,098D,No,Yes
2022,Technology,Electrical Electronic & Information Technology,S,Mechanical Technology,C,Civil Technology,B,0.89,23456,Trincomalee,60,S,C,B,C,4,2,4,3,3,2,4,5,4,3,3,4,,,,No,
2022,Biological Science,Chemistry,B,Biology,A,Physics,C,1.789,8901,Anuradhapura,77,B,A,C,B,4,5,1,3,3,2,5,3,4,4,4,3,PHARMACY,UNIVERSITY OF PERADENIYA,051B,No,Yes
2022,Physical Science,Combined Mathematics,A,Physics,A,Chemistry,B,3.156,189,Colombo,98,A,A,B,A,5,1,4,5,1,1,3,4,4,2,3,2,QUANTITY SURVEYING,UNIVERSITY OF MORATUWA,011G,No,Yes
2022,Arts,Buddhism,F,History,S,Sinhala Language,C,-0.789,51234,Matale,35,F,S,C,C,1,2,1,1,3,5,2,1,4,5,3,4,,,,No,
2022,Commerce,Economics,A,Business Statistics,B,Accounting,A,2.123,4123,Kandy,84,A,B,A,A,3,2,2,4,5,1,2,3,4,4,5,3,MANAGEMENT AND PUBLIC POLICY,UNIVERSITY OF SRI JAYEWARDENEPURA,028C,No,Yes
2022,Bio Systems Technology,Bio Resource Technology,A,Agro Technology,B,Bio Systems Technology,A,2.567,1678,Ratnapura,90,A,B,A,A,3,3,2,3,4,3,5,5,4,4,4,4,"Hospitality, Tourism and Events Management",Uva Wellassa University,090U,No,Yes
2022,Technology,Information & Communication Technology (ICT),C,Engineering Technology,B,Science for Technology,A,1.567,12345,Galle,72,C,B,A,A,4,1,3,4,3,2,3,4,5,3,4,3,PROJECT MANAGEMENT,UNIVERSITY OF VAVUNIYA,101R,No,Yes
2022,Arts,Film & Television Studies,A,Drama & Theatre (English),B,Visual & Technological Arts,C,2.678,1234,Colombo,90,A,B,C,B,1,1,5,2,3,5,1,3,4,5,3,4,FILM & TELEVISION STUDIES,UNIVERSITY OF KELANIYA,100D,Yes,Yes
2022,Biological Science,Biology,A,Chemistry,C,Physics,B,1.945,6789,Badulla,78,A,C,B,B,4,5,1,3,2,1,5,2,4,3,4,3,NURSING,UNIVERSITY OF RUHUNA,037F,No,Yes
2022,Physical Science,Physics,C,Combined Mathematics,B,Chemistry,C,1.123,16789,Hambantota,69,C,B,C,C,5,2,3,3,2,1,3,4,3,2,3,4,FISHERIES & MARINE SCIENCES,UNIVERSITY OF RUHUNA,062F,No,Yes
2022,Commerce,Accounting,S,Economics,B,Business Studies,C,0.567,26789,Puttalam,56,S,B,C,C,3,2,2,3,5,2,2,3,4,4,5,4,,,,No,
,,,,,,,,,,,,,,,,,,,,,,,,,,,,,,,,
2022,Biological Science,Biology,A,Chemistry,A,Physics,B,2.945,567,Colombo,95,A,A,A,A,4,5,2,3,2,1,5,3,4,4,4,2,MEDICINE,UNIVERSITY OF KELANIYA,001D,No,Yes
2022,Physical Science,Combined Mathematics,A,Physics,A,Chemistry,B,3.012,456,Gampaha,96,A,A,A,A,5,2,4,5,1,1,3,4,5,2,3,3,ENGINEERING,UNIVERSITY OF MORATUWA,008G,No,Yes
2022,Technology,Information & Communication Technology (ICT),A,Science for Technology,B,Engineering Technology,C,1.89,6789,Kalutara,78,A,B,C,B,4,1,3,5,4,2,3,4,5,3,4,4,BIOSYSTEMS TECHNOLOGY (BST),UNIVERSITY OF JAFFNA,103E,No,Yes
2022,Arts,Political Science,B,Geography,A,Economics,C,1.234,16789,Kurunegala,67,B,A,B,B,2,3,2,3,5,4,3,2,4,5,5,5,ARTS,UNIVERSITY OF RUHUNA,019F,No,Yes
2022,Commerce,Accounting,A,Business Studies,A,Economics,B,2.567,2345,Kandy,88,A,A,B,A,3,2,2,4,5,1,2,3,4,4,5,3,MANAGEMENT,UNIVERSITY OF COLOMBO,016A,No,Yes
2022,Biological Science,Chemistry,S,Biology,C,Physics,F,-0.456,47890,Anuradhapura,39,S,C,F,C,3,4,1,2,2,1,4,2,3,3,3,3,,,,No,
2022,Physical Science,Physics,C,Combined Mathematics,B,Chemistry,S,0.678,24567,Badulla,60,C,B,S,C,5,2,3,3,2,1,3,4,4,2,3,4,,,,No,
2022,Arts,Sinhala Language,A,Buddhism,B,History,A,1.945,5678,Jaffna,80,A,B,A,A,1,2,1,1,3,5,2,1,4,5,3,4,ARTS,UNIVERSITY OF JAFFNA,019E,No,Yes
2022,Technology,Mechanical Technology,A,Civil Technology,B,Electrical Electronic & Information Technology,A,2.012,4567,Ratnapura,82,A,B,A,A,4,2,5,3,3,2,5,5,5,3,4,4,FACILITIES MANAGEMENT,UNIVERSITY OF MORATUWA,056G,No,Yes
2022,Bio Systems Technology,Agro Technology,B,Bio Resource Technology,A,Bio Systems Technology,B,1.678,9876,Hambantota,75,B,A,B,B,3,3,2,3,4,3,5,5,4,4,4,4,BIOSYSTEMS TECHNOLOGY (BST),UNIVERSITY OF PERADENIYA,111B,No,Yes
2022,Physical Science,Combined Mathematics,B,Physics,A,Chemistry,C,1.789,7890,Galle,77,B,A,C,B,5,2,4,4,2,1,4,4,4,3,4,3,PHYSICAL SCIENCE,UNIVERSITY OF COLOMBO,013A,No,Yes
2022,Commerce,Economics,F,Business Statistics,S,Accounting,C,-0.678,50123,Polonnaruwa,37,F,S,C,C,2,2,1,3,5,2,2,2,3,4,5,4,,,,No,
2022,Arts,Dancing (Indigenous),A,Oriental Music,B,Drama & Theatre (Sinhala),A,2.678,1234,Colombo,90,A,B,A,A,1,1,5,1,2,5,1,2,3,5,2,4,MUSIC,UNIVERSITY OF SRI JAYEWARDENEPURA,068C,Yes,Yes
2022,Biological Science,Biology,A,Chemistry,B,Agricultural Science,A,2.234,3123,Kegalle,84,A,B,A,A,3,5,1,3,3,2,5,3,4,4,4,3,AGRICULTURE,RAJARATA UNIVERSITY OF SRI LANKA,004K,No,Yes
2022,Physical Science,Physics,A,Combined Mathematics,B,Chemistry,A,2.789,789,Batticaloa,93,A,B,A,A,5,1,4,5,1,1,3,4,5,2,3,2,COMPUTER SCIENCE,UNIVERSITY OF JAFFNA,012E,No,Yes
2022,Arts,Logic & Scientific Method,A,Geography,C,Political Science,B,0.89,19876,Matale,63,A,C,B,C,2,3,2,2,4,4,3,3,4,5,4,5,,,,No,
2022,Technology,Engineering Technology,B,Science for Technology,A,Bio Systems Technology,C,1.945,5678,Trincomalee,79,B,A,C,B,4,2,4,3,3,2,4,5,5,2,3,4,ENGINEERING TECHNOLOGY (ET),UNIVERSITY OF RUHUNA,102F,No,Yes
2022,Biological Science,Chemistry,A,Biology,A,Physics,B,2.567,890,Kurunegala,89,A,A,B,A,4,5,1,3,2,1,5,2,4,3,4,2,MEDICINE,UNIVERSITY OF RUHUNA,001F,No,Yes
2022,Commerce,Business Studies,A,Accounting,B,Economics,A,2.123,4231,Puttalam,83,A,B,A,A,3,2,2,4,5,2,3,3,4,4,5,4,MANAGEMENT,UNIVERSITY OF JAFFNA,016E,No,Yes
2022,Arts,Communication & Media Studies,A,History of Modern World,B,Mass Media,C,1.456,13456,Mannar,70,A,B,C,C,2,3,3,2,4,5,3,2,4,5,4,5,ARTS (SP) - MASS MEDIA,SRIPALEE CAMPUS UNIVERSITY OF COLOMBO,020S,Yes,Yes
2022,Physical Science,Combined Mathematics,C,Physics,F,Chemistry,S,-0.234,45678,Moneragala,48,C,F,S,C,4,2,3,3,2,1,3,4,3,2,3,3,,,,No,
2022,Bio Systems Technology,Bio Resource Technology,A,Agro Technology,B,Bio Systems Technology,C,1.345,15678,Nuwara Eliya,69,A,B,C,B,3,3,2,3,4,3,5,5,3,4,4,4,EXPORT AGRICULTURE,UVA WELLASSA UNIVERSITY OF SRI LANKA,073U,No,Yes
2022,Technology,Information & Communication Technology (ICT),A,Engineering Technology,B,Science for Technology,A,2.012,4789,Kalutara,81,A,B,A,A,4,1,3,5,3,2,3,4,5,3,4,3,SOFTWARE ENGINEERING,UNIVERSITY OF KELANIYA,099D,No,Yes
2022,Arts,Carnatic Music,A,Drama & Theatre (Tamil),B,Dance,A,2.789,890,Jaffna,91,A,B,A,A,1,1,5,1,2,5,2,2,3,5,3,4,DANCE,SWAMY VIPULANANDA INSTITUTE OF AESTHETIC STUDIES EASTERN UNIVERSITY SRI LANKA,069Y,Yes,Yes
2022,Biological Science,Biology,B,Chemistry,C,Physics,S,0.678,24567,Ampara,61,B,C,S,C,3,5,1,2,2,1,4,2,3,3,3,3,,,,No,
2022,Physical Science,Physics,A,Chemistry,B,Combined Mathematics,A,2.567,1678,Gampaha,89,A,B,A,A,5,2,4,4,2,1,4,4,4,3,4,3,DESIGN,UNIVERSITY OF MORATUWA,024G,No,Yes
2022,Commerce,Economics,A,Business Statistics,B,Accounting,C,1.678,8901,Colombo,77,A,B,C,B,3,2,2,4,5,1,2,3,4,4,5,3,COMMERCE,UNIVERSITY OF SRI JAYEWARDENEPURA,018C,No,Yes
2022,Arts,Pali,A,Sanskrit,B,Arabic,C,1.123,17890,Vavuniya,66,A,B,C,B,2,2,1,1,3,4,2,1,4,5,3,4,,,,No,
2022,Technology,Mechanical Technology,A,Electrical Electronic & Information Technology,B,Civil Technology,B,1.945,5123,Ratnapura,80,A,B,B,B,4,2,5,3,3,2,4,5,5,3,4,4,LANDSCAPE ARCHITECTURE,UNIVERSITY OF MORATUWA,097G,No,Yes
2022,Biological Science,Chemistry,A,Biology,A,Agricultural Science,B,2.678,890,Kandy,92,A,A,B,A,4,5,1,3,3,2,5,3,4,4,4,3,FOOD SCIENCE & TECHNOLOGY,UNIVERSITY OF PERADENIYA,035B,No,Yes
2022,Physical Science,Combined Mathematics,B,Physics,C,Chemistry,B,1.234,14567,Badulla,68,B,C,B,B,5,2,3,3,2,1,3,4,3,2,3,4,APPLIED SCIENCES (PHYSICAL SC.),WAYAMBA UNIVERSITY OF SRI LANKA,015M,No,Yes
2022,Arts,History of Europe,A,Greek & Roman Civilization,B,Christian Civilization,C,1.567,12345,Galle,72,A,B,C,B,2,3,2,2,4,5,3,2,4,5,4,5,ARTS,EASTERN UNIVERSITY SRI LANKA,019H,No,Yes
2022,Commerce,Economics,S,Business Studies,F,Accounting,C,-0.678,50123,Polonnaruwa,37,S,F,C,C,2,2,1,3,5,2,2,2,3,4,5,4,,,,No,
2022,Bio Systems Technology,Agro Technology,B,Bio Resource Technology,C,Bio Systems Technology,A,1.89,7890,Hambantota,78,B,C,A,B,3,3,2,3,4,3,5,5,4,4,4,4,AQUATIC RESOURCES TECHNOLOGY,UVA WELLASSA UNIVERSITY OF SRI LANKA,088U,No,Yes
2022,Technology,Science for Technology,A,Information & Communication Technology (ICT),B,Engineering Technology,A,2.234,3456,Matara,86,A,B,A,A,4,1,3,5,3,2,3,4,5,3,4,3,COMPUTER SCIENCE & TECHNOLOGY,UVA WELLASSA UNIVERSITY OF SRI LANKA,065U,No,Yes
2022,Arts,Western Music,B,Visual Arts,A,Art & Design,C,2.456,2345,Colombo,87,B,A,C,B,1,1,5,2,2,5,1,2,3,5,2,4,VISUAL ARTS,UNIVERSITY OF THE VISUAL & PERFORMING ARTS,085Z,Yes,Yes
2022,Biological Science,Biology,C,Chemistry,B,Physics,A,1.456,13456,Gampaha,71,C,B,A,B,4,5,1,2,2,1,4,2,3,3,3,3,HEALTH PROMOTION,RAJARATA UNIVERSITY OF SRI LANKA,050K,No,Yes
2022,Physical Science,Physics,A,Combined Mathematics,B,Chemistry,A,2.789,678,Kurunegala,93,A,B,A,A,5,2,4,5,2,1,4,4,4,3,4,3,ENGINEERING (EM),UNIVERSITY OF MORATUWA,009G,No,Yes
2022,Commerce,Business Studies,A,Accounting,B,Economics,C,1.945,5678,Jaffna,80,A,B,C,B,3,2,2,4,5,2,3,3,4,4,5,4,MANAGEMENT,SOUTH EASTERN UNIVERSITY OF SRI LANKA,016J,No,Yes
2022,Arts,Logic & Scientific Method,B,Political Science,A,Geography,C,1.345,14567,Kegalle,70,B,A,C,C,2,3,2,2,4,4,3,3,4,5,4,5,TRANSLATION STUDIES,UNIVERSITY OF KELANIYA,098D,No,Yes
2022,Technology,Electrical Electronic & Information Technology,S,Mechanical Technology,C,Civil Technology,B,0.89,23456,Trincomalee,60,S,C,B,C,4,2,4,3,3,2,4,5,4,3,3,4,,,,No,
2022,Biological Science,Chemistry,B,Biology,A,Physics,C,1.789,8901,Anuradhapura,77,B,A,C,B,4,5,1,3,3,2,5,3,4,4,4,3,PHARMACY,UNIVERSITY OF PERADENIYA,051B,No,Yes
2022,Physical Science,Combined Mathematics,A,Physics,A,Chemistry,B,3.156,189,Colombo,98,A,A,B,A,5,1,4,5,1,1,3,4,4,2,3,2,QUANTITY SURVEYING,UNIVERSITY OF MORATUWA,011G,No,Yes
2022,Arts,Buddhism,F,History,S,Sinhala Language,C,-0.789,51234,Matale,35,F,S,C,C,1,2,1,1,3,5,2,1,4,5,3,4,,,,No,
2022,Commerce,Economics,A,Business Statistics,B,Accounting,A,2.123,4123,Kandy,84,A,B,A,A,3,2,2,4,5,1,2,3,4,4,5,3,MANAGEMENT AND PUBLIC POLICY,UNIVERSITY OF SRI JAYEWARDENEPURA,028C,No,Yes
,,,,,,,,,,,,,,,,,,,,,,,,,,,,,,,,
2022,Biological Science,Biology,A,Chemistry,A,Physics,B,2.912,623,Colombo,94,A,A,A,A,4,5,2,3,2,1,5,3,4,4,4,2,MEDICINE,UNIVERSITY OF PERADENIYA,001B,No,Yes
2022,Physical Science,Combined Mathematics,A,Physics,A,Chemistry,B,3.078,378,Gampaha,97,A,A,A,A,5,2,4,5,1,1,3,4,5,2,3,3,ENGINEERING,UNIVERSITY OF MORATUWA,008G,No,Yes
2022,Technology,Information & Communication Technology (ICT),B,Science for Technology,A,Engineering Technology,B,1.823,7123,Kalutara,79,B,A,A,B,4,1,3,5,4,2,3,4,5,3,4,4,SOFTWARE ENGINEERING,UNIVERSITY OF SRI JAYEWARDENEPURA,099C,No,Yes
2022,Arts,Economics,B,Political Science,A,Geography,C,1.312,15678,Kurunegala,70,B,A,C,B,2,3,2,3,5,4,3,2,4,5,5,5,ARTS,UNIVERSITY OF KELANIYA,019D,No,Yes
2022,Commerce,Business Studies,A,Accounting,A,Economics,B,2.478,2789,Kandy,89,A,A,B,A,3,2,2,4,5,1,2,3,4,4,5,3,MANAGEMENT,UNIVERSITY OF COLOMBO,016A,No,Yes
2022,Biological Science,Chemistry,C,Biology,S,Physics,F,-0.567,48901,Anuradhapura,37,C,S,F,C,3,4,1,2,2,1,4,2,3,3,3,3,,,,No,
2022,Physical Science,Physics,B,Combined Mathematics,C,Chemistry,S,0.589,26789,Badulla,58,B,C,S,C,5,2,3,3,2,1,3,4,4,2,3,4,,,,No,
2022,Arts,Sinhala Language,A,History,B,Buddhism,A,1.856,6234,Jaffna,81,A,B,A,A,1,2,1,1,3,5,2,1,4,5,3,4,ARTS,UNIVERSITY OF JAFFNA,019E,No,Yes
2022,Technology,Mechanical Technology,A,Civil Technology,B,Electrical Electronic & Information Technology,A,2.145,3890,Ratnapura,83,A,B,A,A,4,2,5,3,3,2,5,5,5,3,4,4,FACILITIES MANAGEMENT,UNIVERSITY OF MORATUWA,056G,No,Yes
2022,Bio Systems Technology,Agro Technology,B,Bio Resource Technology,A,Bio Systems Technology,B,1.712,9234,Hambantota,76,B,A,B,B,3,3,2,3,4,3,5,5,4,4,4,4,BIOSYSTEMS TECHNOLOGY (BST),UNIVERSITY OF RUHUNA,103F,No,Yes
2022,Physical Science,Combined Mathematics,A,Physics,C,Chemistry,B,1.834,6789,Galle,78,A,C,B,B,5,2,4,4,2,1,4,4,4,3,4,3,PHYSICAL SCIENCE,UNIVERSITY OF RUHUNA,013F,No,Yes
2022,Commerce,Economics,S,Business Statistics,C,Accounting,F,-0.678,50123,Polonnaruwa,36,S,C,F,C,2,2,1,3,5,2,2,2,3,4,5,4,,,,No,
2022,Arts,Oriental Music,A,Dancing (Indigenous),B,Drama & Theatre (Sinhala),A,2.712,1123,Colombo,92,A,B,A,A,1,1,5,1,2,5,1,2,3,5,2,4,MUSIC,UNIVERSITY OF SRI JAYEWARDENEPURA,068C,Yes,Yes
2022,Biological Science,Biology,A,Chemistry,B,Agricultural Science,A,2.178,3789,Kegalle,85,A,B,A,A,3,5,1,3,3,2,5,3,4,4,4,3,AGRICULTURE,RAJARATA UNIVERSITY OF SRI LANKA,004K,No,Yes
2022,Physical Science,Physics,A,Combined Mathematics,B,Chemistry,A,2.834,789,Batticaloa,94,A,B,A,A,5,1,4,5,1,1,3,4,5,2,3,2,COMPUTER SCIENCE,UNIVERSITY OF COLOMBO SCHOOL OF COMPUTING,012T,No,Yes
2022,Arts,Geography,A,Logic & Scientific Method,B,Political Science,C,0.912,18901,Matale,64,A,B,C,B,2,3,2,2,4,4,3,3,4,5,4,5,,,,No,
2022,Technology,Engineering Technology,B,Science for Technology,A,Bio Systems Technology,C,1.834,7123,Trincomalee,77,B,A,C,B,4,2,4,3,3,2,4,5,5,2,3,4,ENGINEERING TECHNOLOGY (ET),UVA WELLASSA UNIVERSITY OF SRI LANKA,102U,No,Yes
2022,Biological Science,Chemistry,A,Biology,A,Physics,B,2.612,834,Kurunegala,90,A,A,B,A,4,5,1,3,2,1,5,2,4,3,4,2,MEDICINE,EASTERN UNIVERSITY SRI LANKA,001H,No,Yes
2022,Commerce,Business Studies,B,Accounting,A,Economics,A,2.178,3890,Puttalam,84,B,A,A,A,3,2,2,4,5,2,3,3,4,4,5,4,MANAGEMENT,WAYAMBA UNIVERSITY OF SRI LANKA,016M,No,Yes
2022,Arts,Mass Media,A,Communication & Media Studies,B,History of Modern World,C,1.512,13456,Mannar,71,A,B,C,B,2,3,3,2,4,5,3,2,4,5,4,5,COMMUNICATION STUDIES,TRINCOMALEE CAMPUS EASTERN UNIVERSITY SRI LANKA,029W,No,Yes
2022,Physical Science,Combined Mathematics,F,Physics,S,Chemistry,C,-0.312,45678,Moneragala,47,F,S,C,C,4,2,3,3,2,1,3,4,3,2,3,3,,,,No,
2022,Bio Systems Technology,Bio Resource Technology,A,Agro Technology,B,Bio Systems Technology,C,1.412,15678,Nuwara Eliya,70,A,B,C,B,3,3,2,3,4,3,5,5,3,4,4,4,SCIENCE AND TECHNOLOGY,UVA WELLASSA UNIVERSITY OF SRI LANKA,064U,No,Yes
2022,Technology,Information & Communication Technology (ICT),A,Engineering Technology,B,Science for Technology,A,2.078,4231,Kalutara,82,A,B,A,A,4,1,3,5,3,2,3,4,5,3,4,3,MANAGEMENT AND INFORMATION TECHNOLOGY (MIT),UNIVERSITY OF KELANIYA,027D,No,Yes
2022,Arts,Drama & Theatre (Tamil),A,Carnatic Music,B,Dance,A,2.834,789,Jaffna,93,A,B,A,A,1,1,5,1,2,5,2,2,3,5,3,4,DANCE,UNIVERSITY OF JAFFNA,069E,Yes,Yes
2022,Biological Science,Biology,C,Chemistry,B,Physics,B,0.712,23456,Ampara,61,C,B,B,C,3,5,1,2,2,1,4,2,3,3,3,3,,,,No,
2022,Physical Science,Physics,A,Chemistry,B,Combined Mathematics,A,2.512,1567,Gampaha,89,A,B,A,A,5,2,4,4,2,1,4,4,4,3,4,3,ARCHITECTURE,UNIVERSITY OF MORATUWA,023G,No,Yes
2022,Commerce,Economics,A,Business Statistics,B,Accounting,C,1.712,8345,Colombo,78,A,B,C,B,3,2,2,4,5,1,2,3,4,4,5,3,BUSINESS INFORMATION SYSTEMS (HONOURS) (BIS),UNIVERSITY OF SRI JAYEWARDENEPURA,077C,No,Yes
2022,Arts,Arabic,A,Islamic Civilization,B,Pali,C,1.178,16789,Vavuniya,67,A,B,C,B,2,2,1,1,3,4,2,1,4,5,3,4,ARABIC LANGUAGE,SOUTH EASTERN UNIVERSITY OF SRI LANKA,084J,No,Yes
2022,Technology,Electrical Electronic & Information Technology,B,Civil Technology,A,Mechanical Technology,B,1.912,6123,Ratnapura,80,B,A,B,B,4,2,5,3,3,2,4,5,5,3,4,4,FACILITIES MANAGEMENT,UNIVERSITY OF MORATUWA,056G,No,Yes
2022,Biological Science,Chemistry,B,Biology,A,Agricultural Science,A,2.834,789,Kandy,95,B,A,A,A,4,5,1,3,3,2,5,3,4,4,4,3,SIDDHA MEDICINE AND SURGERY,TRINCOMALEE CAMPUS EASTERN UNIVERSITY SRI LANKA,036W,No,Yes
2022,Physical Science,Combined Mathematics,C,Physics,B,Chemistry,B,1.234,14567,Badulla,69,C,B,B,B,5,2,3,3,2,1,3,4,3,2,3,4,SURVEYING SCIENCE,SABARAGAMUWA UNIVERSITY OF SRI LANKA,014L,No,Yes
2022,Arts,Christian Civilization,A,Greek & Roman Civilization,B,History of Europe,C,1.612,12345,Galle,73,A,B,C,B,2,3,2,2,4,5,3,2,4,5,4,5,ARTS,EASTERN UNIVERSITY SRI LANKA,019H,No,Yes
2022,Commerce,Business Studies,F,Economics,S,Accounting,C,-0.567,48901,Polonnaruwa,38,F,S,C,C,2,2,1,3,5,2,2,2,3,4,5,4,,,,No,
2022,Bio Systems Technology,Agro Technology,A,Bio Resource Technology,B,Bio Systems Technology,C,1.912,7123,Hambantota,79,A,B,C,B,3,3,2,3,4,3,5,5,4,4,4,4,ENTREPRENEURSHIP AND MANAGEMENT,UVA WELLASSA UNIVERSITY OF SRI LANKA,066U,No,Yes
2022,Technology,Science for Technology,A,Information & Communication Technology (ICT),B,Engineering Technology,A,2.178,3890,Matara,85,A,B,A,A,4,1,3,5,3,2,3,4,5,3,4,3,COMPUTER SCIENCE & TECHNOLOGY,UVA WELLASSA UNIVERSITY OF SRI LANKA,065U,No,Yes
2022,Arts,Visual Arts,A,Western Music,B,Art & Design,C,2.512,1890,Colombo,88,A,B,C,B,1,1,5,2,2,5,1,2,3,5,2,4,ART & DESIGN,UNIVERSITY OF JAFFNA,070E,Yes,Yes
2022,Biological Science,Biology,B,Chemistry,C,Physics,A,1.512,13456,Gampaha,72,B,C,A,B,4,5,1,2,2,1,4,2,3,3,3,3,RADIOGRAPHY,UNIVERSITY OF PERADENIYA,053B,No,Yes
2022,Physical Science,Physics,B,Combined Mathematics,A,Chemistry,A,2.834,789,Kurunegala,94,B,A,A,A,5,2,4,5,2,1,4,4,4,3,4,3,QUANTITY SURVEYING,UNIVERSITY OF MORATUWA,011G,No,Yes
2022,Commerce,Accounting,A,Business Studies,B,Economics,C,1.912,6789,Jaffna,80,A,B,C,B,3,2,2,4,5,2,3,3,4,4,5,4,MANAGEMENT,RAJARATA UNIVERSITY OF SRI LANKA,016K,No,Yes
2022,Arts,Political Science,A,Geography,C,Logic & Scientific Method,B,1.312,14567,Kegalle,70,A,C,B,C,2,3,2,2,4,4,3,3,4,5,4,5,PEACE AND CONFLICT RESOLUTION,UNIVERSITY OF KELANIYA,031D,No,Yes
2022,Technology,Mechanical Technology,S,Civil Technology,B,Electrical Electronic & Information Technology,C,0.834,23456,Trincomalee,59,S,B,C,C,4,2,4,3,3,2,4,5,4,3,3,4,,,,No,
2022,Biological Science,Chemistry,A,Biology,B,Physics,C,1.834,7890,Anuradhapura,78,A,B,C,B,4,5,1,3,3,2,5,3,4,4,4,3,NURSING,UNIVERSITY OF JAFFNA,037E,No,Yes
2022,Physical Science,Combined Mathematics,A,Physics,A,Chemistry,B,3.178,167,Colombo,99,A,A,B,A,5,1,4,5,1,1,3,4,4,2,3,2,INFORMATION TECHNOLOGY (IT),UNIVERSITY OF MORATUWA,026G,No,Yes
2022,Arts,History,C,Sinhala Language,F,Buddhism,S,-0.678,50123,Matale,36,C,F,S,C,1,2,1,1,3,5,2,1,4,5,3,4,,,,No,
2022,Commerce,Economics,B,Accounting,A,Business Statistics,A,2.178,3789,Kandy,85,B,A,A,A,3,2,2,4,5,1,2,3,4,4,5,3,REAL ESTATE MANAGEMENT AND VALUATION,UNIVERSITY OF SRI JAYEWARDENEPURA,017C,No,Yes
2022,Bio Systems Technology,Bio Resource Technology,A,Agro Technology,B,Bio Systems Technology,A,2.612,1567,Ratnapura,91,A,B,A,A,3,3,2,3,4,3,5,5,4,4,4,4,"Hospitality, Tourism and Events Management",Uva Wellassa University,090U,No,Yes
2022,Technology,Information & Communication Technology (ICT),C,Engineering Technology,B,Science for Technology,A,1.512,13456,Galle,72,C,B,A,A,4,1,3,4,3,2,3,4,5,3,4,3,PROJECT MANAGEMENT,UNIVERSITY OF VAVUNIYA,101R,No,Yes
2022,Arts,Film & Television Studies,A,Drama & Theatre (English),B,Visual & Technological Arts,C,2.834,789,Colombo,93,A,B,C,B,1,1,5,2,3,5,1,3,4,5,3,4,FILM & TELEVISION STUDIES,UNIVERSITY OF KELANIYA,100D,Yes,Yes
2022,Biological Science,Biology,A,Chemistry,C,Physics,B,1.912,6789,Badulla,79,A,C,B,B,4,5,1,3,2,1,5,2,4,3,4,3,MEDICAL LABORATORY SCIENCES,UNIVERSITY OF PERADENIYA,052B,No,Yes
2022,Physical Science,Physics,C,Combined Mathematics,B,Chemistry,C,1.178,16789,Hambantota,70,C,B,C,C,5,2,3,3,2,1,3,4,3,2,3,4,FISHERIES & MARINE SCIENCES,UNIVERSITY OF RUHUNA,062F,No,Yes
2022,Commerce,Accounting,B,Economics,C,Business Studies,S,0.512,27890,Puttalam,57,B,C,S,C,3,2,2,3,5,2,2,3,4,4,5,4,,,,No,
,,,,,,,,,,,,,,,,,,,,,,,,,,,,,,,,
2022,Biological Science,Biology,A,Chemistry,A,Physics,B,2.945,567,Colombo,95,A,A,A,A,4,5,2,3,2,1,5,3,4,4,4,2,MEDICINE,UNIVERSITY OF COLOMBO,001A,No,Yes
2022,Physical Science,Combined Mathematics,A,Physics,A,Chemistry,B,3.012,456,Gampaha,96,A,A,A,A,5,2,4,5,1,1,3,4,5,2,3,3,ENGINEERING,UNIVERSITY OF MORATUWA,008G,No,Yes
2022,Technology,Information & Communication Technology (ICT),B,Science for Technology,A,Engineering Technology,C,1.89,6789,Kalutara,78,B,A,A,C,4,1,3,5,4,2,3,4,5,3,4,4,INFORMATION AND COMMUNICATION TECHNOLOGY (ICT),UNIVERSITY OF VAVUNIYA,038R,No,Yes
2022,Arts,Political Science,A,Geography,B,Economics,C,1.234,16789,Kurunegala,67,A,B,C,B,2,3,2,3,5,4,3,2,4,5,5,5,ARTS,UNIVERSITY OF PERADENIYA,019B,No,Yes
2022,Commerce,Accounting,A,Business Studies,A,Economics,B,2.567,2345,Kandy,88,A,A,B,A,3,2,2,4,5,1,2,3,4,4,5,3,MANAGEMENT,UNIVERSITY OF SRI JAYEWARDENEPURA,016C,No,Yes
2022,Biological Science,Chemistry,S,Biology,C,Physics,F,-0.456,47890,Anuradhapura,39,S,C,F,C,3,4,1,2,2,1,4,2,3,3,3,3,,,,No,
2022,Physical Science,Physics,C,Combined Mathematics,B,Chemistry,S,0.678,24567,Badulla,60,C,B,S,C,5,2,3,3,2,1,3,4,4,2,3,4,,,,No,
2022,Arts,Sinhala Language,A,Buddhism,B,History,A,1.945,5678,Jaffna,80,A,B,A,A,1,2,1,1,3,5,2,1,4,5,3,4,ARTS,UNIVERSITY OF JAFFNA,019E,No,Yes
2022,Technology,Mechanical Technology,A,Civil Technology,B,Electrical Electronic & Information Technology,A,2.012,4567,Ratnapura,82,A,B,A,A,4,2,5,3,3,2,5,5,5,3,4,4,FACILITIES MANAGEMENT,UNIVERSITY OF MORATUWA,056G,No,Yes
2022,Bio Systems Technology,Agro Technology,B,Bio Resource Technology,A,Bio Systems Technology,B,1.678,9876,Hambantota,75,B,A,B,B,3,3,2,3,4,3,5,5,4,4,4,4,BIOSYSTEMS TECHNOLOGY (BST),UNIVERSITY OF COLOMBO,103A,No,Yes
2022,Physical Science,Combined Mathematics,B,Physics,A,Chemistry,C,1.789,7890,Galle,77,B,A,C,B,5,2,4,4,2,1,4,4,4,3,4,3,PHYSICAL SCIENCE,UNIVERSITY OF RUHUNA,013F,No,Yes
2022,Commerce,Economics,F,Business Statistics,S,Accounting,C,-0.678,50123,Polonnaruwa,37,F,S,C,C,2,2,1,3,5,2,2,2,3,4,5,4,,,,No,
2022,Arts,Dancing (Indigenous),A,Oriental Music,B,Drama & Theatre (Sinhala),A,2.678,1234,Colombo,90,A,B,A,A,1,1,5,1,2,5,1,2,3,5,2,4,MUSIC,UNIVERSITY OF SRI JAYEWARDENEPURA,068C,Yes,Yes
2022,Biological Science,Biology,A,Chemistry,B,Agricultural Science,A,2.234,3123,Kegalle,84,A,B,A,A,3,5,1,3,3,2,5,3,4,4,4,3,AGRICULTURE,RAJARATA UNIVERSITY OF SRI LANKA,004K,No,Yes
2022,Physical Science,Physics,A,Combined Mathematics,B,Chemistry,A,2.789,789,Batticaloa,93,A,B,A,A,5,1,4,5,1,1,3,4,5,2,3,2,COMPUTER SCIENCE,UNIVERSITY OF JAFFNA,012E,No,Yes
2022,Arts,Logic & Scientific Method,A,Geography,C,Political Science,B,0.89,19876,Matale,63,A,C,B,C,2,3,2,2,4,4,3,3,4,5,4,5,,,,No,
2022,Technology,Engineering Technology,B,Science for Technology,A,Bio Systems Technology,C,1.945,5678,Trincomalee,79,B,A,C,B,4,2,4,3,3,2,4,5,5,2,3,4,ENGINEERING TECHNOLOGY (ET),UNIVERSITY OF RUHUNA,102F,No,Yes
2022,Biological Science,Chemistry,A,Biology,A,Physics,B,2.567,890,Kurunegala,89,A,A,B,A,4,5,1,3,2,1,5,2,4,3,4,2,MEDICINE,UNIVERSITY OF RUHUNA,001F,No,Yes
2022,Commerce,Business Studies,A,Accounting,B,Economics,A,2.123,4231,Puttalam,83,A,B,A,A,3,2,2,4,5,2,3,3,4,4,5,4,MANAGEMENT,UNIVERSITY OF JAFFNA,016E,No,Yes
2022,Arts,Communication & Media Studies,A,History of Modern World,B,Mass Media,C,1.456,13456,Mannar,70,A,B,C,C,2,3,3,2,4,5,3,2,4,5,4,5,ARTS (SP) - MASS MEDIA,SRIPALEE CAMPUS UNIVERSITY OF COLOMBO,020S,Yes,Yes
2022,Physical Science,Combined Mathematics,C,Physics,F,Chemistry,S,-0.234,45678,Moneragala,48,C,F,S,C,4,2,3,3,2,1,3,4,3,2,3,3,,,,No,
2022,Bio Systems Technology,Bio Resource Technology,A,Agro Technology,B,Bio Systems Technology,C,1.345,15678,Nuwara Eliya,69,A,B,C,B,3,3,2,3,4,3,5,5,3,4,4,4,EXPORT AGRICULTURE,UVA WELLASSA UNIVERSITY OF SRI LANKA,073U,No,Yes
2022,Technology,Information & Communication Technology (ICT),A,Engineering Technology,B,Science for Technology,A,2.012,4789,Kalutara,81,A,B,A,A,4,1,3,5,3,2,3,4,5,3,4,3,SOFTWARE ENGINEERING,UNIVERSITY OF KELANIYA,099D,No,Yes
2022,Arts,Carnatic Music,A,Drama & Theatre (Tamil),B,Dance,A,2.789,890,Jaffna,91,A,B,A,A,1,1,5,1,2,5,2,2,3,5,3,4,DANCE,SWAMY VIPULANANDA INSTITUTE OF AESTHETIC STUDIES EASTERN UNIVERSITY SRI LANKA,069Y,Yes,Yes
2022,Biological Science,Biology,B,Chemistry,C,Physics,S,0.678,24567,Ampara,61,B,C,S,C,3,5,1,2,2,1,4,2,3,3,3,3,,,,No,
2022,Physical Science,Physics,A,Chemistry,B,Combined Mathematics,A,2.567,1678,Gampaha,89,A,B,A,A,5,2,4,4,2,1,4,4,4,3,4,3,DESIGN,UNIVERSITY OF MORATUWA,024G,No,Yes
2022,Commerce,Economics,A,Business Statistics,B,Accounting,C,1.678,8901,Colombo,77,A,B,C,B,3,2,2,4,5,1,2,3,4,4,5,3,COMMERCE,UNIVERSITY OF SRI JAYEWARDENEPURA,018C,No,Yes
2022,Arts,Pali,A,Sanskrit,B,Arabic,C,1.123,17890,Vavuniya,66,A,B,C,B,2,2,1,1,3,4,2,1,4,5,3,4,,,,No,
2022,Technology,Mechanical Technology,A,Electrical Electronic & Information Technology,B,Civil Technology,B,1.945,5123,Ratnapura,80,A,B,B,B,4,2,5,3,3,2,4,5,5,3,4,4,LANDSCAPE ARCHITECTURE,UNIVERSITY OF MORATUWA,097G,No,Yes
2022,Biological Science,Chemistry,A,Biology,A,Agricultural Science,B,2.678,890,Kandy,92,A,A,B,A,4,5,1,3,3,2,5,3,4,4,4,3,FOOD SCIENCE & TECHNOLOGY,UNIVERSITY OF PERADENIYA,035B,No,Yes
2022,Physical Science,Combined Mathematics,B,Physics,C,Chemistry,B,1.234,14567,Badulla,68,B,C,B,B,5,2,3,3,2,1,3,4,3,2,3,4,APPLIED SCIENCES (PHYSICAL SC.),WAYAMBA UNIVERSITY OF SRI LANKA,015M,No,Yes
2022,Arts,History of Europe,A,Greek & Roman Civilization,B,Christian Civilization,C,1.567,12345,Galle,72,A,B,C,B,2,3,2,2,4,5,3,2,4,5,4,5,ARTS,EASTERN UNIVERSITY SRI LANKA,019H,No,Yes
2022,Commerce,Economics,S,Business Studies,F,Accounting,C,-0.678,50123,Polonnaruwa,37,S,F,C,C,2,2,1,3,5,2,2,2,3,4,5,4,,,,No,
2022,Bio Systems Technology,Agro Technology,B,Bio Resource Technology,C,Bio Systems Technology,A,1.89,7890,Hambantota,78,B,C,A,B,3,3,2,3,4,3,5,5,4,4,4,4,AQUATIC RESOURCES TECHNOLOGY,UVA WELLASSA UNIVERSITY OF SRI LANKA,088U,No,Yes
2022,Technology,Science for Technology,A,Information & Communication Technology (ICT),B,Engineering Technology,A,2.234,3456,Matara,86,A,B,A,A,4,1,3,5,3,2,3,4,5,3,4,3,COMPUTER SCIENCE & TECHNOLOGY,UVA WELLASSA UNIVERSITY OF SRI LANKA,065U,No,Yes
2022,Arts,Western Music,B,Visual Arts,A,Art & Design,C,2.456,2345,Colombo,87,B,A,C,B,1,1,5,2,2,5,1,2,3,5,2,4,VISUAL ARTS,UNIVERSITY OF THE VISUAL & PERFORMING ARTS,085Z,Yes,Yes
2022,Biological Science,Biology,C,Chemistry,B,Physics,A,1.456,13456,Gampaha,71,C,B,A,B,4,5,1,2,2,1,4,2,3,3,3,3,HEALTH PROMOTION,RAJARATA UNIVERSITY OF SRI LANKA,050K,No,Yes
2022,Physical Science,Physics,A,Combined Mathematics,B,Chemistry,A,2.789,678,Kurunegala,93,A,B,A,A,5,2,4,5,2,1,4,4,4,3,4,3,ENGINEERING (EM),UNIVERSITY OF MORATUWA,009G,No,Yes
2022,Commerce,Business Studies,A,Accounting,B,Economics,C,1.945,5678,Jaffna,80,A,B,C,B,3,2,2,4,5,2,3,3,4,4,5,4,MANAGEMENT,SOUTH EASTERN UNIVERSITY OF SRI LANKA,016J,No,Yes
2022,Arts,Logic & Scientific Method,B,Political Science,A,Geography,C,1.345,14567,Kegalle,70,B,A,C,C,2,3,2,2,4,4,3,3,4,5,4,5,TRANSLATION STUDIES,UNIVERSITY OF KELANIYA,098D,No,Yes
2022,Technology,Electrical Electronic & Information Technology,S,Mechanical Technology,C,Civil Technology,B,0.89,23456,Trincomalee,60,S,C,B,C,4,2,4,3,3,2,4,5,4,3,3,4,,,,No,
2022,Biological Science,Chemistry,B,Biology,A,Physics,C,1.789,8901,Anuradhapura,77,B,A,C,B,4,5,1,3,3,2,5,3,4,4,4,3,PHARMACY,UNIVERSITY OF PERADENIYA,051B,No,Yes
2022,Physical Science,Combined Mathematics,A,Physics,A,Chemistry,B,3.156,189,Colombo,98,A,A,B,A,5,1,4,5,1,1,3,4,4,2,3,2,QUANTITY SURVEYING,UNIVERSITY OF MORATUWA,011G,No,Yes
2022,Arts,Buddhism,F,History,S,Sinhala Language,C,-0.789,51234,Matale,35,F,S,C,C,1,2,1,1,3,5,2,1,4,5,3,4,,,,No,
2022,Commerce,Economics,A,Business Statistics,B,Accounting,A,2.123,4123,Kandy,84,A,B,A,A,3,2,2,4,5,1,2,3,4,4,5,3,MANAGEMENT AND PUBLIC POLICY,UNIVERSITY OF SRI JAYEWARDENEPURA,028C,No,Yes
2022,Bio Systems Technology,Bio Resource Technology,A,Agro Technology,B,Bio Systems Technology,A,2.567,1678,Ratnapura,90,A,B,A,A,3,3,2,3,4,3,5,5,4,4,4,4,"Hospitality, Tourism and Events Management",Uva Wellassa University,090U,No,Yes
2022,Technology,Information & Communication Technology (ICT),C,Engineering Technology,B,Science for Technology,A,1.567,12345,Galle,72,C,B,A,A,4,1,3,4,3,2,3,4,5,3,4,3,PROJECT MANAGEMENT,UNIVERSITY OF VAVUNIYA,101R,No,Yes
2022,Arts,Film & Television Studies,A,Drama & Theatre (English),B,Visual & Technological Arts,C,2.678,1234,Colombo,90,A,B,C,B,1,1,5,2,3,5,1,3,4,5,3,4,FILM & TELEVISION STUDIES,UNIVERSITY OF KELANIYA,100D,Yes,Yes
2022,Biological Science,Biology,A,Chemistry,C,Physics,B,1.945,6789,Badulla,78,A,C,B,B,4,5,1,3,2,1,5,2,4,3,4,3,NURSING,UNIVERSITY OF RUHUNA,037F,No,Yes
2022,Physical Science,Physics,C,Combined Mathematics,B,Chemistry,C,1.123,16789,Hambantota,69,C,B,C,C,5,2,3,3,2,1,3,4,3,2,3,4,FISHERIES & MARINE SCIENCES,UNIVERSITY OF RUHUNA,062F,No,Yes
2022,Commerce,Accounting,S,Economics,B,Business Studies,C,0.567,26789,Puttalam,56,S,B,C,C,3,2,2,3,5,2,2,3,4,4,5,4,,,,No,
,,,,,,,,,,,,,,,,,,,,,,,,,,,,,,,,
2022,Biological Science,Biology,A,Chemistry,A,Physics,B,2.945,567,Colombo,95,A,A,A,A,4,5,2,3,2,1,5,3,4,4,4,2,MEDICINE,UNIVERSITY OF KELANIYA,001D,No,Yes
2022,Physical Science,Combined Mathematics,A,Physics,A,Chemistry,B,3.012,456,Gampaha,96,A,A,A,A,5,2,4,5,1,1,3,4,5,2,3,3,ENGINEERING,UNIVERSITY OF MORATUWA,008G,No,Yes
2022,Technology,Information & Communication Technology (ICT),A,Science for Technology,B,Engineering Technology,C,1.89,6789,Kalutara,78,A,B,C,B,4,1,3,5,4,2,3,4,5,3,4,4,INFORMATION AND COMMUNICATION TECHNOLOGY (ICT),RAJARATA UNIVERSITY OF SRI LANKA,038K,No,Yes
2022,Arts,Political Science,B,Geography,A,Economics,C,1.234,16789,Kurunegala,67,B,A,B,B,2,3,2,3,5,4,3,2,4,5,5,5,ARTS,UNIVERSITY OF PERADENIYA,019B,No,Yes
2022,Commerce,Accounting,A,Business Studies,A,Economics,B,2.567,2345,Kandy,88,A,A,B,A,3,2,2,4,5,1,2,3,4,4,5,3,MANAGEMENT,UNIVERSITY OF SRI JAYEWARDENEPURA,016C,No,Yes
2022,Biological Science,Chemistry,S,Biology,C,Physics,F,-0.456,47890,Anuradhapura,39,S,C,F,C,3,4,1,2,2,1,4,2,3,3,3,3,,,,No,
2022,Physical Science,Physics,C,Combined Mathematics,B,Chemistry,S,0.678,24567,Badulla,60,C,B,S,C,5,2,3,3,2,1,3,4,4,2,3,4,,,,No,
2022,Arts,Sinhala Language,A,Buddhism,B,History,A,1.945,5678,Jaffna,80,A,B,A,A,1,2,1,1,3,5,2,1,4,5,3,4,ARTS,UNIVERSITY OF JAFFNA,019E,No,Yes
2022,Technology,Mechanical Technology,A,Civil Technology,B,Electrical Electronic & Information Technology,A,2.012,4567,Ratnapura,82,A,B,A,A,4,2,5,3,3,2,5,5,5,3,4,4,ENGINEERING TECHNOLOGY (ET),UNIVERSITY OF KELANIYA,102D,No,Yes
2022,Bio Systems Technology,Agro Technology,B,Bio Resource Technology,A,Bio Systems Technology,B,1.678,9876,Hambantota,75,B,A,B,B,3,3,2,3,4,3,5,5,4,4,4,4,BIOSYSTEMS TECHNOLOGY (BST),UNIVERSITY OF COLOMBO,103A,No,Yes
2022,Physical Science,Combined Mathematics,B,Physics,A,Chemistry,C,1.789,7890,Galle,77,B,A,C,B,5,2,4,4,2,1,4,4,4,3,4,3,PHYSICAL SCIENCE,UNIVERSITY OF RUHUNA,013F,No,Yes
2022,Commerce,Economics,F,Business Statistics,S,Accounting,C,-0.678,50123,Polonnaruwa,37,F,S,C,C,2,2,1,3,5,2,2,2,3,4,5,4,,,,No,
2022,Arts,Dancing (Indigenous),A,Oriental Music,B,Drama & Theatre (Sinhala),A,2.678,1234,Colombo,90,A,B,A,A,1,1,5,1,2,5,1,2,3,5,2,4,MUSIC,UNIVERSITY OF SRI JAYEWARDENEPURA,068C,Yes,Yes
2022,Biological Science,Biology,A,Chemistry,B,Agricultural Science,A,2.234,3123,Kegalle,84,A,B,A,A,3,5,1,3,3,2,5,3,4,4,4,3,AGRICULTURE,RAJARATA UNIVERSITY OF SRI LANKA,004K,No,Yes
2022,Physical Science,Physics,A,Combined Mathematics,B,Chemistry,A,2.789,789,Batticaloa,93,A,B,A,A,5,1,4,5,1,1,3,4,5,2,3,2,COMPUTER SCIENCE,UNIVERSITY OF JAFFNA,012E,No,Yes
2022,Arts,Logic & Scientific Method,A,Geography,C,Political Science,B,0.89,19876,Matale,63,A,C,B,C,2,3,2,2,4,4,3,3,4,5,4,5,,,,No,
2022,Technology,Engineering Technology,B,Science for Technology,A,Bio Systems Technology,C,1.945,5678,Trincomalee,79,B,A,C,B,4,2,4,3,3,2,4,5,5,2,3,4,ENGINEERING TECHNOLOGY (ET),SABARAGAMUWA UNIVERSITY OF SRI LANKA,102L,No,Yes
2022,Biological Science,Chemistry,A,Biology,A,Physics,B,2.567,890,Kurunegala,89,A,A,B,A,4,5,1,3,2,1,5,2,4,3,4,2,MEDICINE,UNIVERSITY OF RUHUNA,001F,No,Yes
2022,Commerce,Business Studies,A,Accounting,B,Economics,A,2.123,4231,Puttalam,83,A,B,A,A,3,2,2,4,5,2,3,3,4,4,5,4,MANAGEMENT,UNIVERSITY OF JAFFNA,016E,No,Yes
2022,Arts,Communication & Media Studies,A,History of Modern World,B,Mass Media,C,1.456,13456,Mannar,70,A,B,C,C,2,3,3,2,4,5,3,2,4,5,4,5,ARTS (SP) - MASS MEDIA,SRIPALEE CAMPUS UNIVERSITY OF COLOMBO,020S,Yes,Yes
2022,Physical Science,Combined Mathematics,C,Physics,F,Chemistry,S,-0.234,45678,Moneragala,48,C,F,S,C,4,2,3,3,2,1,3,4,3,2,3,3,,,,No,
2022,Bio Systems Technology,Bio Resource Technology,A,Agro Technology,B,Bio Systems Technology,C,1.345,15678,Nuwara Eliya,69,A,B,C,B,3,3,2,3,4,3,5,5,3,4,4,4,EXPORT AGRICULTURE,UVA WELLASSA UNIVERSITY OF SRI LANKA,073U,No,Yes
2022,Technology,Information & Communication Technology (ICT),A,Engineering Technology,B,Science for Technology,A,2.012,4789,Kalutara,81,A,B,A,A,4,1,3,5,3,2,3,4,5,3,4,3,SOFTWARE ENGINEERING,UNIVERSITY OF KELANIYA,099D,No,Yes
2022,Arts,Carnatic Music,A,Drama & Theatre (Tamil),B,Dance,A,2.789,890,Jaffna,91,A,B,A,A,1,1,5,1,2,5,2,2,3,5,3,4,DANCE,SWAMY VIPULANANDA INSTITUTE OF AESTHETIC STUDIES EASTERN UNIVERSITY SRI LANKA,069Y,Yes,Yes
2022,Biological Science,Biology,B,Chemistry,C,Physics,S,0.678,24567,Ampara,61,B,C,S,C,3,5,1,2,2,1,4,2,3,3,3,3,,,,No,
2022,Physical Science,Physics,A,Chemistry,B,Combined Mathematics,A,2.567,1678,Gampaha,89,A,B,A,A,5,2,4,4,2,1,4,4,4,3,4,3,DESIGN,UNIVERSITY OF MORATUWA,024G,No,Yes
2022,Commerce,Economics,A,Business Statistics,B,Accounting,C,1.678,8901,Colombo,77,A,B,C,B,3,2,2,4,5,1,2,3,4,4,5,3,COMMERCE,UNIVERSITY OF SRI JAYEWARDENEPURA,018C,No,Yes
2022,Arts,Pali,A,Sanskrit,B,Arabic,C,1.123,17890,Vavuniya,66,A,B,C,B,2,2,1,1,3,4,2,1,4,5,3,4,,,,No,
2022,Technology,Mechanical Technology,A,Electrical Electronic & Information Technology,B,Civil Technology,B,1.945,5123,Ratnapura,80,A,B,B,B,4,2,5,3,3,2,4,5,5,3,4,4,LANDSCAPE ARCHITECTURE,UNIVERSITY OF MORATUWA,097G,No,Yes
2022,Biological Science,Chemistry,A,Biology,A,Agricultural Science,B,2.678,890,Kandy,92,A,A,B,A,4,5,1,3,3,2,5,3,4,4,4,3,FOOD SCIENCE & TECHNOLOGY,UNIVERSITY OF PERADENIYA,035B,No,Yes
2022,Physical Science,Combined Mathematics,B,Physics,C,Chemistry,B,1.234,14567,Badulla,68,B,C,B,B,5,2,3,3,2,1,3,4,3,2,3,4,APPLIED SCIENCES (PHYSICAL SC.),WAYAMBA UNIVERSITY OF SRI LANKA,015M,No,Yes
2022,Arts,History of Europe,A,Greek & Roman Civilization,B,Christian Civilization,C,1.567,12345,Galle,72,A,B,C,B,2,3,2,2,4,5,3,2,4,5,4,5,ARTS,EASTERN UNIVERSITY SRI LANKA,019H,No,Yes
2022,Commerce,Economics,S,Business Studies,F,Accounting,C,-0.678,50123,Polonnaruwa,37,S,F,C,C,2,2,1,3,5,2,2,2,3,4,5,4,,,,No,
2022,Bio Systems Technology,Agro Technology,B,Bio Resource Technology,C,Bio Systems Technology,A,1.89,7890,Hambantota,78,B,C,A,B,3,3,2,3,4,3,5,5,4,4,4,4,AQUATIC RESOURCES TECHNOLOGY,UVA WELLASSA UNIVERSITY OF SRI LANKA,088U,No,Yes
2022,Technology,Science for Technology,A,Information & Communication Technology (ICT),B,Engineering Technology,A,2.234,3456,Matara,86,A,B,A,A,4,1,3,5,3,2,3,4,5,3,4,3,COMPUTER SCIENCE & TECHNOLOGY,UVA WELLASSA UNIVERSITY OF SRI LANKA,065U,No,Yes
2022,Arts,Western Music,B,Visual Arts,A,Art & Design,C,2.456,2345,Colombo,87,B,A,C,B,1,1,5,2,2,5,1,2,3,5,2,4,VISUAL ARTS,UNIVERSITY OF THE VISUAL & PERFORMING ARTS,085Z,Yes,Yes
2022,Biological Science,Biology,C,Chemistry,B,Physics,A,1.456,13456,Gampaha,71,C,B,A,B,4,5,1,2,2,1,4,2,3,3,3,3,HEALTH PROMOTION,RAJARATA UNIVERSITY OF SRI LANKA,050K,No,Yes
2022,Physical Science,Physics,A,Combined Mathematics,B,Chemistry,A,2.789,678,Kurunegala,93,A,B,A,A,5,2,4,5,2,1,4,4,4,3,4,3,ENGINEERING (EM),UNIVERSITY OF MORATUWA,009G,No,Yes
2022,Commerce,Business Studies,A,Accounting,B,Economics,C,1.945,5678,Jaffna,80,A,B,C,B,3,2,2,4,5,2,3,3,4,4,5,4,MANAGEMENT,SOUTH EASTERN UNIVERSITY OF SRI LANKA,016J,No,Yes
2022,Arts,Logic & Scientific Method,B,Political Science,A,Geography,C,1.345,14567,Kegalle,70,B,A,C,C,2,3,2,2,4,4,3,3,4,5,4,5,TRANSLATION STUDIES,UNIVERSITY OF KELANIYA,098D,No,Yes
2022,Technology,Electrical Electronic & Information Technology,S,Mechanical Technology,C,Civil Technology,B,0.89,23456,Trincomalee,60,S,C,B,C,4,2,4,3,3,2,4,5,4,3,3,4,,,,No,
2022,Biological Science,Chemistry,B,Biology,A,Physics,C,1.789,8901,Anuradhapura,77,B,A,C,B,4,5,1,3,3,2,5,3,4,4,4,3,PHARMACY,UNIVERSITY OF PERADENIYA,051B,No,Yes
2022,Physical Science,Combined Mathematics,A,Physics,A,Chemistry,B,3.156,189,Colombo,98,A,A,B,A,5,1,4,5,1,1,3,4,4,2,3,2,QUANTITY SURVEYING,UNIVERSITY OF MORATUWA,011G,No,Yes
2022,Arts,Buddhism,F,History,S,Sinhala Language,C,-0.789,51234,Matale,35,F,S,C,C,1,2,1,1,3,5,2,1,4,5,3,4,,,,No,
2022,Commerce,Economics,A,Business Statistics,B,Accounting,A,2.123,4123,Kandy,84,A,B,A,A,3,2,2,4,5,1,2,3,4,4,5,3,MANAGEMENT AND PUBLIC POLICY,UNIVERSITY OF SRI JAYEWARDENEPURA,028C,No,Yes
2022,Bio Systems Technology,Bio Resource Technology,A,Agro Technology,B,Bio Systems Technology,A,2.567,1678,Ratnapura,90,A,B,A,A,3,3,2,3,4,3,5,5,4,4,4,4,"Hospitality, Tourism and Events Management",Uva Wellassa University,090U,No,Yes
2022,Technology,Information & Communication Technology (ICT),C,Engineering Technology,B,Science for Technology,A,1.567,12345,Galle,72,C,B,A,A,4,1,3,4,3,2,3,4,5,3,4,3,PROJECT MANAGEMENT,UNIVERSITY OF VAVUNIYA,101R,No,Yes
2022,Arts,Film & Television Studies,A,Drama & Theatre (English),B,Visual & Technological Arts,C,2.678,1234,Colombo,90,A,B,C,B,1,1,5,2,3,5,1,3,4,5,3,4,FILM & TELEVISION STUDIES,UNIVERSITY OF KELANIYA,100D,Yes,Yes
2022,Biological Science,Biology,A,Chemistry,C,Physics,B,1.945,6789,Badulla,78,A,C,B,B,4,5,1,3,2,1,5,2,4,3,4,3,NURSING,UNIVERSITY OF RUHUNA,037F,No,Yes
2022,Physical Science,Physics,C,Combined Mathematics,B,Chemistry,C,1.123,16789,Hambantota,69,C,B,C,C,5,2,3,3,2,1,3,4,3,2,3,4,FISHERIES & MARINE SCIENCES,UNIVERSITY OF RUHUNA,062F,No,Yes
2022,Commerce,Accounting,S,Economics,B,Business Studies,C,0.567,26789,Puttalam,56,S,B,C,C,3,2,2,3,5,2,2,3,4,4,5,4,,,,No,
,,,,,,,,,,,,,,,,,,,,,,,,,,,,,,,,
2022,Biological Science,Biology,A,Chemistry,A,Physics,B,2.945,567,Colombo,95,A,A,A,A,4,5,2,3,2,1,5,3,4,4,4,2,MEDICINE,UNIVERSITY OF COLOMBO,001A,No,Yes
2022,Physical Science,Combined Mathematics,A,Physics,A,Chemistry,B,3.012,456,Gampaha,96,A,A,A,A,5,2,4,5,1,1,3,4,5,2,3,3,ENGINEERING,UNIVERSITY OF MORATUWA,008G,No,Yes
2022,Technology,Information & Communication Technology (ICT),A,Science for Technology,B,Engineering Technology,C,1.89,6789,Kalutara,78,A,B,C,B,4,1,3,5,4,2,3,4,5,3,4,4,INFORMATION AND COMMUNICATION TECHNOLOGY (ICT),RAJARATA UNIVERSITY OF SRI LANKA,038K,No,Yes
2022,Arts,Political Science,B,Geography,A,Economics,C,1.234,16789,Kurunegala,67,B,A,B,B,2,3,2,3,5,4,3,2,4,5,5,5,ARTS,UNIVERSITY OF PERADENIYA,019B,No,Yes
2022,Commerce,Accounting,A,Business Studies,A,Economics,B,2.567,2345,Kandy,88,A,A,B,A,3,2,2,4,5,1,2,3,4,4,5,3,MANAGEMENT,UNIVERSITY OF SRI JAYEWARDENEPURA,016C,No,Yes
2022,Biological Science,Chemistry,S,Biology,C,Physics,F,-0.456,47890,Anuradhapura,39,S,C,F,C,3,4,1,2,2,1,4,2,3,3,3,3,,,,No,
2022,Physical Science,Physics,C,Combined Mathematics,B,Chemistry,S,0.678,24567,Badulla,60,C,B,S,C,5,2,3,3,2,1,3,4,4,2,3,4,,,,No,
2022,Arts,Sinhala Language,A,Buddhism,B,History,A,1.945,5678,Jaffna,80,A,B,A,A,1,2,1,1,3,5,2,1,4,5,3,4,ARTS,UNIVERSITY OF JAFFNA,019E,No,Yes
2022,Technology,Mechanical Technology,A,Civil Technology,B,Electrical Electronic & Information Technology,A,2.012,4567,Ratnapura,82,A,B,A,A,4,2,5,3,3,2,5,5,5,3,4,4,ENGINEERING TECHNOLOGY (ET),UNIVERSITY OF KELANIYA,102D,No,Yes
2022,Bio Systems Technology,Agro Technology,B,Bio Resource Technology,A,Bio Systems Technology,B,1.678,9876,Hambantota,75,B,A,B,B,3,3,2,3,4,3,5,5,4,4,4,4,BIOSYSTEMS TECHNOLOGY (BST),UNIVERSITY OF COLOMBO,103A,No,Yes
2022,Physical Science,Combined Mathematics,B,Physics,A,Chemistry,C,1.789,7890,Galle,77,B,A,C,B,5,2,4,4,2,1,4,4,4,3,4,3,PHYSICAL SCIENCE,UNIVERSITY OF RUHUNA,013F,No,Yes
2022,Commerce,Economics,F,Business Statistics,S,Accounting,C,-0.678,50123,Polonnaruwa,37,F,S,C,C,2,2,1,3,5,2,2,2,3,4,5,4,,,,No,
2022,Arts,Dancing (Indigenous),A,Oriental Music,B,Drama & Theatre (Sinhala),A,2.678,1234,Colombo,90,A,B,A,A,1,1,5,1,2,5,1,2,3,5,2,4,MUSIC,UNIVERSITY OF SRI JAYEWARDENEPURA,068C,Yes,Yes
2022,Biological Science,Biology,A,Chemistry,B,Agricultural Science,A,2.234,3123,Kegalle,84,A,B,A,A,3,5,1,3,3,2,5,3,4,4,4,3,AGRICULTURE,RAJARATA UNIVERSITY OF SRI LANKA,004K,No,Yes
2022,Physical Science,Physics,A,Combined Mathematics,B,Chemistry,A,2.789,789,Batticaloa,93,A,B,A,A,5,1,4,5,1,1,3,4,5,2,3,2,COMPUTER SCIENCE,UNIVERSITY OF JAFFNA,012E,No,Yes
2022,Arts,Logic & Scientific Method,A,Geography,C,Political Science,B,0.89,19876,Matale,63,A,C,B,C,2,3,2,2,4,4,3,3,4,5,4,5,,,,No,
2022,Technology,Engineering Technology,B,Science for Technology,A,Bio Systems Technology,C,1.945,5678,Trincomalee,79,B,A,C,B,4,2,4,3,3,2,4,5,5,2,3,4,ENGINEERING TECHNOLOGY (ET),SABARAGAMUWA UNIVERSITY OF SRI LANKA,102L,No,Yes
2022,Biological Science,Chemistry,A,Biology,A,Physics,B,2.567,890,Kurunegala,89,A,A,B,A,4,5,1,3,2,1,5,2,4,3,4,2,MEDICINE,UNIVERSITY OF RUHUNA,001F,No,Yes
2022,Commerce,Business Studies,A,Accounting,B,Economics,A,2.123,4231,Puttalam,83,A,B,A,A,3,2,2,4,5,2,3,3,4,4,5,4,MANAGEMENT,UNIVERSITY OF JAFFNA,016E,No,Yes
2022,Arts,Communication & Media Studies,A,History of Modern World,B,Mass Media,C,1.456,13456,Mannar,70,A,B,C,C,2,3,3,2,4,5,3,2,4,5,4,5,ARTS (SP) - MASS MEDIA,SRIPALEE CAMPUS UNIVERSITY OF COLOMBO,020S,Yes,Yes
2022,Physical Science,Combined Mathematics,C,Physics,F,Chemistry,S,-0.234,45678,Moneragala,48,C,F,S,C,4,2,3,3,2,1,3,4,3,2,3,3,,,,No,
2022,Bio Systems Technology,Bio Resource Technology,A,Agro Technology,B,Bio Systems Technology,C,1.345,15678,Nuwara Eliya,69,A,B,C,B,3,3,2,3,4,3,5,5,3,4,4,4,EXPORT AGRICULTURE,UVA WELLASSA UNIVERSITY OF SRI LANKA,073U,No,Yes
2022,Technology,Information & Communication Technology (ICT),A,Engineering Technology,B,Science for Technology,A,2.012,4789,Kalutara,81,A,B,A,A,4,1,3,5,3,2,3,4,5,3,4,3,SOFTWARE ENGINEERING,UNIVERSITY OF KELANIYA,099D,No,Yes
2022,Arts,Carnatic Music,A,Drama & Theatre (Tamil),B,Dance,A,2.789,890,Jaffna,91,A,B,A,A,1,1,5,1,2,5,2,2,3,5,3,4,DANCE,SWAMY VIPULANANDA INSTITUTE OF AESTHETIC STUDIES EASTERN UNIVERSITY SRI LANKA,069Y,Yes,Yes
2022,Biological Science,Biology,B,Chemistry,C,Physics,S,0.678,24567,Ampara,61,B,C,S,C,3,5,1,2,2,1,4,2,3,3,3,3,,,,No,
2022,Physical Science,Physics,A,Chemistry,B,Combined Mathematics,A,2.567,1678,Gampaha,89,A,B,A,A,5,2,4,4,2,1,4,4,4,3,4,3,DESIGN,UNIVERSITY OF MORATUWA,024G,No,Yes
2022,Commerce,Economics,A,Business Statistics,B,Accounting,C,1.678,8901,Colombo,77,A,B,C,B,3,2,2,4,5,1,2,3,4,4,5,3,COMMERCE,UNIVERSITY OF SRI JAYEWARDENEPURA,018C,No,Yes
2022,Arts,Pali,A,Sanskrit,B,Arabic,C,1.123,17890,Vavuniya,66,A,B,C,B,2,2,1,1,3,4,2,1,4,5,3,4,,,,No,
2022,Technology,Mechanical Technology,A,Electrical Electronic & Information Technology,B,Civil Technology,B,1.945,5123,Ratnapura,80,A,B,B,B,4,2,5,3,3,2,4,5,5,3,4,4,LANDSCAPE ARCHITECTURE,UNIVERSITY OF MORATUWA,097G,No,Yes
2022,Biological Science,Chemistry,A,Biology,A,Agricultural Science,B,2.678,890,Kandy,92,A,A,B,A,4,5,1,3,3,2,5,3,4,4,4,3,FOOD SCIENCE & TECHNOLOGY,UNIVERSITY OF PERADENIYA,035B,No,Yes
2022,Physical Science,Combined Mathematics,B,Physics,C,Chemistry,B,1.234,14567,Badulla,68,B,C,B,B,5,2,3,3,2,1,3,4,3,2,3,4,APPLIED SCIENCES (PHYSICAL SC.),WAYAMBA UNIVERSITY OF SRI LANKA,015M,No,Yes
2022,Arts,History of Europe,A,Greek & Roman Civilization,B,Christian Civilization,C,1.567,12345,Galle,72,A,B,C,B,2,3,2,2,4,5,3,2,4,5,4,5,ARTS,EASTERN UNIVERSITY SRI LANKA,019H,No,Yes
2022,Commerce,Economics,S,Business Studies,F,Accounting,C,-0.678,50123,Polonnaruwa,37,S,F,C,C,2,2,1,3,5,2,2,2,3,4,5,4,,,,No,
2022,Bio Systems Technology,Agro Technology,B,Bio Resource Technology,C,Bio Systems Technology,A,1.89,7890,Hambantota,78,B,C,A,B,3,3,2,3,4,3,5,5,4,4,4,4,AQUATIC RESOURCES TECHNOLOGY,UVA WELLASSA UNIVERSITY OF SRI LANKA,088U,No,Yes
2022,Technology,Science for Technology,A,Information & Communication Technology (ICT),B,Engineering Technology,A,2.234,3456,Matara,86,A,B,A,A,4,1,3,5,3,2,3,4,5,3,4,3,COMPUTER SCIENCE & TECHNOLOGY,UVA WELLASSA UNIVERSITY OF SRI LANKA,065U,No,Yes
2022,Arts,Western Music,B,Visual Arts,A,Art & Design,C,2.456,2345,Colombo,87,B,A,C,B,1,1,5,2,2,5,1,2,3,5,2,4,VISUAL ARTS,UNIVERSITY OF THE VISUAL & PERFORMING ARTS,085Z,Yes,Yes
2022,Biological Science,Biology,C,Chemistry,B,Physics,A,1.456,13456,Gampaha,71,C,B,A,B,4,5,1,2,2,1,4,2,3,3,3,3,HEALTH PROMOTION,RAJARATA UNIVERSITY OF SRI LANKA,050K,No,Yes
2022,Physical Science,Physics,A,Combined Mathematics,B,Chemistry,A,2.789,678,Kurunegala,93,A,B,A,A,5,2,4,5,2,1,4,4,4,3,4,3,ENGINEERING (EM),UNIVERSITY OF MORATUWA,009G,No,Yes
2022,Commerce,Business Studies,A,Accounting,B,Economics,C,1.945,5678,Jaffna,80,A,B,C,B,3,2,2,4,5,2,3,3,4,4,5,4,MANAGEMENT,SOUTH EASTERN UNIVERSITY OF SRI LANKA,016J,No,Yes
2022,Arts,Logic & Scientific Method,B,Political Science,A,Geography,C,1.345,14567,Kegalle,70,B,A,C,C,2,3,2,2,4,4,3,3,4,5,4,5,TRANSLATION STUDIES,UNIVERSITY OF KELANIYA,098D,No,Yes
2022,Technology,Electrical Electronic & Information Technology,S,Mechanical Technology,C,Civil Technology,B,0.89,23456,Trincomalee,60,S,C,B,C,4,2,4,3,3,2,4,5,4,3,3,4,,,,No,
2022,Biological Science,Chemistry,B,Biology,A,Physics,C,1.789,8901,Anuradhapura,77,B,A,C,B,4,5,1,3,3,2,5,3,4,4,4,3,PHARMACY,UNIVERSITY OF PERADENIYA,051B,No,Yes
2022,Physical Science,Combined Mathematics,A,Physics,A,Chemistry,B,3.156,189,Colombo,98,A,A,B,A,5,1,4,5,1,1,3,4,4,2,3,2,QUANTITY SURVEYING,UNIVERSITY OF MORATUWA,011G,No,Yes
2022,Arts,Buddhism,F,History,S,Sinhala Language,C,-0.789,51234,Matale,35,F,S,C,C,1,2,1,1,3,5,2,1,4,5,3,4,,,,No,
2022,Commerce,Economics,A,Business Statistics,B,Accounting,A,2.123,4123,Kandy,84,A,B,A,A,3,2,2,4,5,1,2,3,4,4,5,3,MANAGEMENT AND PUBLIC POLICY,UNIVERSITY OF SRI JAYEWARDENEPURA,028C,No,Yes
2022,Bio Systems Technology,Bio Resource Technology,A,Agro Technology,B,Bio Systems Technology,A,2.567,1678,Ratnapura,90,A,B,A,A,3,3,2,3,4,3,5,5,4,4,4,4,"Hospitality, Tourism and Events Management",Uva Wellassa University,090U,No,Yes
2022,Technology,Information & Communication Technology (ICT),C,Engineering Technology,B,Science for Technology,A,1.567,12345,Galle,72,C,B,A,A,4,1,3,4,3,2,3,4,5,3,4,3,PROJECT MANAGEMENT,UNIVERSITY OF VAVUNIYA,101R,No,Yes
2022,Arts,Film & Television Studies,A,Drama & Theatre (English),B,Visual & Technological Arts,C,2.678,1234,Colombo,90,A,B,C,B,1,1,5,2,3,5,1,3,4,5,3,4,FILM & TELEVISION STUDIES,UNIVERSITY OF KELANIYA,100D,Yes,Yes
2022,Biological Science,Biology,A,Chemistry,C,Physics,B,1.945,6789,Badulla,78,A,C,B,B,4,5,1,3,2,1,5,2,4,3,4,3,NURSING,UNIVERSITY OF RUHUNA,037F,No,Yes
2022,Physical Science,Physics,C,Combined Mathematics,B,Chemistry,C,1.123,16789,Hambantota,69,C,B,C,C,5,2,3,3,2,1,3,4,3,2,3,4,FISHERIES & MARINE SCIENCES,UNIVERSITY OF RUHUNA,062F,No,Yes
2022,Commerce,Accounting,S,Economics,B,Business Studies,C,0.567,26789,Puttalam,56,S,B,C,C,3,2,2,3,5,2,2,3,4,4,5,4,,,,No,
,,,,,,,,,,,,,,,,,,,,,,,,,,,,,,,,
2022,Biological Science,Biology,A,Chemistry,A,Physics,B,2.945,567,Colombo,95,A,A,A,A,4,5,2,3,2,1,5,3,4,4,4,2,MEDICINE,UNIVERSITY OF PERADENIYA,001B,No,Yes
2022,Physical Science,Combined Mathematics,A,Physics,A,Chemistry,B,3.012,456,Gampaha,96,A,A,A,A,5,2,4,5,1,1,3,4,5,2,3,3,ENGINEERING,UNIVERSITY OF MORATUWA,008G,No,Yes
2022,Technology,Information & Communication Technology (ICT),B,Science for Technology,A,Engineering Technology,C,1.89,6789,Kalutara,78,B,A,A,C,4,1,3,5,4,2,3,4,5,3,4,4,INFORMATION AND COMMUNICATION TECHNOLOGY (ICT),UNIVERSITY OF VAVUNIYA,038R,No,Yes
2022,Arts,Political Science,A,Geography,B,Economics,C,1.234,16789,Kurunegala,67,A,B,C,B,2,3,2,3,5,4,3,2,4,5,5,5,ARTS,UNIVERSITY OF COLOMBO,019A,No,Yes
2022,Commerce,Accounting,A,Business Studies,A,Economics,B,2.567,2345,Kandy,88,A,A,B,A,3,2,2,4,5,1,2,3,4,4,5,3,MANAGEMENT,UNIVERSITY OF SRI JAYEWARDENEPURA,016C,No,Yes
2022,Biological Science,Chemistry,S,Biology,C,Physics,F,-0.456,47890,Anuradhapura,39,S,C,F,C,3,4,1,2,2,1,4,2,3,3,3,3,,,,No,
2022,Physical Science,Physics,C,Combined Mathematics,B,Chemistry,S,0.678,24567,Badulla,60,C,B,S,C,5,2,3,3,2,1,3,4,4,2,3,4,,,,No,
2022,Arts,Sinhala Language,A,Buddhism,B,History,A,1.945,5678,Jaffna,80,A,B,A,A,1,2,1,1,3,5,2,1,4,5,3,4,ARTS,UNIVERSITY OF JAFFNA,019E,No,Yes
2022,Technology,Mechanical Technology,A,Civil Technology,B,Electrical Electronic & Information Technology,A,2.012,4567,Ratnapura,82,A,B,A,A,4,2,5,3,3,2,5,5,5,3,4,4,ENGINEERING TECHNOLOGY (ET),UNIVERSITY OF KELANIYA,102D,No,Yes
2022,Bio Systems Technology,Agro Technology,B,Bio Resource Technology,A,Bio Systems Technology,B,1.678,9876,Hambantota,75,B,A,B,B,3,3,2,3,4,3,5,5,4,4,4,4,BIOSYSTEMS TECHNOLOGY (BST),UNIVERSITY OF COLOMBO,103A,No,Yes
2022,Physical Science,Combined Mathematics,B,Physics,A,Chemistry,C,1.789,7890,Galle,77,B,A,C,B,5,2,4,4,2,1,4,4,4,3,4,3,PHYSICAL SCIENCE,UNIVERSITY OF RUHUNA,013F,No,Yes
2022,Commerce,Economics,F,Business Statistics,S,Accounting,C,-0.678,50123,Polonnaruwa,37,F,S,C,C,2,2,1,3,5,2,2,2,3,4,5,4,,,,No,
2022,Arts,Dancing (Indigenous),A,Oriental Music,B,Drama & Theatre (Sinhala),A,2.678,1234,Colombo,90,A,B,A,A,1,1,5,1,2,5,1,2,3,5,2,4,MUSIC,UNIVERSITY OF SRI JAYEWARDENEPURA,068C,Yes,Yes
2022,Biological Science,Biology,A,Chemistry,B,Agricultural Science,A,2.234,3123,Kegalle,84,A,B,A,A,3,5,1,3,3,2,5,3,4,4,4,3,AGRICULTURE,RAJARATA UNIVERSITY OF SRI LANKA,004K,No,Yes
2022,Physical Science,Physics,A,Combined Mathematics,B,Chemistry,A,2.789,789,Batticaloa,93,A,B,A,A,5,1,4,5,1,1,3,4,5,2,3,2,COMPUTER SCIENCE,UNIVERSITY OF JAFFNA,012E,No,Yes
2022,Arts,Logic & Scientific Method,A,Geography,C,Political Science,B,0.89,19876,Matale,63,A,C,B,C,2,3,2,2,4,4,3,3,4,5,4,5,,,,No,
2022,Technology,Engineering Technology,B,Science for Technology,A,Bio Systems Technology,C,1.945,5678,Trincomalee,79,B,A,C,B,4,2,4,3,3,2,4,5,5,2,3,4,ENGINEERING TECHNOLOGY (ET),SABARAGAMUWA UNIVERSITY OF SRI LANKA,102L,No,Yes
2022,Biological Science,Chemistry,A,Biology,A,Physics,B,2.567,890,Kurunegala,89,A,A,B,A,4,5,1,3,2,1,5,2,4,3,4,2,MEDICINE,UNIVERSITY OF RUHUNA,001F,No,Yes
2022,Commerce,Business Studies,A,Accounting,B,Economics,A,2.123,4231,Puttalam,83,A,B,A,A,3,2,2,4,5,2,3,3,4,4,5,4,MANAGEMENT,UNIVERSITY OF JAFFNA,016E,No,Yes
2022,Arts,Communication & Media Studies,A,History of Modern World,B,Mass Media,C,1.456,13456,Mannar,70,A,B,C,C,2,3,3,2,4,5,3,2,4,5,4,5,ARTS (SP) - MASS MEDIA,SRIPALEE CAMPUS UNIVERSITY OF COLOMBO,020S,Yes,Yes
2022,Physical Science,Combined Mathematics,C,Physics,F,Chemistry,S,-0.234,45678,Moneragala,48,C,F,S,C,4,2,3,3,2,1,3,4,3,2,3,3,,,,No,
2022,Bio Systems Technology,Bio Resource Technology,A,Agro Technology,B,Bio Systems Technology,C,1.345,15678,Nuwara Eliya,69,A,B,C,B,3,3,2,3,4,3,5,5,3,4,4,4,EXPORT AGRICULTURE,UVA WELLASSA UNIVERSITY OF SRI LANKA,073U,No,Yes
2022,Technology,Information & Communication Technology (ICT),A,Engineering Technology,B,Science for Technology,A,2.012,4789,Kalutara,81,A,B,A,A,4,1,3,5,3,2,3,4,5,3,4,3,SOFTWARE ENGINEERING,UNIVERSITY OF KELANIYA,099D,No,Yes
2022,Arts,Carnatic Music,A,Drama & Theatre (Tamil),B,Dance,A,2.789,890,Jaffna,91,A,B,A,A,1,1,5,1,2,5,2,2,3,5,3,4,DANCE,SWAMY VIPULANANDA INSTITUTE OF AESTHETIC STUDIES EASTERN UNIVERSITY SRI LANKA,069Y,Yes,Yes
2022,Biological Science,Biology,B,Chemistry,C,Physics,S,0.678,24567,Ampara,61,B,C,S,C,3,5,1,2,2,1,4,2,3,3,3,3,,,,No,
2022,Physical Science,Physics,A,Chemistry,B,Combined Mathematics,A,2.567,1678,Gampaha,89,A,B,A,A,5,2,4,4,2,1,4,4,4,3,4,3,DESIGN,UNIVERSITY OF MORATUWA,024G,No,Yes
2022,Commerce,Economics,A,Business Statistics,B,Accounting,C,1.678,8901,Colombo,77,A,B,C,B,3,2,2,4,5,1,2,3,4,4,5,3,COMMERCE,UNIVERSITY OF SRI JAYEWARDENEPURA,018C,No,Yes
2022,Arts,Pali,A,Sanskrit,B,Arabic,C,1.123,17890,Vavuniya,66,A,B,C,B,2,2,1,1,3,4,2,1,4,5,3,4,,,,No,
2022,Technology,Mechanical Technology,A,Electrical Electronic & Information Technology,B,Civil Technology,B,1.945,5123,Ratnapura,80,A,B,B,B,4,2,5,3,3,2,4,5,5,3,4,4,LANDSCAPE ARCHITECTURE,UNIVERSITY OF MORATUWA,097G,No,Yes
2022,Biological Science,Chemistry,A,Biology,A,Agricultural Science,B,2.678,890,Kandy,92,A,A,B,A,4,5,1,3,3,2,5,3,4,4,4,3,FOOD SCIENCE & TECHNOLOGY,UNIVERSITY OF PERADENIYA,035B,No,Yes
2022,Physical Science,Combined Mathematics,B,Physics,C,Chemistry,B,1.234,14567,Badulla,68,B,C,B,B,5,2,3,3,2,1,3,4,3,2,3,4,APPLIED SCIENCES (PHYSICAL SC.),WAYAMBA UNIVERSITY OF SRI LANKA,015M,No,Yes
2022,Arts,History of Europe,A,Greek & Roman Civilization,B,Christian Civilization,C,1.567,12345,Galle,72,A,B,C,B,2,3,2,2,4,5,3,2,4,5,4,5,ARTS,EASTERN UNIVERSITY SRI LANKA,019H,No,Yes
2022,Commerce,Economics,S,Business Studies,F,Accounting,C,-0.678,50123,Polonnaruwa,37,S,F,C,C,2,2,1,3,5,2,2,2,3,4,5,4,,,,No,
2022,Bio Systems Technology,Agro Technology,B,Bio Resource Technology,C,Bio Systems Technology,A,1.89,7890,Hambantota,78,B,C,A,B,3,3,2,3,4,3,5,5,4,4,4,4,AQUATIC RESOURCES TECHNOLOGY,UVA WELLASSA UNIVERSITY OF SRI LANKA,088U,No,Yes
2022,Technology,Science for Technology,A,Information & Communication Technology (ICT),B,Engineering Technology,A,2.234,3456,Matara,86,A,B,A,A,4,1,3,5,3,2,3,4,5,3,4,3,COMPUTER SCIENCE & TECHNOLOGY,UVA WELLASSA UNIVERSITY OF SRI LANKA,065U,No,Yes
2022,Arts,Western Music,B,Visual Arts,A,Art & Design,C,2.456,2345,Colombo,87,B,A,C,B,1,1,5,2,2,5,1,2,3,5,2,4,VISUAL ARTS,UNIVERSITY OF THE VISUAL & PERFORMING ARTS,085Z,Yes,Yes
2022,Biological Science,Biology,C,Chemistry,B,Physics,A,1.456,13456,Gampaha,71,C,B,A,B,4,5,1,2,2,1,4,2,3,3,3,3,HEALTH PROMOTION,RAJARATA UNIVERSITY OF SRI LANKA,050K,No,Yes
2022,Physical Science,Physics,A,Combined Mathematics,B,Chemistry,A,2.789,678,Kurunegala,93,A,B,A,A,5,2,4,5,2,1,4,4,4,3,4,3,ENGINEERING (EM),UNIVERSITY OF MORATUWA,009G,No,Yes
2022,Commerce,Business Studies,A,Accounting,B,Economics,C,1.945,5678,Jaffna,80,A,B,C,B,3,2,2,4,5,2,3,3,4,4,5,4,MANAGEMENT,SOUTH EASTERN UNIVERSITY OF SRI LANKA,016J,No,Yes
2022,Arts,Logic & Scientific Method,B,Political Science,A,Geography,C,1.345,14567,Kegalle,70,B,A,C,C,2,3,2,2,4,4,3,3,4,5,4,5,TRANSLATION STUDIES,UNIVERSITY OF KELANIYA,098D,No,Yes
2022,Technology,Electrical Electronic & Information Technology,S,Mechanical Technology,C,Civil Technology,B,0.89,23456,Trincomalee,60,S,C,B,C,4,2,4,3,3,2,4,5,4,3,3,4,,,,No,
2022,Biological Science,Chemistry,B,Biology,A,Physics,C,1.789,8901,Anuradhapura,77,B,A,C,B,4,5,1,3,3,2,5,3,4,4,4,3,PHARMACY,UNIVERSITY OF PERADENIYA,051B,No,Yes
2022,Physical Science,Combined Mathematics,A,Physics,A,Chemistry,B,3.156,189,Colombo,98,A,A,B,A,5,1,4,5,1,1,3,4,4,2,3,2,QUANTITY SURVEYING,UNIVERSITY OF MORATUWA,011G,No,Yes
2022,Arts,Buddhism,F,History,S,Sinhala Language,C,-0.789,51234,Matale,35,F,S,C,C,1,2,1,1,3,5,2,1,4,5,3,4,,,,No,
2022,Commerce,Economics,A,Business Statistics,B,Accounting,A,2.123,4123,Kandy,84,A,B,A,A,3,2,2,4,5,1,2,3,4,4,5,3,MANAGEMENT AND PUBLIC POLICY,UNIVERSITY OF SRI JAYEWARDENEPURA,028C,No,Yes
2022,Bio Systems Technology,Bio Resource Technology,A,Agro Technology,B,Bio Systems Technology,A,2.567,1678,Ratnapura,90,A,B,A,A,3,3,2,3,4,3,5,5,4,4,4,4,"Hospitality, Tourism and Events Management",Uva Wellassa University,090U,No,Yes
2022,Technology,Information & Communication Technology (ICT),C,Engineering Technology,B,Science for Technology,A,1.567,12345,Galle,72,C,B,A,A,4,1,3,4,3,2,3,4,5,3,4,3,PROJECT MANAGEMENT,UNIVERSITY OF VAVUNIYA,101R,No,Yes
2022,Arts,Film & Television Studies,A,Drama & Theatre (English),B,Visual & Technological Arts,C,2.678,1234,Colombo,90,A,B,C,B,1,1,5,2,3,5,1,3,4,5,3,4,FILM & TELEVISION STUDIES,UNIVERSITY OF KELANIYA,100D,Yes,Yes
2022,Biological Science,Biology,A,Chemistry,C,Physics,B,1.945,6789,Badulla,78,A,C,B,B,4,5,1,3,2,1,5,2,4,3,4,3,NURSING,UNIVERSITY OF RUHUNA,037F,No,Yes
2022,Physical Science,Physics,C,Combined Mathematics,B,Chemistry,C,1.123,16789,Hambantota,69,C,B,C,C,5,2,3,3,2,1,3,4,3,2,3,4,FISHERIES & MARINE SCIENCES,UNIVERSITY OF RUHUNA,062F,No,Yes
2022,Commerce,Accounting,S,Economics,B,Business Studies,C,0.567,26789,Puttalam,56,S,B,C,C,3,2,2,3,5,2,2,3,4,4,5,4,,,,No,
,,,,,,,,,,,,,,,,,,,,,,,,,,,,,,,,
2022,Biological Science,Biology,A,Chemistry,A,Physics,B,2.912,612,Colombo,94,A,A,A,A,4,5,2,3,2,1,5,3,4,4,4,2,MEDICINE,UNIVERSITY OF KELANIYA,001D,No,Yes
2022,Physical Science,Combined Mathematics,A,Physics,A,Chemistry,B,3.078,378,Gampaha,97,A,A,A,A,5,2,4,5,1,1,3,4,5,2,3,3,ENGINEERING,UNIVERSITY OF MORATUWA,008G,No,Yes
2022,Technology,Science for Technology,A,Information & Communication Technology (ICT),B,Engineering Technology,B,1.823,7123,Kalutara,79,A,B,B,B,4,1,3,5,4,2,3,4,5,3,4,4,SOFTWARE ENGINEERING,UNIVERSITY OF SRI JAYEWARDENEPURA,099C,No,Yes
2022,Arts,Economics,A,Political Science,B,Geography,C,1.312,15678,Kurunegala,70,A,B,C,B,2,3,2,3,5,4,3,2,4,5,5,5,ARTS,UNIVERSITY OF COLOMBO,019A,No,Yes
2022,Commerce,Business Studies,A,Accounting,A,Economics,B,2.478,2789,Kandy,89,A,A,B,A,3,2,2,4,5,1,2,3,4,4,5,3,MANAGEMENT,UNIVERSITY OF SRI JAYEWARDENEPURA,016C,No,Yes
2022,Biological Science,Chemistry,C,Biology,S,Physics,F,-0.567,48901,Anuradhapura,37,C,S,F,C,3,4,1,2,2,1,4,2,3,3,3,3,,,,No,
2022,Physical Science,Physics,B,Combined Mathematics,C,Chemistry,S,0.589,26789,Badulla,58,B,C,S,C,5,2,3,3,2,1,3,4,4,2,3,4,,,,No,
2022,Arts,Sinhala Language,A,History,B,Buddhism,A,1.856,6234,Jaffna,81,A,B,A,A,1,2,1,1,3,5,2,1,4,5,3,4,ARTS,UNIVERSITY OF JAFFNA,019E,No,Yes
2022,Technology,Mechanical Technology,A,Civil Technology,B,Electrical Electronic & Information Technology,A,2.145,3890,Ratnapura,83,A,B,A,A,4,2,5,3,3,2,5,5,5,3,4,4,FACILITIES MANAGEMENT,UNIVERSITY OF MORATUWA,056G,No,Yes
2022,Bio Systems Technology,Agro Technology,B,Bio Resource Technology,A,Bio Systems Technology,B,1.712,9234,Hambantota,76,B,A,B,B,3,3,2,3,4,3,5,5,4,4,4,4,BIOSYSTEMS TECHNOLOGY (BST),UNIVERSITY OF RUHUNA,103F,No,Yes
2022,Physical Science,Combined Mathematics,A,Physics,C,Chemistry,B,1.834,6789,Galle,78,A,C,B,B,5,2,4,4,2,1,4,4,4,3,4,3,PHYSICAL SCIENCE,UNIVERSITY OF RUHUNA,013F,No,Yes
2022,Commerce,Economics,S,Business Statistics,C,Accounting,F,-0.678,50123,Polonnaruwa,36,S,C,F,C,2,2,1,3,5,2,2,2,3,4,5,4,,,,No,
2022,Arts,Oriental Music,A,Dancing (Indigenous),B,Drama & Theatre (Sinhala),A,2.712,1123,Colombo,92,A,B,A,A,1,1,5,1,2,5,1,2,3,5,2,4,MUSIC,UNIVERSITY OF SRI JAYEWARDENEPURA,068C,Yes,Yes
2022,Biological Science,Biology,A,Chemistry,B,Agricultural Science,A,2.178,3789,Kegalle,85,A,B,A,A,3,5,1,3,3,2,5,3,4,4,4,3,AGRICULTURE,RAJARATA UNIVERSITY OF SRI LANKA,004K,No,Yes
2022,Physical Science,Physics,A,Combined Mathematics,B,Chemistry,A,2.834,789,Batticaloa,94,A,B,A,A,5,1,4,5,1,1,3,4,5,2,3,2,COMPUTER SCIENCE,UNIVERSITY OF COLOMBO SCHOOL OF COMPUTING,012T,No,Yes
2022,Arts,Geography,A,Logic & Scientific Method,B,Political Science,C,0.912,18901,Matale,64,A,B,C,B,2,3,2,2,4,4,3,3,4,5,4,5,,,,No,
2022,Technology,Engineering Technology,B,Science for Technology,A,Bio Systems Technology,C,1.834,7123,Trincomalee,77,B,A,C,B,4,2,4,3,3,2,4,5,5,2,3,4,ENGINEERING TECHNOLOGY (ET),UVA WELLASSA UNIVERSITY OF SRI LANKA,102U,No,Yes
2022,Biological Science,Chemistry,A,Biology,A,Physics,B,2.612,834,Kurunegala,90,A,A,B,A,4,5,1,3,2,1,5,2,4,3,4,2,MEDICINE,EASTERN UNIVERSITY SRI LANKA,001H,No,Yes
2022,Commerce,Business Studies,B,Accounting,A,Economics,A,2.178,3890,Puttalam,84,B,A,A,A,3,2,2,4,5,2,3,3,4,4,5,4,MANAGEMENT,WAYAMBA UNIVERSITY OF SRI LANKA,016M,No,Yes
2022,Arts,Mass Media,A,Communication & Media Studies,B,History of Modern World,C,1.512,13456,Mannar,71,A,B,C,B,2,3,3,2,4,5,3,2,4,5,4,5,COMMUNICATION STUDIES,TRINCOMALEE CAMPUS EASTERN UNIVERSITY SRI LANKA,029W,No,Yes
2022,Physical Science,Combined Mathematics,F,Physics,S,Chemistry,C,-0.312,45678,Moneragala,47,F,S,C,C,4,2,3,3,2,1,3,4,3,2,3,3,,,,No,
2022,Bio Systems Technology,Bio Resource Technology,A,Agro Technology,B,Bio Systems Technology,C,1.412,15678,Nuwara Eliya,70,A,B,C,B,3,3,2,3,4,3,5,5,3,4,4,4,SCIENCE AND TECHNOLOGY,UVA WELLASSA UNIVERSITY OF SRI LANKA,064U,No,Yes
2022,Technology,Information & Communication Technology (ICT),A,Engineering Technology,B,Science for Technology,A,2.078,4231,Kalutara,82,A,B,A,A,4,1,3,5,3,2,3,4,5,3,4,3,MANAGEMENT AND INFORMATION TECHNOLOGY (MIT),UNIVERSITY OF KELANIYA,027D,No,Yes
2022,Arts,Drama & Theatre (Tamil),A,Carnatic Music,B,Dance,A,2.834,789,Jaffna,93,A,B,A,A,1,1,5,1,2,5,2,2,3,5,3,4,DANCE,UNIVERSITY OF JAFFNA,069E,Yes,Yes
2022,Biological Science,Biology,C,Chemistry,B,Physics,B,0.712,23456,Ampara,61,C,B,B,C,3,5,1,2,2,1,4,2,3,3,3,3,,,,No,
2022,Physical Science,Physics,A,Chemistry,B,Combined Mathematics,A,2.512,1567,Gampaha,89,A,B,A,A,5,2,4,4,2,1,4,4,4,3,4,3,ARCHITECTURE,UNIVERSITY OF MORATUWA,023G,No,Yes
2022,Commerce,Economics,A,Business Statistics,B,Accounting,C,1.712,8345,Colombo,78,A,B,C,B,3,2,2,4,5,1,2,3,4,4,5,3,BUSINESS INFORMATION SYSTEMS (HONOURS) (BIS),UNIVERSITY OF SRI JAYEWARDENEPURA,077C,No,Yes
2022,Arts,Arabic,A,Islamic Civilization,B,Pali,C,1.178,16789,Vavuniya,67,A,B,C,B,2,2,1,1,3,4,2,1,4,5,3,4,ARABIC LANGUAGE,SOUTH EASTERN UNIVERSITY OF SRI LANKA,084J,No,Yes
2022,Technology,Electrical Electronic & Information Technology,B,Civil Technology,A,Mechanical Technology,B,1.912,6123,Ratnapura,80,B,A,B,B,4,2,5,3,3,2,4,5,5,3,4,4,FACILITIES MANAGEMENT,UNIVERSITY OF MORATUWA,056G,No,Yes
2022,Biological Science,Chemistry,B,Biology,A,Agricultural Science,A,2.834,789,Kandy,95,B,A,A,A,4,5,1,3,3,2,5,3,4,4,4,3,SIDDHA MEDICINE AND SURGERY,TRINCOMALEE CAMPUS EASTERN UNIVERSITY SRI LANKA,036W,No,Yes
2022,Physical Science,Combined Mathematics,C,Physics,B,Chemistry,B,1.234,14567,Badulla,69,C,B,B,B,5,2,3,3,2,1,3,4,3,2,3,4,SURVEYING SCIENCE,SABARAGAMUWA UNIVERSITY OF SRI LANKA,014L,No,Yes
2022,Arts,Christian Civilization,A,Greek & Roman Civilization,B,History of Europe,C,1.612,12345,Galle,73,A,B,C,B,2,3,2,2,4,5,3,2,4,5,4,5,ARTS,EASTERN UNIVERSITY SRI LANKA,019H,No,Yes
2022,Commerce,Business Studies,F,Economics,S,Accounting,C,-0.567,48901,Polonnaruwa,38,F,S,C,C,2,2,1,3,5,2,2,2,3,4,5,4,,,,No,
2022,Bio Systems Technology,Agro Technology,A,Bio Resource Technology,B,Bio Systems Technology,C,1.912,7123,Hambantota,79,A,B,C,B,3,3,2,3,4,3,5,5,4,4,4,4,ENTREPRENEURSHIP AND MANAGEMENT,UVA WELLASSA UNIVERSITY OF SRI LANKA,066U,No,Yes
2022,Technology,Science for Technology,A,Information & Communication Technology (ICT),B,Engineering Technology,A,2.178,3890,Matara,85,A,B,A,A,4,1,3,5,3,2,3,4,5,3,4,3,COMPUTER SCIENCE & TECHNOLOGY,UVA WELLASSA UNIVERSITY OF SRI LANKA,065U,No,Yes
2022,Arts,Visual Arts,A,Western Music,B,Art & Design,C,2.512,1890,Colombo,88,A,B,C,B,1,1,5,2,2,5,1,2,3,5,2,4,ART & DESIGN,UNIVERSITY OF JAFFNA,070E,Yes,Yes
2022,Biological Science,Biology,B,Chemistry,C,Physics,A,1.512,13456,Gampaha,72,B,C,A,B,4,5,1,2,2,1,4,2,3,3,3,3,RADIOGRAPHY,UNIVERSITY OF PERADENIYA,053B,No,Yes
2022,Physical Science,Physics,B,Combined Mathematics,A,Chemistry,A,2.834,789,Kurunegala,94,B,A,A,A,5,2,4,5,2,1,4,4,4,3,4,3,QUANTITY SURVEYING,UNIVERSITY OF MORATUWA,011G,No,Yes
2022,Commerce,Accounting,A,Business Studies,B,Economics,C,1.912,6789,Jaffna,80,A,B,C,B,3,2,2,4,5,2,3,3,4,4,5,4,MANAGEMENT,RAJARATA UNIVERSITY OF SRI LANKA,016K,No,Yes
2022,Arts,Political Science,A,Geography,C,Logic & Scientific Method,B,1.312,14567,Kegalle,70,A,C,B,C,2,3,2,2,4,4,3,3,4,5,4,5,PEACE AND CONFLICT RESOLUTION,UNIVERSITY OF KELANIYA,031D,No,Yes
2022,Technology,Mechanical Technology,S,Civil Technology,B,Electrical Electronic & Information Technology,C,0.834,23456,Trincomalee,59,S,B,C,C,4,2,4,3,3,2,4,5,4,3,3,4,,,,No,
2022,Biological Science,Chemistry,A,Biology,B,Physics,C,1.834,7890,Anuradhapura,78,A,B,C,B,4,5,1,3,3,2,5,3,4,4,4,3,NURSING,UNIVERSITY OF JAFFNA,037E,No,Yes
2022,Physical Science,Combined Mathematics,A,Physics,A,Chemistry,B,3.178,167,Colombo,99,A,A,B,A,5,1,4,5,1,1,3,4,4,2,3,2,INFORMATION TECHNOLOGY (IT),UNIVERSITY OF MORATUWA,026G,No,Yes
2022,Arts,History,C,Sinhala Language,F,Buddhism,S,-0.678,50123,Matale,36,C,F,S,C,1,2,1,1,3,5,2,1,4,5,3,4,,,,No,
2022,Commerce,Economics,B,Accounting,A,Business Statistics,A,2.178,3789,Kandy,85,B,A,A,A,3,2,2,4,5,1,2,3,4,4,5,3,REAL ESTATE MANAGEMENT AND VALUATION,UNIVERSITY OF SRI JAYEWARDENEPURA,017C,No,Yes
2022,Bio Systems Technology,Bio Resource Technology,A,Agro Technology,B,Bio Systems Technology,A,2.612,1567,Ratnapura,91,A,B,A,A,3,3,2,3,4,3,5,5,4,4,4,4,"Hospitality, Tourism and Events Management",Uva Wellassa University,090U,No,Yes
2022,Technology,Information & Communication Technology (ICT),C,Engineering Technology,B,Science for Technology,A,1.512,13456,Galle,72,C,B,A,A,4,1,3,4,3,2,3,4,5,3,4,3,PROJECT MANAGEMENT,UNIVERSITY OF VAVUNIYA,101R,No,Yes
2022,Arts,Film & Television Studies,A,Drama & Theatre (English),B,Visual & Technological Arts,C,2.834,789,Colombo,93,A,B,C,B,1,1,5,2,3,5,1,3,4,5,3,4,FILM & TELEVISION STUDIES,UNIVERSITY OF KELANIYA,100D,Yes,Yes
2022,Biological Science,Biology,A,Chemistry,C,Physics,B,1.912,6789,Badulla,79,A,C,B,B,4,5,1,3,2,1,5,2,4,3,4,3,MEDICAL LABORATORY SCIENCES,UNIVERSITY OF PERADENIYA,052B,No,Yes
2022,Physical Science,Physics,C,Combined Mathematics,B,Chemistry,C,1.178,16789,Hambantota,70,C,B,C,C,5,2,3,3,2,1,3,4,3,2,3,4,FISHERIES & MARINE SCIENCES,UNIVERSITY OF RUHUNA,062F,No,Yes
2022,Commerce,Accounting,B,Economics,C,Business Studies,S,0.512,27890,Puttalam,57,B,C,S,C,3,2,2,3,5,2,2,3,4,4,5,4,,,,No,
,,,,,,,,,,,,,,,,,,,,,,,,,,,,,,,,
2022,Biological Science,Biology,A,Chemistry,A,Physics,B,2.945,567,Colombo,95,A,A,A,A,4,5,2,3,2,1,5,3,4,4,4,2,MEDICINE,UNIVERSITY OF SRI JAYEWARDENEPURA,001C,No,Yes
2022,Physical Science,Combined Mathematics,A,Physics,A,Chemistry,B,3.012,456,Gampaha,96,A,A,A,A,5,2,4,5,1,1,3,4,5,2,3,3,ENGINEERING,UNIVERSITY OF PERADENIYA,008B,No,Yes
2022,Technology,Information & Communication Technology (ICT),B,Science for Technology,A,Engineering Technology,B,1.89,6789,Kalutara,78,B,A,A,B,4,1,3,5,4,2,3,4,5,3,4,4,SOFTWARE ENGINEERING,UNIVERSITY OF KELANIYA,099D,No,Yes
2022,Arts,Political Science,A,Geography,B,Economics,C,1.234,16789,Kurunegala,67,A,B,C,B,2,3,2,3,5,4,3,2,4,5,5,5,ARTS,UNIVERSITY OF COLOMBO,019A,No,Yes
2022,Commerce,Accounting,A,Business Studies,A,Economics,B,2.567,2345,Kandy,88,A,A,B,A,3,2,2,4,5,1,2,3,4,4,5,3,MANAGEMENT,UNIVERSITY OF SRI JAYEWARDENEPURA,016C,No,Yes
2022,Biological Science,Chemistry,S,Biology,C,Physics,F,-0.456,47890,Anuradhapura,39,S,C,F,C,3,4,1,2,2,1,4,2,3,3,3,3,,,,No,
2022,Physical Science,Physics,C,Combined Mathematics,B,Chemistry,S,0.678,24567,Badulla,60,C,B,S,C,5,2,3,3,2,1,3,4,4,2,3,4,,,,No,
2022,Arts,Sinhala Language,A,Buddhism,B,History,A,1.945,5678,Jaffna,80,A,B,A,A,1,2,1,1,3,5,2,1,4,5,3,4,ARTS,UNIVERSITY OF JAFFNA,019E,No,Yes
2022,Technology,Mechanical Technology,A,Civil Technology,B,Electrical Electronic & Information Technology,A,2.012,4567,Ratnapura,82,A,B,A,A,4,2,5,3,3,2,5,5,5,3,4,4,FACILITIES MANAGEMENT,UNIVERSITY OF MORATUWA,056G,No,Yes
2022,Bio Systems Technology,Agro Technology,B,Bio Resource Technology,A,Bio Systems Technology,B,1.678,9876,Hambantota,75,B,A,B,B,3,3,2,3,4,3,5,5,4,4,4,4,BIOSYSTEMS TECHNOLOGY (BST),UNIVERSITY OF RUHUNA,103F,No,Yes
2022,Physical Science,Combined Mathematics,B,Physics,A,Chemistry,C,1.789,7890,Galle,77,B,A,C,B,5,2,4,4,2,1,4,4,4,3,4,3,PHYSICAL SCIENCE,UNIVERSITY OF COLOMBO,013A,No,Yes
2022,Commerce,Economics,F,Business Statistics,S,Accounting,C,-0.678,50123,Polonnaruwa,37,F,S,C,C,2,2,1,3,5,2,2,2,3,4,5,4,,,,No,
2022,Arts,Oriental Music,A,Dancing (Indigenous),B,Drama & Theatre (Sinhala),A,2.678,1234,Colombo,90,A,B,A,A,1,1,5,1,2,5,1,2,3,5,2,4,MUSIC,UNIVERSITY OF SRI JAYEWARDENEPURA,068C,Yes,Yes
2022,Biological Science,Biology,A,Chemistry,B,Agricultural Science,A,2.234,3123,Kegalle,84,A,B,A,A,3,5,1,3,3,2,5,3,4,4,4,3,AGRICULTURE,RAJARATA UNIVERSITY OF SRI LANKA,004K,No,Yes
2022,Physical Science,Physics,A,Combined Mathematics,B,Chemistry,A,2.789,789,Batticaloa,93,A,B,A,A,5,1,4,5,1,1,3,4,5,2,3,2,COMPUTER SCIENCE,UNIVERSITY OF JAFFNA,012E,No,Yes
2022,Arts,Logic & Scientific Method,A,Geography,C,Political Science,B,0.89,19876,Matale,63,A,C,B,C,2,3,2,2,4,4,3,3,4,5,4,5,,,,No,
2022,Technology,Engineering Technology,B,Science for Technology,A,Bio Systems Technology,C,1.945,5678,Trincomalee,79,B,A,C,B,4,2,4,3,3,2,4,5,5,2,3,4,ENGINEERING TECHNOLOGY (ET),SABARAGAMUWA UNIVERSITY OF SRI LANKA,102L,No,Yes
2022,Biological Science,Chemistry,A,Biology,A,Physics,B,2.567,890,Kurunegala,89,A,A,B,A,4,5,1,3,2,1,5,2,4,3,4,2,MEDICINE,UNIVERSITY OF RUHUNA,001F,No,Yes
2022,Commerce,Business Studies,A,Accounting,B,Economics,A,2.123,4231,Puttalam,83,A,B,A,A,3,2,2,4,5,2,3,3,4,4,5,4,MANAGEMENT,UNIVERSITY OF JAFFNA,016E,No,Yes
2022,Arts,Communication & Media Studies,A,History of Modern World,B,Mass Media,C,1.456,13456,Mannar,70,A,B,C,C,2,3,3,2,4,5,3,2,4,5,4,5,ARTS (SP) - MASS MEDIA,SRIPALEE CAMPUS UNIVERSITY OF COLOMBO,020S,Yes,Yes
2022,Physical Science,Combined Mathematics,C,Physics,F,Chemistry,S,-0.234,45678,Moneragala,48,C,F,S,C,4,2,3,3,2,1,3,4,3,2,3,3,,,,No,
2022,Bio Systems Technology,Bio Resource Technology,A,Agro Technology,B,Bio Systems Technology,C,1.345,15678,Nuwara Eliya,69,A,B,C,B,3,3,2,3,4,3,5,5,3,4,4,4,EXPORT AGRICULTURE,UVA WELLASSA UNIVERSITY OF SRI LANKA,073U,No,Yes
2022,Technology,Information & Communication Technology (ICT),A,Engineering Technology,B,Science for Technology,A,2.012,4789,Kalutara,81,A,B,A,A,4,1,3,5,3,2,3,4,5,3,4,3,SOFTWARE ENGINEERING,UNIVERSITY OF KELANIYA,099D,No,Yes
2022,Arts,Carnatic Music,A,Drama & Theatre (Tamil),B,Dance,A,2.789,890,Jaffna,91,A,B,A,A,1,1,5,1,2,5,2,2,3,5,3,4,DANCE,SWAMY VIPULANANDA INSTITUTE OF AESTHETIC STUDIES EASTERN UNIVERSITY SRI LANKA,069Y,Yes,Yes
2022,Biological Science,Biology,B,Chemistry,C,Physics,S,0.678,24567,Ampara,61,B,C,S,C,3,5,1,2,2,1,4,2,3,3,3,3,,,,No,
2022,Physical Science,Physics,A,Chemistry,B,Combined Mathematics,A,2.567,1678,Gampaha,89,A,B,A,A,5,2,4,4,2,1,4,4,4,3,4,3,DESIGN,UNIVERSITY OF MORATUWA,024G,No,Yes
2022,Commerce,Economics,A,Business Statistics,B,Accounting,C,1.678,8901,Colombo,77,A,B,C,B,3,2,2,4,5,1,2,3,4,4,5,3,COMMERCE,UNIVERSITY OF SRI JAYEWARDENEPURA,018C,No,Yes
2022,Arts,Pali,A,Sanskrit,B,Arabic,C,1.123,17890,Vavuniya,66,A,B,C,B,2,2,1,1,3,4,2,1,4,5,3,4,,,,No,
2022,Technology,Mechanical Technology,A,Electrical Electronic & Information Technology,B,Civil Technology,B,1.945,5123,Ratnapura,80,A,B,B,B,4,2,5,3,3,2,4,5,5,3,4,4,LANDSCAPE ARCHITECTURE,UNIVERSITY OF MORATUWA,097G,No,Yes
2022,Biological Science,Chemistry,A,Biology,A,Agricultural Science,B,2.678,890,Kandy,92,A,A,B,A,4,5,1,3,3,2,5,3,4,4,4,3,FOOD SCIENCE & TECHNOLOGY,UNIVERSITY OF PERADENIYA,035B,No,Yes
2022,Physical Science,Combined Mathematics,B,Physics,C,Chemistry,B,1.234,14567,Badulla,68,B,C,B,B,5,2,3,3,2,1,3,4,3,2,3,4,APPLIED SCIENCES (PHYSICAL SC.),WAYAMBA UNIVERSITY OF SRI LANKA,015M,No,Yes
2022,Arts,History of Europe,A,Greek & Roman Civilization,B,Christian Civilization,C,1.567,12345,Galle,72,A,B,C,B,2,3,2,2,4,5,3,2,4,5,4,5,ARTS,EASTERN UNIVERSITY SRI LANKA,019H,No,Yes
2022,Commerce,Economics,S,Business Studies,F,Accounting,C,-0.678,50123,Polonnaruwa,37,S,F,C,C,2,2,1,3,5,2,2,2,3,4,5,4,,,,No,
2022,Bio Systems Technology,Agro Technology,B,Bio Resource Technology,C,Bio Systems Technology,A,1.89,7890,Hambantota,78,B,C,A,B,3,3,2,3,4,3,5,5,4,4,4,4,AQUATIC RESOURCES TECHNOLOGY,UVA WELLASSA UNIVERSITY OF SRI LANKA,088U,No,Yes
2022,Technology,Science for Technology,A,Information & Communication Technology (ICT),B,Engineering Technology,A,2.234,3456,Matara,86,A,B,A,A,4,1,3,5,3,2,3,4,5,3,4,3,COMPUTER SCIENCE & TECHNOLOGY,UVA WELLASSA UNIVERSITY OF SRI LANKA,065U,No,Yes
2022,Arts,Western Music,B,Visual Arts,A,Art & Design,C,2.456,2345,Colombo,87,B,A,C,B,1,1,5,2,2,5,1,2,3,5,2,4,VISUAL ARTS,UNIVERSITY OF THE VISUAL & PERFORMING ARTS,085Z,Yes,Yes
2022,Biological Science,Biology,C,Chemistry,B,Physics,A,1.456,13456,Gampaha,71,C,B,A,B,4,5,1,2,2,1,4,2,3,3,3,3,HEALTH PROMOTION,RAJARATA UNIVERSITY OF SRI LANKA,050K,No,Yes
2022,Physical Science,Physics,A,Combined Mathematics,B,Chemistry,A,2.789,678,Kurunegala,93,A,B,A,A,5,2,4,5,2,1,4,4,4,3,4,3,ENGINEERING (EM),UNIVERSITY OF MORATUWA,009G,No,Yes
2022,Commerce,Business Studies,A,Accounting,B,Economics,C,1.945,5678,Jaffna,80,A,B,C,B,3,2,2,4,5,2,3,3,4,4,5,4,MANAGEMENT,SOUTH EASTERN UNIVERSITY OF SRI LANKA,016J,No,Yes
2022,Arts,Logic & Scientific Method,B,Political Science,A,Geography,C,1.345,14567,Kegalle,70,B,A,C,C,2,3,2,2,4,4,3,3,4,5,4,5,TRANSLATION STUDIES,UNIVERSITY OF KELANIYA,098D,No,Yes
2022,Technology,Electrical Electronic & Information Technology,S,Mechanical Technology,C,Civil Technology,B,0.89,23456,Trincomalee,60,S,C,B,C,4,2,4,3,3,2,4,5,4,3,3,4,,,,No,
2022,Biological Science,Chemistry,B,Biology,A,Physics,C,1.789,8901,Anuradhapura,77,B,A,C,B,4,5,1,3,3,2,5,3,4,4,4,3,PHARMACY,UNIVERSITY OF PERADENIYA,051B,No,Yes
2022,Physical Science,Combined Mathematics,A,Physics,A,Chemistry,B,3.156,189,Colombo,98,A,A,B,A,5,1,4,5,1,1,3,4,4,2,3,2,QUANTITY SURVEYING,UNIVERSITY OF MORATUWA,011G,No,Yes
2022,Arts,Buddhism,F,History,S,Sinhala Language,C,-0.789,51234,Matale,35,F,S,C,C,1,2,1,1,3,5,2,1,4,5,3,4,,,,No,
2022,Commerce,Economics,A,Business Statistics,B,Accounting,A,2.123,4123,Kandy,84,A,B,A,A,3,2,2,4,5,1,2,3,4,4,5,3,MANAGEMENT AND PUBLIC POLICY,UNIVERSITY OF SRI JAYEWARDENEPURA,028C,No,Yes
2022,Bio Systems Technology,Bio Resource Technology,A,Agro Technology,B,Bio Systems Technology,A,2.567,1678,Ratnapura,90,A,B,A,A,3,3,2,3,4,3,5,5,4,4,4,4,"Hospitality, Tourism and Events Management",Uva Wellassa University,090U,No,Yes
2022,Technology,Information & Communication Technology (ICT),C,Engineering Technology,B,Science for Technology,A,1.567,12345,Galle,72,C,B,A,A,4,1,3,4,3,2,3,4,5,3,4,3,PROJECT MANAGEMENT,UNIVERSITY OF VAVUNIYA,101R,No,Yes
2022,Arts,Film & Television Studies,A,Drama & Theatre (English),B,Visual & Technological Arts,C,2.678,1234,Colombo,90,A,B,C,B,1,1,5,2,3,5,1,3,4,5,3,4,FILM & TELEVISION STUDIES,UNIVERSITY OF KELANIYA,100D,Yes,Yes
2022,Biological Science,Biology,A,Chemistry,C,Physics,B,1.945,6789,Badulla,78,A,C,B,B,4,5,1,3,2,1,5,2,4,3,4,3,NURSING,UNIVERSITY OF RUHUNA,037F,No,Yes
2022,Physical Science,Physics,C,Combined Mathematics,B,Chemistry,C,1.123,16789,Hambantota,69,C,B,C,C,5,2,3,3,2,1,3,4,3,2,3,4,FISHERIES & MARINE SCIENCES,UNIVERSITY OF RUHUNA,062F,No,Yes
2022,Commerce,Accounting,S,Economics,B,Business Studies,C,0.567,26789,Puttalam,56,S,B,C,C,3,2,2,3,5,2,2,3,4,4,5,4,,,,No,
,,,,,,,,,,,,,,,,,,,,,,,,,,,,,,,,
2022,Biological Science,Biology,A,Chemistry,A,Physics,B,2.945,567,Colombo,95,A,A,A,A,4,5,2,3,2,1,5,3,4,4,4,2,MEDICINE,UNIVERSITY OF COLOMBO,001A,No,Yes
2022,Physical Science,Combined Mathematics,A,Physics,A,Chemistry,B,3.012,456,Gampaha,96,A,A,A,A,5,2,4,5,1,1,3,4,5,2,3,3,ENGINEERING,UNIVERSITY OF MORATUWA,008G,No,Yes
2022,Technology,Information & Communication Technology (ICT),B,Science for Technology,A,Engineering Technology,B,1.89,6789,Kalutara,78,B,A,A,B,4,1,3,5,4,2,3,4,5,3,4,4,SOFTWARE ENGINEERING,UNIVERSITY OF KELANIYA,099D,No,Yes
2022,Arts,Political Science,A,Geography,B,Economics,C,1.234,16789,Kurunegala,67,A,B,C,B,2,3,2,3,5,4,3,2,4,5,5,5,ARTS,UNIVERSITY OF PERADENIYA,019B,No,Yes
2022,Commerce,Accounting,A,Business Studies,A,Economics,B,2.567,2345,Kandy,88,A,A,B,A,3,2,2,4,5,1,2,3,4,4,5,3,MANAGEMENT,UNIVERSITY OF SRI JAYEWARDENEPURA,016C,No,Yes
2022,Biological Science,Chemistry,S,Biology,C,Physics,F,-0.456,47890,Anuradhapura,39,S,C,F,C,3,4,1,2,2,1,4,2,3,3,3,3,,,,No,
2022,Physical Science,Physics,C,Combined Mathematics,B,Chemistry,S,0.678,24567,Badulla,60,C,B,S,C,5,2,3,3,2,1,3,4,4,2,3,4,,,,No,
2022,Arts,Sinhala Language,A,Buddhism,B,History,A,1.945,5678,Jaffna,80,A,B,A,A,1,2,1,1,3,5,2,1,4,5,3,4,ARTS,UNIVERSITY OF JAFFNA,019E,No,Yes
2022,Technology,Mechanical Technology,A,Civil Technology,B,Electrical Electronic & Information Technology,A,2.012,4567,Ratnapura,82,A,B,A,A,4,2,5,3,3,2,5,5,5,3,4,4,FACILITIES MANAGEMENT,UNIVERSITY OF MORATUWA,056G,No,Yes
2022,Bio Systems Technology,Agro Technology,B,Bio Resource Technology,A,Bio Systems Technology,B,1.678,9876,Hambantota,75,B,A,B,B,3,3,2,3,4,3,5,5,4,4,4,4,BIOSYSTEMS TECHNOLOGY (BST),UNIVERSITY OF RUHUNA,103F,No,Yes
2022,Physical Science,Combined Mathematics,B,Physics,A,Chemistry,C,1.789,7890,Galle,77,B,A,C,B,5,2,4,4,2,1,4,4,4,3,4,3,PHYSICAL SCIENCE,UNIVERSITY OF COLOMBO,013A,No,Yes
2022,Commerce,Economics,F,Business Statistics,S,Accounting,C,-0.678,50123,Polonnaruwa,37,F,S,C,C,2,2,1,3,5,2,2,2,3,4,5,4,,,,No,
2022,Arts,Dancing (Indigenous),A,Oriental Music,B,Drama & Theatre (Sinhala),A,2.678,1234,Colombo,90,A,B,A,A,1,1,5,1,2,5,1,2,3,5,2,4,MUSIC,UNIVERSITY OF SRI JAYEWARDENEPURA,068C,Yes,Yes
2022,Biological Science,Biology,A,Chemistry,B,Agricultural Science,A,2.234,3123,Kegalle,84,A,B,A,A,3,5,1,3,3,2,5,3,4,4,4,3,AGRICULTURE,RAJARATA UNIVERSITY OF SRI LANKA,004K,No,Yes
2022,Physical Science,Physics,A,Combined Mathematics,B,Chemistry,A,2.789,789,Batticaloa,93,A,B,A,A,5,1,4,5,1,1,3,4,5,2,3,2,COMPUTER SCIENCE,UNIVERSITY OF JAFFNA,012E,No,Yes
2022,Arts,Logic & Scientific Method,A,Geography,C,Political Science,B,0.89,19876,Matale,63,A,C,B,C,2,3,2,2,4,4,3,3,4,5,4,5,,,,No,
2022,Technology,Engineering Technology,B,Science for Technology,A,Bio Systems Technology,C,1.945,5678,Trincomalee,79,B,A,C,B,4,2,4,3,3,2,4,5,5,2,3,4,ENGINEERING TECHNOLOGY (ET),SABARAGAMUWA UNIVERSITY OF SRI LANKA,102L,No,Yes
2022,Biological Science,Chemistry,A,Biology,A,Physics,B,2.567,890,Kurunegala,89,A,A,B,A,4,5,1,3,2,1,5,2,4,3,4,2,MEDICINE,UNIVERSITY OF RUHUNA,001F,No,Yes
2022,Commerce,Business Studies,A,Accounting,B,Economics,A,2.123,4231,Puttalam,83,A,B,A,A,3,2,2,4,5,2,3,3,4,4,5,4,MANAGEMENT,UNIVERSITY OF JAFFNA,016E,No,Yes
2022,Arts,Communication & Media Studies,A,History of Modern World,B,Mass Media,C,1.456,13456,Mannar,70,A,B,C,C,2,3,3,2,4,5,3,2,4,5,4,5,ARTS (SP) - MASS MEDIA,SRIPALEE CAMPUS UNIVERSITY OF COLOMBO,020S,Yes,Yes
2022,Physical Science,Combined Mathematics,C,Physics,F,Chemistry,S,-0.234,45678,Moneragala,48,C,F,S,C,4,2,3,3,2,1,3,4,3,2,3,3,,,,No,
2022,Bio Systems Technology,Bio Resource Technology,A,Agro Technology,B,Bio Systems Technology,C,1.345,15678,Nuwara Eliya,69,A,B,C,B,3,3,2,3,4,3,5,5,3,4,4,4,EXPORT AGRICULTURE,UVA WELLASSA UNIVERSITY OF SRI LANKA,073U,No,Yes
2022,Technology,Information & Communication Technology (ICT),A,Engineering Technology,B,Science for Technology,A,2.012,4789,Kalutara,81,A,B,A,A,4,1,3,5,3,2,3,4,5,3,4,3,SOFTWARE ENGINEERING,UNIVERSITY OF KELANIYA,099D,No,Yes
2022,Arts,Carnatic Music,A,Drama & Theatre (Tamil),B,Dance,A,2.789,890,Jaffna,91,A,B,A,A,1,1,5,1,2,5,2,2,3,5,3,4,DANCE,SWAMY VIPULANANDA INSTITUTE OF AESTHETIC STUDIES EASTERN UNIVERSITY SRI LANKA,069Y,Yes,Yes
2022,Biological Science,Biology,B,Chemistry,C,Physics,S,0.678,24567,Ampara,61,B,C,S,C,3,5,1,2,2,1,4,2,3,3,3,3,,,,No,
2022,Physical Science,Physics,A,Chemistry,B,Combined Mathematics,A,2.567,1678,Gampaha,89,A,B,A,A,5,2,4,4,2,1,4,4,4,3,4,3,DESIGN,UNIVERSITY OF MORATUWA,024G,No,Yes
2022,Commerce,Economics,A,Business Statistics,B,Accounting,C,1.678,8901,Colombo,77,A,B,C,B,3,2,2,4,5,1,2,3,4,4,5,3,COMMERCE,UNIVERSITY OF SRI JAYEWARDENEPURA,018C,No,Yes
2022,Arts,Pali,A,Sanskrit,B,Arabic,C,1.123,17890,Vavuniya,66,A,B,C,B,2,2,1,1,3,4,2,1,4,5,3,4,,,,No,
2022,Technology,Mechanical Technology,A,Electrical Electronic & Information Technology,B,Civil Technology,B,1.945,5123,Ratnapura,80,A,B,B,B,4,2,5,3,3,2,4,5,5,3,4,4,LANDSCAPE ARCHITECTURE,UNIVERSITY OF MORATUWA,097G,No,Yes
2022,Biological Science,Chemistry,A,Biology,A,Agricultural Science,B,2.678,890,Kandy,92,A,A,B,A,4,5,1,3,3,2,5,3,4,4,4,3,FOOD SCIENCE & TECHNOLOGY,UNIVERSITY OF PERADENIYA,035B,No,Yes
2022,Physical Science,Combined Mathematics,B,Physics,C,Chemistry,B,1.234,14567,Badulla,68,B,C,B,B,5,2,3,3,2,1,3,4,3,2,3,4,APPLIED SCIENCES (PHYSICAL SC.),WAYAMBA UNIVERSITY OF SRI LANKA,015M,No,Yes
2022,Arts,History of Europe,A,Greek & Roman Civilization,B,Christian Civilization,C,1.567,12345,Galle,72,A,B,C,B,2,3,2,2,4,5,3,2,4,5,4,5,ARTS,EASTERN UNIVERSITY SRI LANKA,019H,No,Yes
2022,Commerce,Economics,S,Business Studies,F,Accounting,C,-0.678,50123,Polonnaruwa,37,S,F,C,C,2,2,1,3,5,2,2,2,3,4,5,4,,,,No,
2022,Bio Systems Technology,Agro Technology,B,Bio Resource Technology,C,Bio Systems Technology,A,1.89,7890,Hambantota,78,B,C,A,B,3,3,2,3,4,3,5,5,4,4,4,4,AQUATIC RESOURCES TECHNOLOGY,UVA WELLASSA UNIVERSITY OF SRI LANKA,088U,No,Yes
2022,Technology,Science for Technology,A,Information & Communication Technology (ICT),B,Engineering Technology,A,2.234,3456,Matara,86,A,B,A,A,4,1,3,5,3,2,3,4,5,3,4,3,COMPUTER SCIENCE & TECHNOLOGY,UVA WELLASSA UNIVERSITY OF SRI LANKA,065U,No,Yes
2022,Arts,Western Music,B,Visual Arts,A,Art & Design,C,2.456,2345,Colombo,87,B,A,C,B,1,1,5,2,2,5,1,2,3,5,2,4,VISUAL ARTS,UNIVERSITY OF THE VISUAL & PERFORMING ARTS,085Z,Yes,Yes
2022,Biological Science,Biology,C,Chemistry,B,Physics,A,1.456,13456,Gampaha,71,C,B,A,B,4,5,1,2,2,1,4,2,3,3,3,3,HEALTH PROMOTION,RAJARATA UNIVERSITY OF SRI LANKA,050K,No,Yes
2022,Physical Science,Physics,A,Combined Mathematics,B,Chemistry,A,2.789,678,Kurunegala,93,A,B,A,A,5,2,4,5,2,1,4,4,4,3,4,3,ENGINEERING (EM),UNIVERSITY OF MORATUWA,009G,No,Yes
2022,Commerce,Business Studies,A,Accounting,B,Economics,C,1.945,5678,Jaffna,80,A,B,C,B,3,2,2,4,5,2,3,3,4,4,5,4,MANAGEMENT,SOUTH EASTERN UNIVERSITY OF SRI LANKA,016J,No,Yes
2022,Arts,Logic & Scientific Method,B,Political Science,A,Geography,C,1.345,14567,Kegalle,70,B,A,C,C,2,3,2,2,4,4,3,3,4,5,4,5,TRANSLATION STUDIES,UNIVERSITY OF KELANIYA,098D,No,Yes
2022,Technology,Electrical Electronic & Information Technology,S,Mechanical Technology,C,Civil Technology,B,0.89,23456,Trincomalee,60,S,C,B,C,4,2,4,3,3,2,4,5,4,3,3,4,,,,No,
2022,Biological Science,Chemistry,B,Biology,A,Physics,C,1.789,8901,Anuradhapura,77,B,A,C,B,4,5,1,3,3,2,5,3,4,4,4,3,PHARMACY,UNIVERSITY OF PERADENIYA,051B,No,Yes
2022,Physical Science,Combined Mathematics,A,Physics,A,Chemistry,B,3.156,189,Colombo,98,A,A,B,A,5,1,4,5,1,1,3,4,4,2,3,2,QUANTITY SURVEYING,UNIVERSITY OF MORATUWA,011G,No,Yes
2022,Arts,Buddhism,F,History,S,Sinhala Language,C,-0.789,51234,Matale,35,F,S,C,C,1,2,1,1,3,5,2,1,4,5,3,4,,,,No,
2022,Commerce,Economics,A,Business Statistics,B,Accounting,A,2.123,4123,Kandy,84,A,B,A,A,3,2,2,4,5,1,2,3,4,4,5,3,MANAGEMENT AND PUBLIC POLICY,UNIVERSITY OF SRI JAYEWARDENEPURA,028C,No,Yes
2022,Bio Systems Technology,Bio Resource Technology,A,Agro Technology,B,Bio Systems Technology,A,2.567,1678,Ratnapura,90,A,B,A,A,3,3,2,3,4,3,5,5,4,4,4,4,HOSPITALITY,TOURISM AND EVENTS MANAGEMENT,UVA WELLASSA UNIVERSITY OF SRI LANKA,090U,No
2022,Technology,Information & Communication Technology (ICT),C,Engineering Technology,B,Science for Technology,A,1.567,12345,Galle,72,C,B,A,A,4,1,3,4,3,2,3,4,5,3,4,3,PROJECT MANAGEMENT,UNIVERSITY OF VAVUNIYA,101R,No,Yes
2022,Arts,Film & Television Studies,A,Drama & Theatre (English),B,Visual & Technological Arts,C,2.678,1234,Colombo,90,A,B,C,B,1,1,5,2,3,5,1,3,4,5,3,4,FILM & TELEVISION STUDIES,UNIVERSITY OF KELANIYA,100D,Yes,Yes
2022,Biological Science,Biology,A,Chemistry,C,Physics,B,1.945,6789,Badulla,78,A,C,B,B,4,5,1,3,2,1,5,2,4,3,4,3,NURSING,UNIVERSITY OF RUHUNA,037F,No,Yes
2022,Physical Science,Physics,C,Combined Mathematics,B,Chemistry,C,1.123,16789,Hambantota,69,C,B,C,C,5,2,3,3,2,1,3,4,3,2,3,4,FISHERIES & MARINE SCIENCES,UNIVERSITY OF RUHUNA,062F,No,Yes
2022,Commerce,Accounting,S,Economics,B,Business Studies,C,0.567,26789,Puttalam,56,S,B,C,C,3,2,2,3,5,2,2,3,4,4,5,4,,,,No,
,,,,,,,,,,,,,,,,,,,,,,,,,,,,,,,,
2022,Biological Science,Biology,A,Chemistry,A,Physics,B,2.945,567,Colombo,95,A,A,A,A,4,5,2,3,2,1,5,3,4,4,4,2,MEDICINE,UNIVERSITY OF COLOMBO,001A,No,Yes
2022,Physical Science,Combined Mathematics,A,Physics,A,Chemistry,B,3.012,456,Gampaha,96,A,A,A,A,5,2,4,5,1,1,3,4,5,2,3,3,ENGINEERING,UNIVERSITY OF MORATUWA,008G,No,Yes
2022,Technology,Information & Communication Technology (ICT),B,Science for Technology,A,Engineering Technology,B,1.89,6789,Kalutara,78,B,A,A,B,4,1,3,5,4,2,3,4,5,3,4,4,INFORMATION AND COMMUNICATION TECHNOLOGY (ICT),UNIVERSITY OF VAVUNIYA,038R,No,Yes
2022,Arts,Political Science,A,Geography,B,Economics,C,1.234,16789,Kurunegala,67,A,B,C,B,2,3,2,3,5,4,3,2,4,5,5,5,ARTS,UNIVERSITY OF PERADENIYA,019B,No,Yes
2022,Commerce,Accounting,A,Business Studies,A,Economics,B,2.567,2345,Kandy,88,A,A,B,A,3,2,2,4,5,1,2,3,4,4,5,3,MANAGEMENT,UNIVERSITY OF SRI JAYEWARDENEPURA,016C,No,Yes
2022,Biological Science,Chemistry,S,Biology,C,Physics,F,-0.456,47890,Anuradhapura,39,S,C,F,C,3,4,1,2,2,1,4,2,3,3,3,3,,,,No,
2022,Physical Science,Physics,C,Combined Mathematics,B,Chemistry,S,0.678,24567,Badulla,60,C,B,S,C,5,2,3,3,2,1,3,4,4,2,3,4,,,,No,
2022,Arts,Sinhala Language,A,Buddhism,B,History,A,1.945,5678,Jaffna,80,A,B,A,A,1,2,1,1,3,5,2,1,4,5,3,4,ARTS,UNIVERSITY OF JAFFNA,019E,No,Yes
2022,Technology,Mechanical Technology,A,Civil Technology,B,Electrical Electronic & Information Technology,A,2.012,4567,Ratnapura,82,A,B,A,A,4,2,5,3,3,2,5,5,5,3,4,4,FACILITIES MANAGEMENT,UNIVERSITY OF MORATUWA,056G,No,Yes
2022,Bio Systems Technology,Agro Technology,B,Bio Resource Technology,A,Bio Systems Technology,B,1.678,9876,Hambantota,75,B,A,B,B,3,3,2,3,4,3,5,5,4,4,4,4,BIOSYSTEMS TECHNOLOGY (BST),UNIVERSITY OF RUHUNA,103F,No,Yes
2022,Physical Science,Combined Mathematics,B,Physics,A,Chemistry,C,1.789,7890,Galle,77,B,A,C,B,5,2,4,4,2,1,4,4,4,3,4,3,PHYSICAL SCIENCE,UNIVERSITY OF COLOMBO,013A,No,Yes
2022,Commerce,Economics,F,Business Statistics,S,Accounting,C,-0.678,50123,Polonnaruwa,37,F,S,C,C,2,2,1,3,5,2,2,2,3,4,5,4,,,,No,
2022,Arts,Dancing (Indigenous),A,Oriental Music,B,Drama & Theatre (Sinhala),A,2.678,1234,Colombo,90,A,B,A,A,1,1,5,1,2,5,1,2,3,5,2,4,MUSIC,UNIVERSITY OF SRI JAYEWARDENEPURA,068C,Yes,Yes
2022,Biological Science,Biology,A,Chemistry,B,Agricultural Science,A,2.234,3123,Kegalle,84,A,B,A,A,3,5,1,3,3,2,5,3,4,4,4,3,AGRICULTURE,RAJARATA UNIVERSITY OF SRI LANKA,004K,No,Yes
2022,Physical Science,Physics,A,Combined Mathematics,B,Chemistry,A,2.789,789,Batticaloa,93,A,B,A,A,5,1,4,5,1,1,3,4,5,2,3,2,COMPUTER SCIENCE,UNIVERSITY OF JAFFNA,012E,No,Yes
2022,Arts,Logic & Scientific Method,A,Geography,C,Political Science,B,0.89,19876,Matale,63,A,C,B,C,2,3,2,2,4,4,3,3,4,5,4,5,,,,No,
2022,Technology,Engineering Technology,B,Science for Technology,A,Bio Systems Technology,C,1.945,5678,Trincomalee,79,B,A,C,B,4,2,4,3,3,2,4,5,5,2,3,4,ENGINEERING TECHNOLOGY (ET),SABARAGAMUWA UNIVERSITY OF SRI LANKA,102L,No,Yes
2022,Biological Science,Chemistry,A,Biology,A,Physics,B,2.567,890,Kurunegala,89,A,A,B,A,4,5,1,3,2,1,5,2,4,3,4,2,MEDICINE,UNIVERSITY OF RUHUNA,001F,No,Yes
2022,Commerce,Business Studies,A,Accounting,B,Economics,A,2.123,4231,Puttalam,83,A,B,A,A,3,2,2,4,5,2,3,3,4,4,5,4,MANAGEMENT,UNIVERSITY OF JAFFNA,016E,No,Yes
2022,Arts,Communication & Media Studies,A,History of Modern World,B,Mass Media,C,1.456,13456,Mannar,70,A,B,C,C,2,3,3,2,4,5,3,2,4,5,4,5,ARTS (SP) - MASS MEDIA,SRIPALEE CAMPUS UNIVERSITY OF COLOMBO,020S,Yes,Yes
2022,Physical Science,Combined Mathematics,C,Physics,F,Chemistry,S,-0.234,45678,Moneragala,48,C,F,S,C,4,2,3,3,2,1,3,4,3,2,3,3,,,,No,
2022,Bio Systems Technology,Bio Resource Technology,A,Agro Technology,B,Bio Systems Technology,C,1.345,15678,Nuwara Eliya,69,A,B,C,B,3,3,2,3,4,3,5,5,3,4,4,4,EXPORT AGRICULTURE,UVA WELLASSA UNIVERSITY OF SRI LANKA,073U,No,Yes
2022,Technology,Information & Communication Technology (ICT),A,Engineering Technology,B,Science for Technology,A,2.012,4789,Kalutara,81,A,B,A,A,4,1,3,5,3,2,3,4,5,3,4,3,SOFTWARE ENGINEERING,UNIVERSITY OF KELANIYA,099D,No,Yes
2022,Arts,Carnatic Music,A,Drama & Theatre (Tamil),B,Dance,A,2.789,890,Jaffna,91,A,B,A,A,1,1,5,1,2,5,2,2,3,5,3,4,DANCE,SWAMY VIPULANANDA INSTITUTE OF AESTHETIC STUDIES EASTERN UNIVERSITY SRI LANKA,069Y,Yes,Yes
2022,Biological Science,Biology,B,Chemistry,C,Physics,S,0.678,24567,Ampara,61,B,C,S,C,3,5,1,2,2,1,4,2,3,3,3,3,,,,No,
2022,Physical Science,Physics,A,Chemistry,B,Combined Mathematics,A,2.567,1678,Gampaha,89,A,B,A,A,5,2,4,4,2,1,4,4,4,3,4,3,DESIGN,UNIVERSITY OF MORATUWA,024G,No,Yes
2022,Commerce,Economics,A,Business Statistics,B,Accounting,C,1.678,8901,Colombo,77,A,B,C,B,3,2,2,4,5,1,2,3,4,4,5,3,COMMERCE,UNIVERSITY OF SRI JAYEWARDENEPURA,018C,No,Yes
2022,Arts,Pali,A,Sanskrit,B,Arabic,C,1.123,17890,Vavuniya,66,A,B,C,B,2,2,1,1,3,4,2,1,4,5,3,4,,,,No,
2022,Technology,Mechanical Technology,A,Electrical Electronic & Information Technology,B,Civil Technology,B,1.945,5123,Ratnapura,80,A,B,B,B,4,2,5,3,3,2,4,5,5,3,4,4,LANDSCAPE ARCHITECTURE,UNIVERSITY OF MORATUWA,097G,No,Yes
2022,Biological Science,Chemistry,A,Biology,A,Agricultural Science,B,2.678,890,Kandy,92,A,A,B,A,4,5,1,3,3,2,5,3,4,4,4,3,FOOD SCIENCE & TECHNOLOGY,UNIVERSITY OF PERADENIYA,035B,No,Yes
2022,Physical Science,Combined Mathematics,B,Physics,C,Chemistry,B,1.234,14567,Badulla,68,B,C,B,B,5,2,3,3,2,1,3,4,3,2,3,4,APPLIED SCIENCES (PHYSICAL SC.),WAYAMBA UNIVERSITY OF SRI LANKA,015M,No,Yes
2022,Arts,History of Europe,A,Greek & Roman Civilization,B,Christian Civilization,C,1.567,12345,Galle,72,A,B,C,B,2,3,2,2,4,5,3,2,4,5,4,5,ARTS,EASTERN UNIVERSITY SRI LANKA,019H,No,Yes
2022,Commerce,Economics,S,Business Studies,F,Accounting,C,-0.678,50123,Polonnaruwa,37,S,F,C,C,2,2,1,3,5,2,2,2,3,4,5,4,,,,No,
2022,Bio Systems Technology,Agro Technology,B,Bio Resource Technology,C,Bio Systems Technology,A,1.89,7890,Hambantota,78,B,C,A,B,3,3,2,3,4,3,5,5,4,4,4,4,AQUATIC RESOURCES TECHNOLOGY,UVA WELLASSA UNIVERSITY OF SRI LANKA,088U,No,Yes
2022,Technology,Science for Technology,A,Information & Communication Technology (ICT),B,Engineering Technology,A,2.234,3456,Matara,86,A,B,A,A,4,1,3,5,3,2,3,4,5,3,4,3,COMPUTER SCIENCE & TECHNOLOGY,UVA WELLASSA UNIVERSITY OF SRI LANKA,065U,No,Yes
2022,Arts,Western Music,B,Visual Arts,A,Art & Design,C,2.456,2345,Colombo,87,B,A,C,B,1,1,5,2,2,5,1,2,3,5,2,4,VISUAL ARTS,UNIVERSITY OF THE VISUAL & PERFORMING ARTS,085Z,Yes,Yes
2022,Biological Science,Biology,C,Chemistry,B,Physics,A,1.456,13456,Gampaha,71,C,B,A,B,4,5,1,2,2,1,4,2,3,3,3,3,HEALTH PROMOTION,RAJARATA UNIVERSITY OF SRI LANKA,050K,No,Yes
2022,Physical Science,Physics,A,Combined Mathematics,B,Chemistry,A,2.789,678,Kurunegala,93,A,B,A,A,5,2,4,5,2,1,4,4,4,3,4,3,ENGINEERING (EM),UNIVERSITY OF MORATUWA,009G,No,Yes
2022,Commerce,Business Studies,A,Accounting,B,Economics,C,1.945,5678,Jaffna,80,A,B,C,B,3,2,2,4,5,2,3,3,4,4,5,4,MANAGEMENT,SOUTH EASTERN UNIVERSITY OF SRI LANKA,016J,No,Yes
2022,Arts,Logic & Scientific Method,B,Political Science,A,Geography,C,1.345,14567,Kegalle,70,B,A,C,C,2,3,2,2,4,4,3,3,4,5,4,5,TRANSLATION STUDIES,UNIVERSITY OF KELANIYA,098D,No,Yes
2022,Technology,Electrical Electronic & Information Technology,S,Mechanical Technology,C,Civil Technology,B,0.89,23456,Trincomalee,60,S,C,B,C,4,2,4,3,3,2,4,5,4,3,3,4,,,,No,
2022,Biological Science,Chemistry,B,Biology,A,Physics,C,1.789,8901,Anuradhapura,77,B,A,C,B,4,5,1,3,3,2,5,3,4,4,4,3,PHARMACY,UNIVERSITY OF PERADENIYA,051B,No,Yes
2022,Physical Science,Combined Mathematics,A,Physics,A,Chemistry,B,3.156,189,Colombo,98,A,A,B,A,5,1,4,5,1,1,3,4,4,2,3,2,QUANTITY SURVEYING,UNIVERSITY OF MORATUWA,011G,No,Yes
2022,Arts,Buddhism,F,History,S,Sinhala Language,C,-0.789,51234,Matale,35,F,S,C,C,1,2,1,1,3,5,2,1,4,5,3,4,,,,No,
2022,Commerce,Economics,A,Business Statistics,B,Accounting,A,2.123,4123,Kandy,84,A,B,A,A,3,2,2,4,5,1,2,3,4,4,5,3,MANAGEMENT AND PUBLIC POLICY,UNIVERSITY OF SRI JAYEWARDENEPURA,028C,No,Yes
2022,Bio Systems Technology,Bio Resource Technology,A,Agro Technology,B,Bio Systems Technology,A,2.567,1678,Ratnapura,90,A,B,A,A,3,3,2,3,4,3,5,5,4,4,4,4,"Hospitality, Tourism and Events Management",Uva Wellassa University,090U,No,Yes
2022,Technology,Information & Communication Technology (ICT),C,Engineering Technology,B,Science for Technology,A,1.567,12345,Galle,72,C,B,A,A,4,1,3,4,3,2,3,4,5,3,4,3,PROJECT MANAGEMENT,UNIVERSITY OF VAVUNIYA,101R,No,Yes
2022,Arts,Film & Television Studies,A,Drama & Theatre (English),B,Visual & Technological Arts,C,2.678,1234,Colombo,90,A,B,C,B,1,1,5,2,3,5,1,3,4,5,3,4,FILM & TELEVISION STUDIES,UNIVERSITY OF KELANIYA,100D,Yes,Yes
2022,Biological Science,Biology,A,Chemistry,C,Physics,B,1.945,6789,Badulla,78,A,C,B,B,4,5,1,3,2,1,5,2,4,3,4,3,NURSING,UNIVERSITY OF RUHUNA,037F,No,Yes
2022,Physical Science,Physics,C,Combined Mathematics,B,Chemistry,C,1.123,16789,Hambantota,69,C,B,C,C,5,2,3,3,2,1,3,4,3,2,3,4,FISHERIES & MARINE SCIENCES,UNIVERSITY OF RUHUNA,062F,No,Yes
2022,Commerce,Accounting,S,Economics,B,Business Studies,C,0.567,26789,Puttalam,56,S,B,C,C,3,2,2,3,5,2,2,3,4,4,5,4,,,,No,
,,,,,,,,,,,,,,,,,,,,,,,,,,,,,,,,
2024,Arts,Dancing (Bharatha),A,Drama & Theatre (Sinhala),A,Art,A,1.923,412,Colombo,88,B,A,B,B,1,1,5,1,2,5,3,4,5,5,2,5,Dance,University of the Visual & Performing Arts,069Z,Yes,Yes
2024,Physical Science,Physics,A,Chemistry,A,Combined Mathematics,B,2.512,34,Gampaha,92,A,A,A,A,5,1,4,5,1,1,2,5,5,1,4,5,Computer Science,University of Kelaniya,022D,No,Yes
2024,Biological Science,Biology,A,Chemistry,A,Physics,C,2.378,156,Kandy,79,A,B,A,B,4,5,1,3,1,1,4,2,4,1,3,3,Pharmacy,University of Ruhuna,051F,No,Yes
2024,Arts,Music (Oriental),A,Drama & Theatre (Sinhala),B,Dancing (Indigenous),A,1.856,567,Kurunegala,85,C,B,C,B,1,1,5,1,3,5,4,4,5,5,1,5,Music,University of the Visual & Performing Arts,068Z,Yes,Yes
2024,Commerce,Economics,B,Business Studies,A,Accounting,A,2.178,312,Matara,76,A,A,B,A,1,1,3,5,5,2,1,4,5,4,5,4,Information Systems,Sabaragamuwa University,096L,No,Yes
2024,Technology,Engineering Technology,A,Science for Technology,A,ICT,A,2.189,489,Badulla,81,A,A,A,A,5,1,4,5,2,1,3,5,5,1,4,5,Engineering Technology,Rajarata University,058K,No,Yes
2024,Arts,Art,A,Drama & Theatre (English),A,English,B,1.912,378,Colombo,90,B,A,B,A,2,2,5,3,4,5,2,3,5,5,3,5,Film & Television Studies,University of Kelaniya,100D,Yes,Yes
2024,Physical Science,Physics,A,Chemistry,B,Combined Mathematics,A,2.456,89,Kalutara,87,A,A,A,A,5,1,5,4,1,1,1,5,5,1,5,4,Quantity Surveying,University of Moratuwa,011G,No,Yes
2024,Biological Science,Biology,A,Chemistry,A,Physics,A,2.667,12,Jaffna,95,A,A,A,A,5,5,1,4,1,1,4,2,5,1,2,4,Medicine,University of Jaffna,001E,No,Yes
2024,Arts,Political Science,A,Sinhala,A,Logic & Scientific Method,B,1.789,789,Galle,72,B,B,C,B,1,1,1,2,4,4,1,1,2,5,2,4,Law,University of Peradeniya,025B,No,Yes
2024,Commerce,Economics,A,Accounting,B,Business Studies,A,2.156,512,Ratnapura,74,A,A,B,A,1,1,2,5,5,2,1,4,5,4,5,4,Entrepreneurship and Management,Uva Wellassa University,090U,No,No
2024,Technology,Bio Systems Technology,A,Science for Technology,B,ICT,A,2.112,678,Anuradhapura,69,A,B,A,B,4,3,3,4,3,2,5,5,4,3,5,5,Aquatic Resources Technology,Uva Wellassa University,076U,No,No
2024,Arts,Visual Arts,A,Art,A,Drama & Theatre (Sinhala),B,1.867,645,Colombo,93,C,A,B,A,1,1,5,1,2,5,4,5,5,5,1,5,Visual Arts,University of the Visual & Performing Arts,085Z,Yes,Yes
2024,Physical Science,Physics,B,Chemistry,A,Combined Mathematics,A,2.389,156,Gampaha,84,A,A,A,A,5,1,4,5,2,1,1,5,4,1,4,5,Architecture,University of Moratuwa,023G,Yes,Yes
2024,Biological Science,Biology,A,Chemistry,B,Physics,A,2.456,234,Kandy,77,A,B,A,B,4,5,1,4,1,1,3,2,4,1,3,3,Medical Laboratory Sciences,University of Peradeniya,052B,No,Yes
2024,Arts,Sports Science & Management related subjects,A,Physical Education,A,History,B,1.834,912,Sabaragamuwa,80,B,C,B,C,3,2,4,2,3,3,5,5,4,5,5,5,Sports Science & Management,Sabaragamuwa University,082L,Yes,Yes
2024,Commerce,Economics,C,Business Studies,A,Accounting,A,2.089,834,Colombo,68,A,B,A,B,1,1,3,5,5,1,1,4,5,5,5,3,Tourism & Hospitality Management,Rajarata University,102K,No,No
2024,Technology,ICT,A,Engineering Technology,A,Science for Technology,B,2.178,567,Puttalam,73,A,A,B,A,3,1,4,5,4,1,2,5,5,2,4,5,Information Technology & Management,University of Moratuwa,091G,No,Yes
2024,Arts,Music (Carnatic),A,Dancing (Bharatha),B,Art,A,1.801,1024,Batticaloa,87,C,B,C,B,1,1,5,1,3,5,4,4,5,5,1,5,Music,Swamy Vipulananda Institute,068Y,Yes,Yes
2024,Physical Science,Physics,A,Chemistry,A,Combined Mathematics,A,2.667,5,Colombo,96,A,A,A,A,5,1,5,5,1,1,1,5,5,1,5,4,Engineering,University of Peradeniya,013B,No,Yes
2024,Biological Science,Biology,B,Chemistry,A,Physics,A,2.412,312,Matara,75,A,A,B,A,4,5,1,4,1,1,3,2,4,1,3,3,Nursing,University of Sri Jayewardenepura,037C,No,No
2024,Arts,Drama & Theatre (Tamil),A,Art,A,Tamil,A,1.856,756,Jaffna,91,B,A,B,A,1,1,5,1,2,5,4,4,5,5,1,5,Drama & Theatre,Swamy Vipulananda Institute,071Y,Yes,Yes
2024,Commerce,Economics,A,Business Studies,A,Accounting,C,2.189,645,Kegalle,70,A,A,B,A,1,1,2,5,5,2,1,4,5,4,5,4,Financial Engineering,University of Kelaniya,110D,No,No
2024,Technology,Bio Systems Technology,A,ICT,A,Science for Technology,A,2.234,412,Monaragala,78,A,A,A,A,4,3,3,4,3,2,5,5,4,3,5,5,Food Science & Technology,Sabaragamuwa University,021L,No,Yes
2024,Physical Science,Physics,A,Chemistry,A,Combined Mathematics,A,2.612,8,Colombo,94,A,A,A,A,5,1,5,5,1,1,1,5,5,1,5,4,Computer Science,UCSC,096T,No,Yes
2024,Biological Science,Biology,A,Chemistry,A,Physics,A,2.534,67,Peradeniya,89,A,A,A,A,5,5,1,5,1,1,4,2,5,1,2,4,Medicine,University of Peradeniya,001B,No,Yes
2024,Arts,Physical Education,A,Biology (for context),B,English,B,1.789,1123,Sabaragamuwa,76,C,C,B,C,3,2,4,2,3,3,5,5,4,5,5,5,Physical Education,Sabaragamuwa University,081L,Yes,Yes
2024,Commerce,Economics,B,Accounting,A,Business Studies,A,2.156,834,Polonnaruwa,65,A,B,A,B,1,1,3,5,5,1,1,4,5,5,5,3,Data Science,University of Sri Jayewardenepura,136C,No,No
2024,Technology,Engineering Technology,B,Science for Technology,A,ICT,A,2.189,756,Hambantota,71,A,A,B,A,5,1,4,5,2,1,3,5,5,1,4,5,Software Engineering,Sabaragamuwa University,060L,No,Yes
2024,Physical Science,Physics,C,Chemistry,A,Combined Mathematics,A,2.267,945,Trincomalee,62,A,B,A,B,5,1,4,5,2,1,1,5,4,1,4,5,Information Systems,University of Colombo,096C,No,No
2024,Biological Science,Biology,A,Chemistry,A,Physics,B,2.489,189,Kandy,82,A,A,A,A,4,5,1,4,1,1,3,2,4,1,3,3,Dental Surgery,University of Peradeniya,003B,No,Yes
2024,Arts,Art,A,Music (Western),B,English,A,1.834,1024,Colombo,89,B,A,B,A,2,2,5,3,4,5,2,3,5,5,3,5,Visual & Technological Arts,Swamy Vipulananda Institute,072Y,Yes,Yes
2024,Commerce,Economics,A,Business Studies,C,Accounting,A,2.112,1123,Gampaha,67,A,A,B,A,1,1,2,5,5,2,1,4,5,4,5,4,Human Resource Development,University of Kelaniya,118D,No,No
2024,Technology,Bio Systems Technology,A,Science for Technology,A,ICT,B,2.178,945,Nuwara Eliya,69,A,B,A,B,4,3,3,4,3,2,5,5,4,3,5,5,Biotechnology,Sabaragamuwa University,021L,No,Yes
2024,Physical Science,Physics,A,Chemistry,A,Combined Mathematics,A,2.678,3,Colombo,97,A,A,A,A,5,1,5,5,1,1,1,5,5,1,5,4,Engineering,University of Moratuwa,008G,No,Yes
2024,Biological Science,Biology,A,Chemistry,A,Physics,A,2.545,56,Jaffna,91,A,A,A,A,5,5,1,4,1,1,4,2,5,1,2,4,Medicine,University of Jaffna,001E,Yes,Yes
2024,Arts,Performing Arts related,A,Drama & Theatre (Sinhala),A,Art,B,1.801,1345,Colombo,84,C,B,C,B,1,1,5,1,2,5,4,5,5,5,1,5,Arts (SP) - Performing Arts,Sripalee Campus,041S,Yes,Yes
2024,Commerce,Economics,A,Accounting,A,Business Studies,B,2.234,567,Kalutara,73,A,A,A,A,1,1,1,5,5,1,1,4,5,5,5,4,Finance,University of Sri Jayewardenepura,027C,No,Yes
2024,Technology,ICT,A,Engineering Technology,A,Science for Technology,A,2.245,412,Ampara,79,A,A,A,A,3,1,4,5,4,1,2,5,5,2,4,5,Artificial Intelligence,University of Moratuwa,117G,Yes,Yes
2024,Physical Science,Physics,A,Chemistry,B,Combined Mathematics,A,2.489,112,Colombo,88,A,A,A,A,5,1,5,4,1,1,1,5,5,1,5,4,Design,University of Moratuwa,024G,Yes,Yes
2024,Biological Science,Biology,A,Chemistry,A,Physics,A,2.667,8,Peradeniya,94,A,A,A,A,5,5,1,5,1,1,4,2,5,1,2,4,Medicine,University of Peradeniya,001B,No,Yes
2024,Arts,Mass Media related,A,Communication & Media Studies,A,Sinhala,B,1.789,1567,Colombo,81,B,B,C,B,2,2,4,4,5,5,2,2,4,5,3,5,Arts (SP) - Mass Media,Sripalee Campus,020S,Yes,Yes
2024,Commerce,Economics,B,Business Studies,A,Accounting,A,2.189,834,Gampaha,70,A,A,B,A,1,1,3,5,5,1,1,4,5,5,5,3,Tourism & Hospitality Management,Uva Wellassa University,102U,No,No
2024,Technology,Bio Systems Technology,A,Science for Technology,A,ICT,A,2.267,345,Matara,77,A,A,A,A,4,3,3,4,3,2,5,5,4,3,5,5,Food Production & Technology Management,Rajarata University,092K,No,Yes
2024,Physical Science,Physics,B,Chemistry,A,Combined Mathematics,A,2.412,234,Colombo,85,A,A,A,A,5,1,4,5,2,1,1,5,4,1,4,5,Fashion Design & Product Development,University of Moratuwa,034G,Yes,Yes
2024,Biological Science,Biology,A,Chemistry,A,Physics,B,2.512,156,Kandy,80,A,A,A,A,4,5,1,4,1,1,3,2,4,1,3,3,Radiography,University of Peradeniya,053B,No,Yes
2024,Arts,Physical Education,A,History,B,Political Science,C,1.756,1890,Sabaragamuwa,74,C,C,B,C,3,2,4,2,3,3,5,5,4,5,5,5,Physical Education,University of Jaffna,081E,Yes,Yes
2024,Commerce,Economics,A,Business Studies,B,Accounting,A,2.178,945,Colombo,69,A,A,B,A,1,1,2,5,5,2,1,4,5,4,5,4,Real Estate Management and Valuation,University of Sri Jayewardenepura,028C,No,No
2024,Technology,Engineering Technology,A,ICT,A,Science for Technology,B,2.223,678,Puttalam,72,A,A,B,A,5,1,4,5,2,1,3,5,5,1,4,5,Transport & Logistics Management,University of Moratuwa,030G,No,Yes
2024,Physical Science,Physics,A,Chemistry,A,Combined Mathematics,A,2.534,45,Gampaha,90,A,A,A,A,5,1,5,5,1,1,1,5,5,1,5,4,Landscape Architecture,University of Moratuwa,097G,Yes,Yes
,,,,,,,,,,,,,,,,,,,,,,,,,,,,,,,,
,,,,,,,,,,,,,,,,,,,,,,,,,,,,,,,,
2024,Biological Science,Biology,A,Chemistry,B,Physics,A,2.456,312,Ratnapura,76,A,B,A,B,4,5,1,4,1,1,3,2,4,1,3,3,Ayurveda Medicine and Surgery,Gampaha Wickramarachchi University,120P,No,No
2024,Arts,Sinhala,A,Art,A,Drama & Theatre (Sinhala),B,1.823,1345,Colombo,86,B,A,C,B,1,1,5,1,2,5,4,5,5,5,1,5,Arts (SP) - Performing Arts,Sripalee Campus,041S,Yes,Yes
2024,Arts,Art,A,Music (Western),A,Drama & Theatre (Sinhala),B,1.867,1456,Colombo,89,B,A,B,A,1,1,5,1,2,5,4,5,5,5,1,5,Music,University of the Visual & Performing Arts,068Z,Yes,Yes
2024,Physical Science,Physics,A,Chemistry,A,Combined Mathematics,A,2.701,23,Gampaha,97,A,A,A,A,5,1,5,5,1,1,1,5,5,1,5,4,Engineering,University of Moratuwa,008G,No,Yes
2024,Biological Science,Biology,A,Chemistry,A,Physics,A,2.612,156,Kandy,93,A,A,A,A,5,5,1,5,1,1,4,2,5,1,2,4,Medicine,University of Peradeniya,001B,No,Yes
2024,Arts,Drama & Theatre (Sinhala),A,Art,A,Sinhala,B,1.834,1890,Matara,87,C,B,C,B,1,1,5,1,2,5,4,5,5,5,1,5,Arts (SP) - Performing Arts,Sripalee Campus,041S,Yes,Yes
2024,Commerce,Economics,C,Business Studies,C,Accounting,F,0.234,28934,Badulla,42,C,F,S,C,1,1,2,5,5,2,1,4,5,4,5,4,,,,,No
2024,Technology,Engineering Technology,B,Science for Technology,C,ICT,S,0.678,15678,Kurunegala,51,B,C,B,S,5,1,4,5,2,1,3,5,5,1,4,5,,,,,No
2024,Arts,Visual Arts,A,Art,B,Music (Carnatic),A,1.812,2345,Jaffna,88,B,A,C,B,1,1,5,1,3,5,4,4,5,5,1,5,Visual & Technological Arts,Swamy Vipulananda Institute,072Y,Yes,Yes
2024,Physical Science,Physics,F,Chemistry,C,Combined Mathematics,C,-0.456,45678,Colombo,38,S,F,C,F,5,1,4,5,2,1,1,5,4,1,4,5,,,,,No
2024,Biological Science,Biology,C,Chemistry,B,Physics,F,-0.123,38901,Anuradhapura,45,C,B,S,C,4,5,1,4,1,1,3,2,4,1,3,3,,,,,No
2024,Arts,Physical Education,A,History,B,Political Science,C,1.789,3123,Sabaragamuwa,72,C,C,B,C,3,2,4,2,3,3,5,5,4,5,5,5,Sports Science & Management,University of Kelaniya,082D,Yes,Yes
2024,Commerce,Economics,F,Business Studies,C,Accounting,B,0.189,34567,Galle,39,F,C,S,B,1,1,3,5,5,1,1,4,5,5,5,3,,,,,No
2024,Technology,Bio Systems Technology,C,Science for Technology,F,ICT,B,0.567,26789,Monaragala,48,B,S,C,F,4,3,3,4,3,2,5,5,4,3,5,5,,,,,No
2024,Physical Science,Physics,A,Chemistry,A,Combined Mathematics,A,2.667,89,Colombo,95,A,A,A,A,5,1,5,5,1,1,1,5,5,1,5,4,Computer Science,UCSC,096T,No,Yes
2024,Biological Science,Biology,A,Chemistry,A,Physics,A,2.612,234,Jaffna,94,A,A,A,A,5,5,1,4,1,1,4,2,5,1,2,4,Medicine,University of Jaffna,001E,No,Yes
2024,Arts,Art,A,Dancing (Bharatha),B,Music (Oriental),A,1.856,1789,Colombo,90,B,A,C,B,1,1,5,1,3,5,4,4,5,5,1,5,Dance,University of the Visual & Performing Arts,069Z,Yes,Yes
2024,Commerce,Economics,B,Accounting,A,Business Studies,A,2.234,2345,Kegalle,71,A,B,A,B,1,1,3,5,5,1,1,4,5,5,5,3,Financial Engineering,University of Kelaniya,110D,No,No
2024,Technology,Engineering Technology,A,ICT,A,Science for Technology,B,2.267,1890,Puttalam,79,A,A,B,A,5,1,4,5,2,1,3,5,5,1,4,5,Software Engineering,Sabaragamuwa University,099L,No,Yes
2024,Physical Science,Physics,A,Chemistry,A,Combined Mathematics,A,2.678,67,Gampaha,96,A,A,A,A,5,1,5,5,1,1,1,5,5,1,5,4,Architecture,University of Moratuwa,023G,Yes,Yes
2024,Biological Science,Biology,A,Chemistry,A,Physics,A,2.567,456,Peradeniya,91,A,A,A,A,5,5,1,5,1,1,4,2,5,1,2,4,Medicine,University of Peradeniya,001B,No,Yes
2024,Arts,Drama & Theatre (Tamil),A,Art,A,Dancing (Indigenous),B,1.801,2890,Jaffna,87,B,A,C,B,1,1,5,1,2,5,4,4,5,5,1,5,Drama & Theatre,Swamy Vipulananda Institute,071Y,Yes,Yes
2024,Commerce,Economics,C,Business Studies,F,Accounting,C,-0.234,47890,Polonnaruwa,35,F,S,C,F,1,1,2,5,5,2,1,4,5,4,5,4,,,,,No
2024,Technology,Bio Systems Technology,A,Science for Technology,A,ICT,A,2.289,1567,Matara,82,A,A,A,A,4,3,3,4,3,2,5,5,4,3,5,5,Biotechnology,Sabaragamuwa University,021L,No,Yes
2024,Physical Science,Physics,A,Chemistry,B,Combined Mathematics,A,2.512,1123,Colombo,92,A,A,A,A,5,1,5,4,1,1,1,5,5,1,5,4,Fashion Design & Product Development,University of Moratuwa,034G,Yes,Yes
2024,Biological Science,Biology,A,Chemistry,A,Physics,B,2.534,1345,Kandy,84,A,A,A,A,4,5,1,4,1,1,3,2,4,1,3,3,Pharmacy,University of Ruhuna,051F,No,Yes
2024,Arts,Physical Education,A,History,C,Political Science,B,1.789,3123,Sabaragamuwa,73,C,C,B,C,3,2,4,2,3,3,5,5,4,5,5,5,Physical Education,University of Jaffna,081E,Yes,Yes
2024,Commerce,Economics,F,Business Studies,C,Accounting,B,0.156,38901,Colombo,40,C,F,S,C,1,1,2,5,5,2,1,4,5,4,5,4,,,,,No
2024,Technology,Engineering Technology,C,ICT,B,Science for Technology,F,0.789,23456,Puttalam,49,B,C,S,F,5,1,4,5,2,1,3,5,5,1,4,5,,,,,No
2024,Physical Science,Physics,B,Chemistry,A,Combined Mathematics,A,2.489,1678,Gampaha,90,A,A,A,A,5,1,4,5,2,1,1,5,4,1,4,5,Quantity Surveying,University of Moratuwa,011G,No,Yes
2024,Biological Science,Biology,A,Chemistry,A,Physics,A,2.678,112,Jaffna,95,A,A,A,A,5,5,1,4,1,1,4,2,5,1,2,4,Medicine,University of Jaffna,001E,No,Yes
2024,Arts,Drama & Theatre (Sinhala),A,Art,B,Sinhala,A,1.834,2789,Colombo,88,C,B,C,B,1,1,5,1,2,5,4,5,5,5,1,5,Arts (SP) - Performing Arts,Sripalee Campus,041S,Yes,Yes
2024,Commerce,Economics,B,Business Studies,A,Accounting,A,2.234,2345,Galle,72,A,B,A,B,1,1,3,5,5,1,1,4,5,5,5,3,Tourism & Hospitality Management,Rajarata University,102K,No,No
2024,Technology,Bio Systems Technology,A,Science for Technology,A,ICT,A,2.278,1890,Monaragala,80,A,A,A,A,4,3,3,4,3,2,5,5,4,3,5,5,Food Production & Technology Management,Rajarata University,092K,No,Yes
2024,Physical Science,Physics,A,Chemistry,A,Combined Mathematics,A,2.667,156,Colombo,94,A,A,A,A,5,1,5,5,1,1,1,5,5,1,5,4,Computer Science,University of Kelaniya,012D,No,Yes
2024,Biological Science,Biology,A,Chemistry,A,Physics,A,2.612,234,Peradeniya,92,A,A,A,A,5,5,1,5,1,1,4,2,5,1,2,4,Medicine,University of Peradeniya,001B,No,Yes
2024,Arts,Music (Western),A,Art,A,Drama & Theatre (English),B,1.812,3123,Colombo,87,B,A,B,A,2,2,5,3,4,5,2,3,5,5,3,5,Film & Television Studies,University of Kelaniya,100D,Yes,Yes
2024,Commerce,Economics,A,Business Studies,A,Accounting,B,2.267,1890,Colombo,75,A,A,B,A,1,1,2,5,5,2,1,4,5,4,5,4,Real Estate Management and Valuation,University of Sri Jayewardenepura,017C,No,No
2024,Technology,Bio Systems Technology,A,Science for Technology,A,ICT,B,2.256,2345,Matara,78,A,B,A,B,4,3,3,4,3,2,5,5,4,3,5,5,Biotechnology,Sabaragamuwa University,021L,No,Yes
2024,Physical Science,Physics,A,Chemistry,B,Combined Mathematics,A,2.512,1345,Colombo,91,A,A,A,A,5,1,5,4,1,1,1,5,5,1,5,4,Fashion Design & Product Development,University of Moratuwa,034G,Yes,Yes
2024,Biological Science,Biology,A,Chemistry,A,Physics,B,2.534,1567,Kandy,83,A,A,A,A,4,5,1,4,1,1,3,2,4,1,3,3,Pharmacy,University of Ruhuna,051F,No,Yes
2024,Arts,Physical Education,A,History,B,Political Science,C,1.789,3456,Sabaragamuwa,71,C,C,B,C,3,2,4,2,3,3,5,5,4,5,5,5,Sports Science & Management,Sabaragamuwa University,082L,Yes,Yes
2024,Commerce,Economics,F,Business Studies,C,Accounting,C,-0.345,48901,Colombo,36,F,S,C,F,1,1,2,5,5,2,1,4,5,4,5,4,,,,,No
2024,Technology,Engineering Technology,C,ICT,F,Science for Technology,B,0.456,37890,Puttalam,47,C,F,B,S,5,1,4,5,2,1,3,5,5,1,4,5,,,,,No
2024,Physical Science,Physics,B,Chemistry,A,Combined Mathematics,A,2.489,1890,Gampaha,89,A,A,A,A,5,1,4,5,2,1,1,5,4,1,4,5,Quantity Surveying,University of Moratuwa,011G,No,Yes
2024,Biological Science,Biology,A,Chemistry,A,Physics,A,2.678,134,Jaffna,95,A,A,A,A,5,5,1,4,1,1,4,2,5,1,2,4,Medicine,University of Jaffna,001E,No,Yes
2024,Arts,Drama & Theatre (Sinhala),A,Art,B,Sinhala,A,1.834,2678,Colombo,88,C,B,C,B,1,1,5,1,2,5,4,5,5,5,1,5,Arts (SP) - Performing Arts,Sripalee Campus,041S,Yes,Yes
2024,Commerce,Economics,B,Business Studies,A,Accounting,A,2.234,2345,Galle,73,A,B,A,B,1,1,3,5,5,1,1,4,5,5,5,3,,,,,No
2024,Technology,Bio Systems Technology,A,Science for Technology,A,ICT,A,2.289,1890,Monaragala,81,A,A,A,A,4,3,3,4,3,2,5,5,4,3,5,5,Food Production & Technology Management,Rajarata University,092K,No,Yes
,,,,,,,,,,,,,,,,,,,,,,,,,,,,,,,,
,,,,,,,,,,,,,,,,,,,,,,,,,,,,,,,,
2024,Physical Science,Physics,A,Chemistry,A,Combined Mathematics,A,2.667,178,Colombo,94,A,A,A,A,5,1,5,5,1,1,1,5,5,1,5,4,Computer Science,UCSC,096T,No,Yes
2024,Biological Science,Biology,A,Chemistry,A,Physics,A,2.612,234,Peradeniya,92,A,A,A,A,5,5,1,5,1,1,4,2,5,1,2,4,Medicine,University of Peradeniya,001B,No,Yes
2024,Arts,Music (Western),A,Art,A,Drama & Theatre (English),B,1.812,3123,Colombo,87,B,A,B,A,2,2,5,3,4,5,2,3,5,5,3,5,Film & Television Studies,University of Kelaniya,100D,Yes,Yes
2024,Arts,Art,A,Drama & Theatre (Sinhala),A,Music (Western),B,1.878,1345,Colombo,92,B,A,B,A,1,1,5,1,2,5,4,5,5,5,1,5,Drama & Theatre,University of the Visual & Performing Arts,071Z,Yes,Yes
2024,Physical Science,Physics,A,Chemistry,A,Combined Mathematics,A,2.701,12,Gampaha,98,A,A,A,A,5,1,5,5,1,1,1,5,5,1,5,4,Engineering,University of Moratuwa,008G,No,Yes
2024,Biological Science,Biology,A,Chemistry,A,Physics,A,2.689,34,Kandy,95,A,A,A,A,5,5,1,5,1,1,4,2,5,1,2,4,Medicine,University of Peradeniya,001B,No,Yes
2024,Arts,Physical Education,A,History,B,Political Science,C,1.756,3789,Sabaragamuwa,70,C,C,B,C,3,2,4,2,3,3,5,5,4,5,5,5,Sports Science & Management,University of Sri Jayewardenepura,082C,Yes,Yes
2024,Commerce,Economics,C,Business Studies,F,Accounting,C,-0.567,48901,Matara,38,F,S,C,F,1,1,2,5,5,2,1,4,5,4,5,4,,,,,No
2024,Technology,Engineering Technology,C,Science for Technology,F,ICT,C,0.123,41234,Badulla,45,C,F,S,B,5,1,4,5,2,1,3,5,5,1,4,5,,,,,No
2024,Arts,Visual Arts,A,Art,A,Music (Carnatic),B,1.834,1890,Jaffna,90,B,A,C,B,1,1,5,1,3,5,4,4,5,5,1,5,Visual & Technological Arts,Swamy Vipulananda Institute,072Y,Yes,Yes
2024,Physical Science,Physics,A,Chemistry,A,Combined Mathematics,A,2.678,56,Colombo,96,A,A,A,A,5,1,5,5,1,1,1,5,5,1,5,4,Computer Science,UCSC,096T,No,Yes
2024,Biological Science,Biology,A,Chemistry,A,Physics,A,2.667,89,Jaffna,94,A,A,A,A,5,5,1,4,1,1,4,2,5,1,2,4,Medicine,University of Jaffna,001E,No,Yes
2024,Arts,Drama & Theatre (Tamil),A,Art,A,Dancing (Indigenous),B,1.801,2345,Batticaloa,88,B,A,C,B,1,1,5,1,2,5,4,4,5,5,1,5,Drama & Theatre,Swamy Vipulananda Institute,071Y,Yes,Yes
2024,Commerce,Economics,F,Business Studies,C,Accounting,B,-0.234,45678,Galle,41,S,F,C,S,1,1,3,5,5,1,1,4,5,5,5,3,,,,,No
2024,Technology,Bio Systems Technology,B,Science for Technology,C,ICT,F,0.456,38901,Monaragala,49,B,C,S,F,4,3,3,4,3,2,5,5,4,3,5,5,,,,,No
2024,Physical Science,Physics,A,Chemistry,A,Combined Mathematics,A,2.689,45,Colombo,97,A,A,A,A,5,1,5,5,1,1,1,5,5,1,5,4,Architecture,University of Moratuwa,023G,Yes,Yes
2024,Biological Science,Biology,A,Chemistry,A,Physics,A,2.612,156,Peradeniya,93,A,A,A,A,5,5,1,5,1,1,4,2,5,1,2,4,Medicine,University of Peradeniya,001B,No,Yes
2024,Arts,Art,A,Music (Oriental),B,Dancing (Bharatha),A,1.856,1678,Colombo,91,B,A,C,B,1,1,5,1,3,5,4,4,5,5,1,5,Music,University of the Visual & Performing Arts,068Z,Yes,Yes
2024,Commerce,Economics,B,Accounting,A,Business Studies,A,2.234,2345,Kegalle,73,A,B,A,B,1,1,3,5,5,1,1,4,5,5,5,3,Tourism & Hospitality Management,Rajarata University,102K,No,No
2024,Technology,Engineering Technology,A,ICT,A,Science for Technology,B,2.278,1890,Puttalam,80,A,A,B,A,5,1,4,5,2,1,3,5,5,1,4,5,Software Engineering,University of Kelaniya,099D,No,Yes
2024,Physical Science,Physics,A,Chemistry,A,Combined Mathematics,A,2.667,78,Gampaha,95,A,A,A,A,5,1,5,5,1,1,1,5,5,1,5,4,Landscape Architecture,University of Moratuwa,097G,Yes,Yes
2024,Biological Science,Biology,A,Chemistry,A,Physics,A,2.612,234,Jaffna,94,A,A,A,A,5,5,1,4,1,1,4,2,5,1,2,4,Medicine,University of Jaffna,001E,No,Yes
2024,Arts,Physical Education,A,History,C,Political Science,B,1.789,3123,Sabaragamuwa,72,C,C,B,C,3,2,4,2,3,3,5,5,4,5,5,5,Physical Education,University of Jaffna,081E,Yes,Yes
2024,Commerce,Economics,C,Business Studies,F,Accounting,C,-0.678,47890,Polonnaruwa,37,F,S,C,F,1,1,2,5,5,2,1,4,5,4,5,4,,,,,No
2024,Technology,Bio Systems Technology,A,Science for Technology,A,ICT,A,2.289,1567,Matara,81,A,A,A,A,4,3,3,4,3,2,5,5,4,3,5,5,Biotechnology,Sabaragamuwa University,021L,No,Yes
2024,Physical Science,Physics,A,Chemistry,B,Combined Mathematics,A,2.534,1123,Colombo,92,A,A,A,A,5,1,5,4,1,1,1,5,5,1,5,4,Fashion Design & Product Development,University of Moratuwa,034G,Yes,Yes
2024,Biological Science,Biology,A,Chemistry,A,Physics,B,2.567,1345,Kandy,84,A,A,A,A,4,5,1,4,1,1,3,2,4,1,3,3,Pharmacy,University of Ruhuna,051F,No,Yes
2024,Arts,Art,A,Dancing (Bharatha),B,Music (Western),A,1.834,2789,Colombo,90,B,A,C,B,1,1,5,1,3,5,4,4,5,5,1,5,Dance,University of the Visual & Performing Arts,069Z,Yes,Yes
2024,Commerce,Economics,F,Business Studies,C,Accounting,B,-0.345,44567,Colombo,39,C,F,S,C,1,1,2,5,5,2,1,4,5,4,5,4,,,,,No
2024,Technology,Engineering Technology,C,ICT,F,Science for Technology,B,0.567,36789,Puttalam,48,C,F,B,S,5,1,4,5,2,1,3,5,5,1,4,5,,,,,No
2024,Physical Science,Physics,B,Chemistry,A,Combined Mathematics,A,2.512,1678,Gampaha,90,A,A,A,A,5,1,4,5,2,1,1,5,4,1,4,5,Quantity Surveying,University of Moratuwa,011G,No,Yes
2024,Biological Science,Biology,A,Chemistry,A,Physics,A,2.701,45,Jaffna,96,A,A,A,A,5,5,1,4,1,1,4,2,5,1,2,4,Medicine,University of Jaffna,001E,No,Yes
2024,Arts,Drama & Theatre (Sinhala),A,Art,B,Sinhala,A,1.856,2345,Colombo,89,C,B,C,B,1,1,5,1,2,5,4,5,5,5,1,5,Arts (SP) - Performing Arts,Sripalee Campus,041S,Yes,Yes
2024,Commerce,Economics,B,Business Studies,A,Accounting,A,2.245,1890,Galle,74,A,B,A,B,1,1,3,5,5,1,1,4,5,5,5,3,,,,,No
2024,Technology,Bio Systems Technology,A,Science for Technology,A,ICT,A,2.301,1345,Monaragala,82,A,A,A,A,4,3,3,4,3,2,5,5,4,3,5,5,Food Production & Technology Management,Rajarata University,092K,No,Yes
2024,Physical Science,Physics,A,Chemistry,A,Combined Mathematics,A,2.689,89,Colombo,95,A,A,A,A,5,1,5,5,1,1,1,5,5,1,5,4,Computer Science,University of Kelaniya,012D,No,Yes
2024,Biological Science,Biology,A,Chemistry,A,Physics,A,2.678,156,Peradeniya,93,A,A,A,A,5,5,1,5,1,1,4,2,5,1,2,4,Medicine,University of Peradeniya,001B,No,Yes
2024,Arts,Music (Western),A,Art,A,Drama & Theatre (English),B,1.834,2890,Colombo,88,B,A,B,A,2,2,5,3,4,5,2,3,5,5,3,5,Film & Television Studies,University of Kelaniya,100D,Yes,Yes
2024,Commerce,Economics,A,Business Studies,A,Accounting,B,2.278,1678,Colombo,76,A,A,B,A,1,1,2,5,5,2,1,4,5,4,5,4,Real Estate Management and Valuation,University of Sri Jayewardenepura,017C,No,No
2024,Technology,Bio Systems Technology,A,Science for Technology,A,ICT,B,2.267,2345,Matara,79,A,B,A,B,4,3,3,4,3,2,5,5,4,3,5,5,Biotechnology,Sabaragamuwa University,021L,No,Yes
2024,Physical Science,Physics,A,Chemistry,B,Combined Mathematics,A,2.567,1123,Colombo,91,A,A,A,A,5,1,5,4,1,1,1,5,5,1,5,4,Fashion Design & Product Development,University of Moratuwa,034G,Yes,Yes
2024,Biological Science,Biology,A,Chemistry,A,Physics,B,2.612,1345,Kandy,85,A,A,A,A,4,5,1,4,1,1,3,2,4,1,3,3,Pharmacy,University of Ruhuna,051F,No,Yes
2024,Arts,Physical Education,A,History,B,Political Science,C,1.801,3123,Sabaragamuwa,73,C,C,B,C,3,2,4,2,3,3,5,5,4,5,5,5,Sports Science & Management,Sabaragamuwa University,082L,Yes,Yes
2024,Commerce,Economics,F,Business Studies,C,Accounting,C,-0.789,48901,Colombo,35,F,S,C,F,1,1,2,5,5,2,1,4,5,4,5,4,,,,,No
2024,Technology,Engineering Technology,C,ICT,F,Science for Technology,B,0.345,41234,Puttalam,46,C,F,B,S,5,1,4,5,2,1,3,5,5,1,4,5,,,,,No
2024,Physical Science,Physics,B,Chemistry,A,Combined Mathematics,A,2.534,1567,Gampaha,90,A,A,A,A,5,1,4,5,2,1,1,5,4,1,4,5,Quantity Surveying,University of Moratuwa,011G,No,Yes
2024,Biological Science,Biology,A,Chemistry,A,Physics,A,2.701,67,Jaffna,95,A,A,A,A,5,5,1,4,1,1,4,2,5,1,2,4,Medicine,University of Jaffna,001E,No,Yes
2024,Arts,Drama & Theatre (Sinhala),A,Art,B,Sinhala,A,1.856,2345,Colombo,89,C,B,C,B,1,1,5,1,2,5,4,5,5,5,1,5,Arts (SP) - Performing Arts,Sripalee Campus,041S,Yes,Yes
2024,Commerce,Economics,B,Business Studies,A,Accounting,A,2.267,1890,Galle,75,A,B,A,B,1,1,3,5,5,1,1,4,5,5,5,3,,,,,No
,,,,,,,,,,,,,,,,,,,,,,,,,,,,,,,,
,,,,,,,,,,,,,,,,,,,,,,,,,,,,,,,,
2024,Technology,Bio Systems Technology,A,Science for Technology,A,ICT,A,2.312,1567,Monaragala,82,A,A,A,A,4,3,3,4,3,2,5,5,4,3,5,5,Food Production & Technology Management,Rajarata University,092K,No,Yes
2024,Physical Science,Physics,A,Chemistry,A,Combined Mathematics,A,2.701,89,Colombo,96,A,A,A,A,5,1,5,5,1,1,1,5,5,1,5,4,Computer Science,UCSC,096T,No,Yes
2024,Biological Science,Biology,A,Chemistry,A,Physics,A,2.689,156,Peradeniya,94,A,A,A,A,5,5,1,5,1,1,4,2,5,1,2,4,Medicine,University of Peradeniya,001B,No,Yes
2024,Arts,Music (Western),A,Art,A,Drama & Theatre (English),B,1.834,2789,Colombo,88,B,A,B,A,2,2,5,3,4,5,2,3,5,5,3,5,Film & Television Studies,University of Kelaniya,100D,Yes,Yes
2024,Arts,Art,A,Drama & Theatre (Sinhala),A,Music (Oriental),A,1.912,1234,Colombo,93,B,A,B,A,1,1,5,1,2,5,4,5,5,5,1,5,Drama & Theatre,University of the Visual & Performing Arts,071Z,Yes,Yes
2024,Physical Science,Physics,A,Chemistry,A,Combined Mathematics,A,2.712,8,Gampaha,98,A,A,A,A,5,1,5,5,1,1,1,5,5,1,5,4,Engineering,University of Moratuwa,008G,No,Yes
2024,Biological Science,Biology,A,Chemistry,A,Physics,A,2.689,34,Kandy,96,A,A,A,A,5,5,1,5,1,1,4,2,5,1,2,4,Medicine,University of Peradeniya,001B,No,Yes
2024,Arts,Physical Education,A,History,B,Political Science,C,1.756,4123,Sabaragamuwa,71,C,C,B,C,3,2,4,2,3,3,5,5,4,5,5,5,Sports Science & Management,University of Kelaniya,082D,Yes,Yes
2024,Commerce,Economics,C,Business Studies,F,Accounting,S,-0.678,52345,Matara,36,F,S,C,F,1,1,2,5,5,2,1,4,5,4,5,4,,,,,No
2024,Technology,Engineering Technology,F,Science for Technology,C,ICT,C,-0.234,48901,Badulla,42,C,F,S,B,5,1,4,5,2,1,3,5,5,1,4,5,,,,,No
2024,Arts,Visual Arts,A,Art,A,Drama & Theatre (Tamil),B,1.878,1678,Batticaloa,91,B,A,C,B,1,1,5,1,3,5,4,4,5,5,1,5,Visual & Technological Arts,Swamy Vipulananda Institute,072Y,Yes,Yes
2024,Physical Science,Physics,A,Chemistry,A,Combined Mathematics,A,2.701,23,Colombo,97,A,A,A,A,5,1,5,5,1,1,1,5,5,1,5,4,Computer Science,UCSC,096T,No,Yes
2024,Biological Science,Biology,A,Chemistry,A,Physics,A,2.678,89,Jaffna,95,A,A,A,A,5,5,1,4,1,1,4,2,5,1,2,4,Medicine,University of Jaffna,001E,No,Yes
2024,Arts,Art,A,Music (Carnatic),B,Dancing (Bharatha),A,1.856,1890,Jaffna,90,B,A,C,B,1,1,5,1,3,5,4,4,5,5,1,5,Dance,Swamy Vipulananda Institute,069Y,Yes,Yes
2024,Commerce,Economics,F,Business Studies,C,Accounting,C,-0.567,51234,Galle,38,F,S,C,F,1,1,3,5,5,1,1,4,5,5,5,3,,,,,No
2024,Technology,Bio Systems Technology,C,Science for Technology,F,ICT,B,0.345,44567,Monaragala,47,B,C,S,F,4,3,3,4,3,2,5,5,4,3,5,5,,,,,No
2024,Physical Science,Physics,A,Chemistry,A,Combined Mathematics,A,2.689,56,Colombo,96,A,A,A,A,5,1,5,5,1,1,1,5,5,1,5,4,Architecture,University of Moratuwa,023G,Yes,Yes
2024,Biological Science,Biology,A,Chemistry,A,Physics,A,2.667,156,Peradeniya,94,A,A,A,A,5,5,1,5,1,1,4,2,5,1,2,4,Medicine,University of Peradeniya,001B,No,Yes
2024,Arts,Drama & Theatre (Sinhala),A,Art,A,Music (Western),B,1.912,1456,Colombo,92,B,A,B,A,1,1,5,1,2,5,4,5,5,5,1,5,Arts (SP) - Performing Arts,Sripalee Campus,041S,Yes,Yes
2024,Commerce,Economics,B,Accounting,A,Business Studies,A,2.267,1890,Kegalle,74,A,B,A,B,1,1,3,5,5,1,1,4,5,5,5,3,Tourism & Hospitality Management,Rajarata University,102K,No,No
2024,Technology,Engineering Technology,A,ICT,A,Science for Technology,B,2.301,1678,Puttalam,81,A,A,B,A,5,1,4,5,2,1,3,5,5,1,4,5,Software Engineering,University of Kelaniya,099D,No,Yes
2024,Physical Science,Physics,A,Chemistry,A,Combined Mathematics,A,2.701,34,Gampaha,97,A,A,A,A,5,1,5,5,1,1,1,5,5,1,5,4,Landscape Architecture,University of Moratuwa,097G,Yes,Yes
2024,Biological Science,Biology,A,Chemistry,A,Physics,A,2.689,89,Jaffna,96,A,A,A,A,5,5,1,4,1,1,4,2,5,1,2,4,Medicine,University of Jaffna,001E,No,Yes
2024,Arts,Physical Education,A,History,C,Political Science,B,1.789,3456,Sabaragamuwa,73,C,C,B,C,3,2,4,2,3,3,5,5,4,5,5,5,Physical Education,University of Jaffna,081E,Yes,Yes
2024,Commerce,Economics,F,Business Studies,C,Accounting,S,-0.789,53456,Polonnaruwa,34,F,S,C,F,1,1,2,5,5,2,1,4,5,4,5,4,,,,,No
2024,Technology,Bio Systems Technology,A,Science for Technology,A,ICT,A,2.312,1890,Matara,82,A,A,A,A,4,3,3,4,3,2,5,5,4,3,5,5,Biotechnology,Sabaragamuwa University,021L,No,Yes
2024,Physical Science,Physics,A,Chemistry,B,Combined Mathematics,A,2.567,1234,Colombo,93,A,A,A,A,5,1,5,4,1,1,1,5,5,1,5,4,Fashion Design & Product Development,University of Moratuwa,034G,Yes,Yes
2024,Biological Science,Biology,A,Chemistry,A,Physics,B,2.612,1345,Kandy,85,A,A,A,A,4,5,1,4,1,1,3,2,4,1,3,3,Pharmacy,University of Ruhuna,051F,No,Yes
2024,Arts,Art,A,Music (Western),B,Drama & Theatre (English),A,1.878,1678,Colombo,91,B,A,B,A,2,2,5,3,4,5,2,3,5,5,3,5,Film & Television Studies,University of Kelaniya,100D,Yes,Yes
2024,Commerce,Economics,C,Business Studies,F,Accounting,C,-0.456,49876,Colombo,37,F,S,C,F,1,1,2,5,5,2,1,4,5,4,5,4,,,,,No
2024,Technology,Engineering Technology,F,ICT,C,Science for Technology,B,0.234,42345,Puttalam,46,C,F,B,S,5,1,4,5,2,1,3,5,5,1,4,5,,,,,No
2024,Physical Science,Physics,B,Chemistry,A,Combined Mathematics,A,2.567,1567,Gampaha,91,A,A,A,A,5,1,4,5,2,1,1,5,4,1,4,5,Quantity Surveying,University of Moratuwa,011G,No,Yes
2024,Biological Science,Biology,A,Chemistry,A,Physics,A,2.701,67,Jaffna,96,A,A,A,A,5,5,1,4,1,1,4,2,5,1,2,4,Medicine,University of Jaffna,001E,No,Yes
2024,Arts,Drama & Theatre (Sinhala),A,Art,B,Sinhala,A,1.912,1890,Colombo,90,C,B,C,B,1,1,5,1,2,5,4,5,5,5,1,5,Arts (SP) - Performing Arts,Sripalee Campus,041S,Yes,Yes
2024,Commerce,Economics,B,Business Studies,A,Accounting,A,2.289,1678,Galle,76,A,B,A,B,1,1,3,5,5,1,1,4,5,5,5,3,,,,,No
2024,Technology,Bio Systems Technology,A,Science for Technology,A,ICT,A,2.334,1567,Monaragala,83,A,A,A,A,4,3,3,4,3,2,5,5,4,3,5,5,Food Production & Technology Management,Rajarata University,092K,No,Yes
2024,Physical Science,Physics,A,Chemistry,A,Combined Mathematics,A,2.712,89,Colombo,95,A,A,A,A,5,1,5,5,1,1,1,5,5,1,5,4,Computer Science,UCSC,096T,No,Yes
2024,Biological Science,Biology,A,Chemistry,A,Physics,A,2.689,234,Peradeniya,94,A,A,A,A,5,5,1,5,1,1,4,2,5,1,2,4,Medicine,University of Peradeniya,001B,No,Yes
2024,Arts,Music (Western),A,Art,A,Drama & Theatre (English),B,1.878,2345,Colombo,89,B,A,B,A,2,2,5,3,4,5,2,3,5,5,3,5,Film & Television Studies,University of Kelaniya,100D,Yes,Yes
2024,Commerce,Economics,A,Business Studies,A,Accounting,B,2.312,1890,Colombo,78,A,A,B,A,1,1,2,5,5,2,1,4,5,4,5,4,Real Estate Management and Valuation,University of Sri Jayewardenepura,017C,No,No
2024,Technology,Bio Systems Technology,A,Science for Technology,A,ICT,B,2.278,2345,Matara,80,A,B,A,B,4,3,3,4,3,2,5,5,4,3,5,5,Biotechnology,Sabaragamuwa University,021L,No,Yes
2024,Physical Science,Physics,A,Chemistry,B,Combined Mathematics,A,2.612,1345,Colombo,92,A,A,A,A,5,1,5,4,1,1,1,5,5,1,5,4,Fashion Design & Product Development,University of Moratuwa,034G,Yes,Yes
2024,Biological Science,Biology,A,Chemistry,A,Physics,B,2.667,1567,Kandy,86,A,A,A,A,4,5,1,4,1,1,3,2,4,1,3,3,Pharmacy,University of Ruhuna,051F,No,Yes
2024,Arts,Physical Education,A,History,B,Political Science,C,1.801,3456,Sabaragamuwa,74,C,C,B,C,3,2,4,2,3,3,5,5,4,5,5,5,Sports Science & Management,Sabaragamuwa University,082L,Yes,Yes
2024,Commerce,Economics,F,Business Studies,C,Accounting,C,-0.987,53456,Colombo,33,F,S,C,F,1,1,2,5,5,2,1,4,5,4,5,4,,,,,No
2024,Technology,Engineering Technology,C,ICT,F,Science for Technology,B,0.123,45678,Puttalam,45,C,F,B,S,5,1,4,5,2,1,3,5,5,1,4,5,,,,,No
2024,Physical Science,Physics,B,Chemistry,A,Combined Mathematics,A,2.612,1890,Gampaha,91,A,A,A,A,5,1,4,5,2,1,1,5,4,1,4,5,Quantity Surveying,University of Moratuwa,011G,No,Yes
2024,Biological Science,Biology,A,Chemistry,A,Physics,A,2.712,89,Jaffna,96,A,A,A,A,5,5,1,4,1,1,4,2,5,1,2,4,Medicine,University of Jaffna,001E,No,Yes
2024,Arts,Drama & Theatre (Sinhala),A,Art,B,Sinhala,A,1.912,2345,Colombo,90,C,B,C,B,1,1,5,1,2,5,4,5,5,5,1,5,Arts (SP) - Performing Arts,Sripalee Campus,041S,Yes,Yes
,,,,,,,,,,,,,,,,,,,,,,,,,,,,,,,,
,,,,,,,,,,,,,,,,,,,,,,,,,,,,,,,,
2024,Commerce,Economics,B,Business Studies,A,Accounting,A,2.312,1678,Galle,77,A,B,A,B,1,1,3,5,5,1,1,4,5,5,5,3,,,,,No
2024,Technology,Bio Systems Technology,A,Science for Technology,A,ICT,A,2.334,1890,Monaragala,83,A,A,A,A,4,3,3,4,3,2,5,5,4,3,5,5,Food Production & Technology Management,Rajarata University,092K,No,Yes
2024,Physical Science,Physics,A,Chemistry,A,Combined Mathematics,A,2.701,156,Colombo,95,A,A,A,A,5,1,5,5,1,1,1,5,5,1,5,4,Computer Science,UCSC,096T,No,Yes
2024,Biological Science,Biology,A,Chemistry,A,Physics,A,2.689,234,Peradeniya,94,A,A,A,A,5,5,1,5,1,1,4,2,5,1,2,4,Medicine,University of Peradeniya,001B,No,Yes
2024,Arts,Music (Western),A,Art,A,Drama & Theatre (English),B,1.878,3123,Colombo,89,B,A,B,A,2,2,5,3,4,5,2,3,5,5,3,5,Film & Television Studies,University of Kelaniya,100D,Yes,Yes
2024,Arts,Art,A,Drama & Theatre (Sinhala),A,Music (Western),A,1.945,1123,Colombo,94,B,A,B,A,1,1,5,1,2,5,4,5,5,5,1,5,Drama & Theatre,University of the Visual & Performing Arts,071Z,Yes,Yes
2024,Physical Science,Physics,A,Chemistry,A,Combined Mathematics,A,2.712,12,Gampaha,98,A,A,A,A,5,1,5,5,1,1,1,5,5,1,5,4,Engineering,University of Moratuwa,008G,No,Yes
2024,Biological Science,Biology,A,Chemistry,A,Physics,A,2.689,45,Kandy,96,A,A,A,A,5,5,1,5,1,1,4,2,5,1,2,4,Medicine,University of Peradeniya,001B,No,Yes
2024,Arts,Physical Education,A,History,B,Political Science,C,1.756,4567,Sabaragamuwa,70,C,C,B,C,3,2,4,2,3,3,5,5,4,5,5,5,Sports Science & Management,Sabaragamuwa University,082L,Yes,Yes
2024,Commerce,Economics,C,Business Studies,F,Accounting,S,-0.789,56789,Matara,34,F,S,C,F,1,1,2,5,5,2,1,4,5,4,5,4,,,,,No
2024,Technology,Engineering Technology,F,Science for Technology,C,ICT,C,-0.456,51234,Badulla,40,C,F,S,B,5,1,4,5,2,1,3,5,5,1,4,5,,,,,No
2024,Arts,Visual Arts,A,Art,A,Music (Carnatic),B,1.912,1345,Batticaloa,92,B,A,C,B,1,1,5,1,3,5,4,4,5,5,1,5,Visual & Technological Arts,Swamy Vipulananda Institute,072Y,Yes,Yes
2024,Physical Science,Physics,A,Chemistry,A,Combined Mathematics,A,2.701,34,Colombo,97,A,A,A,A,5,1,5,5,1,1,1,5,5,1,5,4,Computer Science,UCSC,096T,No,Yes
2024,Biological Science,Biology,A,Chemistry,A,Physics,A,2.678,89,Jaffna,95,A,A,A,A,5,5,1,4,1,1,4,2,5,1,2,4,Medicine,University of Jaffna,001E,No,Yes
2024,Arts,Art,A,Music (Oriental),B,Dancing (Bharatha),A,1.878,1567,Jaffna,91,B,A,C,B,1,1,5,1,3,5,4,4,5,5,1,5,Dance,University of Jaffna,069E,Yes,Yes
2024,Commerce,Economics,F,Business Studies,C,Accounting,C,-0.678,53456,Galle,36,F,S,C,F,1,1,3,5,5,1,1,4,5,5,5,3,,,,,No
2024,Technology,Bio Systems Technology,C,Science for Technology,F,ICT,B,0.234,48901,Monaragala,47,B,C,S,F,4,3,3,4,3,2,5,5,4,3,5,5,,,,,No
2024,Physical Science,Physics,A,Chemistry,A,Combined Mathematics,A,2.712,23,Colombo,98,A,A,A,A,5,1,5,5,1,1,1,5,5,1,5,4,Architecture,University of Moratuwa,023G,Yes,Yes
2024,Biological Science,Biology,A,Chemistry,A,Physics,A,2.689,112,Peradeniya,94,A,A,A,A,5,5,1,5,1,1,4,2,5,1,2,4,Medicine,University of Peradeniya,001B,No,Yes
2024,Arts,Drama & Theatre (Sinhala),A,Art,A,Music (Western),B,1.945,1345,Colombo,93,B,A,B,A,1,1,5,1,2,5,4,5,5,5,1,5,Arts (SP) - Performing Arts,Sripalee Campus,041S,Yes,Yes
2024,Commerce,Economics,B,Accounting,A,Business Studies,A,2.312,1678,Kegalle,76,A,B,A,B,1,1,3,5,5,1,1,4,5,5,5,3,Tourism & Hospitality Management,Rajarata University,102K,No,No
2024,Technology,Engineering Technology,A,ICT,A,Science for Technology,B,2.334,1890,Puttalam,82,A,A,B,A,5,1,4,5,2,1,3,5,5,1,4,5,Software Engineering,Sabaragamuwa University,099L,No,Yes
2024,Physical Science,Physics,A,Chemistry,A,Combined Mathematics,A,2.701,56,Gampaha,97,A,A,A,A,5,1,5,5,1,1,1,5,5,1,5,4,Landscape Architecture,University of Moratuwa,097G,Yes,Yes
2024,Biological Science,Biology,A,Chemistry,A,Physics,A,2.689,134,Jaffna,96,A,A,A,A,5,5,1,4,1,1,4,2,5,1,2,4,Medicine,University of Jaffna,001E,No,Yes
2024,Arts,Physical Education,A,History,C,Political Science,B,1.801,3789,Sabaragamuwa,74,C,C,B,C,3,2,4,2,3,3,5,5,4,5,5,5,Physical Education,Sabaragamuwa University,081L,Yes,Yes
2024,Commerce,Economics,F,Business Studies,C,Accounting,S,-0.987,56789,Polonnaruwa,32,F,S,C,F,1,1,2,5,5,2,1,4,5,4,5,4,,,,,No
2024,Technology,Bio Systems Technology,A,Science for Technology,A,ICT,A,2.356,1567,Matara,84,A,A,A,A,4,3,3,4,3,2,5,5,4,3,5,5,Biotechnology,Sabaragamuwa University,021L,No,Yes
2024,Physical Science,Physics,A,Chemistry,B,Combined Mathematics,A,2.612,1123,Colombo,94,A,A,A,A,5,1,5,4,1,1,1,5,5,1,5,4,Fashion Design & Product Development,University of Moratuwa,034G,Yes,Yes
2024,Biological Science,Biology,A,Chemistry,A,Physics,B,2.667,1345,Kandy,87,A,A,A,A,4,5,1,4,1,1,3,2,4,1,3,3,Pharmacy,University of Ruhuna,051F,No,Yes
2024,Arts,Art,A,Music (Western),B,Drama & Theatre (English),A,1.912,1678,Colombo,92,B,A,B,A,2,2,5,3,4,5,2,3,5,5,3,5,Film & Television Studies,University of Kelaniya,100D,Yes,Yes
2024,Commerce,Economics,C,Business Studies,F,Accounting,C,-0.678,53456,Colombo,35,F,S,C,F,1,1,2,5,5,2,1,4,5,4,5,4,,,,,No
2024,Technology,Engineering Technology,F,ICT,C,Science for Technology,B,0.123,48901,Puttalam,44,C,F,B,S,5,1,4,5,2,1,3,5,5,1,4,5,,,,,No
2024,Physical Science,Physics,B,Chemistry,A,Combined Mathematics,A,2.612,1456,Gampaha,92,A,A,A,A,5,1,4,5,2,1,1,5,4,1,4,5,Quantity Surveying,University of Moratuwa,011G,No,Yes
2024,Biological Science,Biology,A,Chemistry,A,Physics,A,2.712,78,Jaffna,97,A,A,A,A,5,5,1,4,1,1,4,2,5,1,2,4,Medicine,University of Jaffna,001E,No,Yes
2024,Arts,Drama & Theatre (Sinhala),A,Art,B,Sinhala,A,1.945,1890,Colombo,91,C,B,C,B,1,1,5,1,2,5,4,5,5,5,1,5,Arts (SP) - Performing Arts,Sripalee Campus,041S,Yes,Yes
2024,Commerce,Economics,B,Business Studies,A,Accounting,A,2.334,1678,Galle,78,A,B,A,B,1,1,3,5,5,1,1,4,5,5,5,3,,,,,No
2024,Technology,Bio Systems Technology,A,Science for Technology,A,ICT,A,2.378,1567,Monaragala,85,A,A,A,A,4,3,3,4,3,2,5,5,4,3,5,5,Food Production & Technology Management,Rajarata University,092K,No,Yes
2024,Physical Science,Physics,A,Chemistry,A,Combined Mathematics,A,2.712,112,Colombo,96,A,A,A,A,5,1,5,5,1,1,1,5,5,1,5,4,Computer Science,UCSC,096T,No,Yes
2024,Biological Science,Biology,A,Chemistry,A,Physics,A,2.701,234,Peradeniya,95,A,A,A,A,5,5,1,5,1,1,4,2,5,1,2,4,Medicine,University of Peradeniya,001B,No,Yes
2024,Arts,Music (Western),A,Art,A,Drama & Theatre (English),B,1.912,2345,Colombo,90,B,A,B,A,2,2,5,3,4,5,2,3,5,5,3,5,Film & Television Studies,University of Kelaniya,100D,Yes,Yes
2024,Commerce,Economics,A,Business Studies,A,Accounting,B,2.356,1890,Colombo,80,A,A,B,A,1,1,2,5,5,2,1,4,5,4,5,4,Real Estate Management and Valuation,University of Sri Jayewardenepura,017C,No,No
2024,Technology,Bio Systems Technology,A,Science for Technology,A,ICT,B,2.312,2345,Matara,82,A,B,A,B,4,3,3,4,3,2,5,5,4,3,5,5,Biotechnology,Sabaragamuwa University,021L,No,Yes
2024,Physical Science,Physics,A,Chemistry,B,Combined Mathematics,A,2.667,1345,Colombo,93,A,A,A,A,5,1,5,4,1,1,1,5,5,1,5,4,Fashion Design & Product Development,University of Moratuwa,034G,Yes,Yes
2024,Biological Science,Biology,A,Chemistry,A,Physics,B,2.689,1567,Kandy,88,A,A,A,A,4,5,1,4,1,1,3,2,4,1,3,3,Pharmacy,University of Ruhuna,051F,No,Yes
2024,Arts,Physical Education,A,History,B,Political Science,C,1.834,3456,Sabaragamuwa,76,C,C,B,C,3,2,4,2,3,3,5,5,4,5,5,5,Sports Science & Management,Sabaragamuwa University,082L,Yes,Yes
2024,Commerce,Economics,F,Business Studies,C,Accounting,C,-0.987,56789,Colombo,31,F,S,C,F,1,1,2,5,5,2,1,4,5,4,5,4,,,,,No
2024,Technology,Engineering Technology,C,ICT,F,Science for Technology,B,0.123,51234,Puttalam,43,C,F,B,S,5,1,4,5,2,1,3,5,5,1,4,5,,,,,No
2024,Physical Science,Physics,B,Chemistry,A,Combined Mathematics,A,2.667,1890,Gampaha,92,A,A,A,A,5,1,4,5,2,1,1,5,4,1,4,5,Quantity Surveying,University of Moratuwa,011G,No,Yes
2024,Biological Science,Biology,A,Chemistry,A,Physics,A,2.712,134,Jaffna,97,A,A,A,A,5,5,1,4,1,1,4,2,5,1,2,4,Medicine,University of Jaffna,001E,No,Yes
,,,,,,,,,,,,,,,,,,,,,,,,,,,,,,,,
,,,,,,,,,,,,,,,,,,,,,,,,,,,,,,,,
2024,Arts,Drama & Theatre (Sinhala),A,Art,B,Sinhala,A,1.945,2345,Colombo,91,C,B,C,B,1,1,5,1,2,5,4,5,5,5,1,5,Arts (SP) - Performing Arts,Sripalee Campus,041S,Yes,Yes
2024,Commerce,Economics,B,Business Studies,A,Accounting,A,2.356,1678,Galle,79,A,B,A,B,1,1,3,5,5,1,1,4,5,5,5,3,,,,,No
2024,Technology,Bio Systems Technology,A,Science for Technology,A,ICT,A,2.378,1890,Monaragala,86,A,A,A,A,4,3,3,4,3,2,5,5,4,3,5,5,Food Production & Technology Management,Rajarata University,092K,No,Yes
2024,Physical Science,Physics,A,Chemistry,A,Combined Mathematics,A,2.712,156,Colombo,95,A,A,A,A,5,1,5,5,1,1,1,5,5,1,5,4,Computer Science,UCSC,096T,No,Yes
2024,Biological Science,Biology,A,Chemistry,A,Physics,A,2.701,234,Peradeniya,94,A,A,A,A,5,5,1,5,1,1,4,2,5,1,2,4,Medicine,University of Peradeniya,001B,No,Yes
2024,Arts,Music (Western),A,Art,A,Drama & Theatre (English),B,1.945,3123,Colombo,90,B,A,B,A,2,2,5,3,4,5,2,3,5,5,3,5,Film & Television Studies,University of Kelaniya,100D,Yes,Yes
2024,Arts,Art,A,Drama & Theatre (Sinhala),A,Music (Western),A,1.967,1123,Colombo,95,B,A,B,A,1,1,5,1,2,5,4,5,5,5,1,5,Drama & Theatre,University of the Visual & Performing Arts,071Z,Yes,Yes
2024,Physical Science,Physics,A,Chemistry,A,Combined Mathematics,A,2.712,12,Gampaha,99,A,A,A,A,5,1,5,5,1,1,1,5,5,1,5,4,Engineering,University of Moratuwa,008G,No,Yes
2024,Biological Science,Biology,A,Chemistry,A,Physics,A,2.701,34,Kandy,97,A,A,A,A,5,5,1,5,1,1,4,2,5,1,2,4,Medicine,University of Peradeniya,001B,No,Yes
2024,Arts,Physical Education,A,History,B,Political Science,C,1.789,4567,Sabaragamuwa,72,C,C,B,C,3,2,4,2,3,3,5,5,4,5,5,5,Sports Science & Management,Sabaragamuwa University,082L,Yes,Yes
2024,Commerce,Economics,C,Business Studies,F,Accounting,S,-0.789,56789,Matara,35,F,S,C,F,1,1,2,5,5,2,1,4,5,4,5,4,,,,,No
2024,Technology,Engineering Technology,F,Science for Technology,C,ICT,C,-0.456,51234,Badulla,41,C,F,S,B,5,1,4,5,2,1,3,5,5,1,4,5,,,,,No
2024,Arts,Visual Arts,A,Art,A,Music (Carnatic),B,1.945,1345,Batticaloa,93,B,A,C,B,1,1,5,1,3,5,4,4,5,5,1,5,Visual & Technological Arts,Swamy Vipulananda Institute,072Y,Yes,Yes
2024,Physical Science,Physics,A,Chemistry,A,Combined Mathematics,A,2.701,45,Colombo,98,A,A,A,A,5,1,5,5,1,1,1,5,5,1,5,4,Computer Science,UCSC,096T,No,Yes
2024,Biological Science,Biology,A,Chemistry,A,Physics,A,2.712,89,Jaffna,97,A,A,A,A,5,5,1,4,1,1,4,2,5,1,2,4,Medicine,University of Jaffna,001E,No,Yes
2024,Arts,Art,A,Music (Oriental),B,Dancing (Bharatha),A,1.912,1567,Jaffna,92,B,A,C,B,1,1,5,1,3,5,4,4,5,5,1,5,Dance,University of Jaffna,069E,Yes,Yes
2024,Commerce,Economics,F,Business Studies,C,Accounting,C,-0.678,53456,Galle,37,F,S,C,F,1,1,3,5,5,1,1,4,5,5,5,3,,,,,No
2024,Technology,Bio Systems Technology,C,Science for Technology,F,ICT,B,0.123,48901,Monaragala,46,B,C,S,F,4,3,3,4,3,2,5,5,4,3,5,5,,,,,No
2024,Physical Science,Physics,A,Chemistry,A,Combined Mathematics,A,2.712,56,Colombo,98,A,A,A,A,5,1,5,5,1,1,1,5,5,1,5,4,Architecture,University of Moratuwa,023G,Yes,Yes
2024,Biological Science,Biology,A,Chemistry,A,Physics,A,2.701,112,Peradeniya,95,A,A,A,A,5,5,1,5,1,1,4,2,5,1,2,4,Medicine,University of Peradeniya,001B,No,Yes
2024,Arts,Drama & Theatre (Sinhala),A,Art,A,Music (Western),B,1.967,1345,Colombo,94,B,A,B,A,1,1,5,1,2,5,4,5,5,5,1,5,Arts (SP) - Performing Arts,Sripalee Campus,041S,Yes,Yes
2024,Commerce,Economics,B,Accounting,A,Business Studies,A,2.356,1890,Kegalle,78,A,B,A,B,1,1,3,5,5,1,1,4,5,5,5,3,Tourism & Hospitality Management,Rajarata University,102K,No,No
2024,Technology,Engineering Technology,A,ICT,A,Science for Technology,B,2.378,1678,Puttalam,83,A,A,B,A,5,1,4,5,2,1,3,5,5,1,4,5,Software Engineering,University of Kelaniya,099D,No,Yes
2024,Physical Science,Physics,A,Chemistry,A,Combined Mathematics,A,2.712,78,Gampaha,97,A,A,A,A,5,1,5,5,1,1,1,5,5,1,5,4,Landscape Architecture,University of Moratuwa,097G,Yes,Yes
2024,Biological Science,Biology,A,Chemistry,A,Physics,A,2.701,134,Jaffna,98,A,A,A,A,5,5,1,4,1,1,4,2,5,1,2,4,Medicine,University of Jaffna,001E,No,Yes
2024,Arts,Physical Education,A,History,C,Political Science,B,1.801,3789,Sabaragamuwa,75,C,C,B,C,3,2,4,2,3,3,5,5,4,5,5,5,Physical Education,University of Jaffna,081E,Yes,Yes
2024,Commerce,Economics,F,Business Studies,C,Accounting,S,-0.987,56789,Polonnaruwa,33,F,S,C,F,1,1,2,5,5,2,1,4,5,4,5,4,,,,,No
2024,Technology,Bio Systems Technology,A,Science for Technology,A,ICT,A,2.412,1567,Matara,85,A,A,A,A,4,3,3,4,3,2,5,5,4,3,5,5,Biotechnology,Sabaragamuwa University,021L,No,Yes
2024,Physical Science,Physics,A,Chemistry,B,Combined Mathematics,A,2.667,1234,Colombo,94,A,A,A,A,5,1,5,4,1,1,1,5,5,1,5,4,Fashion Design & Product Development,University of Moratuwa,034G,Yes,Yes
2024,Biological Science,Biology,A,Chemistry,A,Physics,B,2.689,1345,Kandy,88,A,A,A,A,4,5,1,4,1,1,3,2,4,1,3,3,Pharmacy,University of Ruhuna,051F,No,Yes
2024,Arts,Art,A,Music (Western),B,Drama & Theatre (English),A,1.945,1678,Colombo,93,B,A,B,A,2,2,5,3,4,5,2,3,5,5,3,5,Film & Television Studies,University of Kelaniya,100D,Yes,Yes
2024,Commerce,Economics,C,Business Studies,F,Accounting,C,-0.678,53456,Colombo,36,F,S,C,F,1,1,2,5,5,2,1,4,5,4,5,4,,,,,No
2024,Technology,Engineering Technology,F,ICT,C,Science for Technology,B,0.123,48901,Puttalam,45,C,F,B,S,5,1,4,5,2,1,3,5,5,1,4,5,,,,,No
2024,Physical Science,Physics,B,Chemistry,A,Combined Mathematics,A,2.667,1567,Gampaha,92,A,A,A,A,5,1,4,5,2,1,1,5,4,1,4,5,Quantity Surveying,University of Moratuwa,011G,No,Yes
2024,Biological Science,Biology,A,Chemistry,A,Physics,A,2.712,156,Jaffna,97,A,A,A,A,5,5,1,4,1,1,4,2,5,1,2,4,Medicine,University of Jaffna,001E,No,Yes
2024,Arts,Drama & Theatre (Sinhala),A,Art,B,Sinhala,A,1.967,1890,Colombo,91,C,B,C,B,1,1,5,1,2,5,4,5,5,5,1,5,Arts (SP) - Performing Arts,Sripalee Campus,041S,Yes,Yes
2024,Commerce,Economics,B,Business Studies,A,Accounting,A,2.378,1678,Galle,80,A,B,A,B,1,1,3,5,5,1,1,4,5,5,5,3,,,,,No
2024,Technology,Bio Systems Technology,A,Science for Technology,A,ICT,A,2.456,1567,Monaragala,86,A,A,A,A,4,3,3,4,3,2,5,5,4,3,5,5,Food Production & Technology Management,Rajarata University,092K,No,Yes
2024,Physical Science,Physics,A,Chemistry,A,Combined Mathematics,A,2.712,178,Colombo,96,A,A,A,A,5,1,5,5,1,1,1,5,5,1,5,4,Computer Science,UCSC,096T,No,Yes
2024,Biological Science,Biology,A,Chemistry,A,Physics,A,2.701,234,Peradeniya,95,A,A,A,A,5,5,1,5,1,1,4,2,5,1,2,4,Medicine,University of Peradeniya,001B,No,Yes
2024,Arts,Music (Western),A,Art,A,Drama & Theatre (English),B,1.945,2345,Colombo,90,B,A,B,A,2,2,5,3,4,5,2,3,5,5,3,5,Film & Television Studies,University of Kelaniya,100D,Yes,Yes
2024,Commerce,Economics,A,Business Studies,A,Accounting,B,2.412,1890,Colombo,82,A,A,B,A,1,1,2,5,5,2,1,4,5,4,5,4,Real Estate Management and Valuation,University of Sri Jayewardenepura,017C,No,No
2024,Technology,Bio Systems Technology,A,Science for Technology,A,ICT,B,2.334,2345,Matara,81,A,B,A,B,4,3,3,4,3,2,5,5,4,3,5,5,Biotechnology,Sabaragamuwa University,021L,No,Yes
2024,Physical Science,Physics,A,Chemistry,B,Combined Mathematics,A,2.689,1345,Colombo,93,A,A,A,A,5,1,5,4,1,1,1,5,5,1,5,4,Fashion Design & Product Development,University of Moratuwa,034G,Yes,Yes
2024,Biological Science,Biology,A,Chemistry,A,Physics,B,2.712,1567,Kandy,89,A,A,A,A,4,5,1,4,1,1,3,2,4,1,3,3,Pharmacy,University of Ruhuna,051F,No,Yes
2024,Arts,Physical Education,A,History,B,Political Science,C,1.834,3456,Sabaragamuwa,77,C,C,B,C,3,2,4,2,3,3,5,5,4,5,5,5,Sports Science & Management,Sabaragamuwa University,082L,Yes,Yes
2024,Commerce,Economics,F,Business Studies,C,Accounting,C,-0.987,56789,Colombo,32,F,S,C,F,1,1,2,5,5,2,1,4,5,4,5,4,,,,,No
2024,Technology,Engineering Technology,C,ICT,F,Science for Technology,B,0.123,51234,Puttalam,44,C,F,B,S,5,1,4,5,2,1,3,5,5,1,4,5,,,,,No
2024,Physical Science,Physics,B,Chemistry,A,Combined Mathematics,A,2.689,1890,Gampaha,92,A,A,A,A,5,1,4,5,2,1,1,5,4,1,4,5,Quantity Surveying,University of Moratuwa,011G,No,Yes
,,,,,,,,,,,,,,,,,,,,,,,,,,,,,,,,
,,,,,,,,,,,,,,,,,,,,,,,,,,,,,,,,
2024,Biological Science,Biology,A,Chemistry,A,Physics,A,2.712,156,Jaffna,97,A,A,A,A,5,5,1,4,1,1,4,2,5,1,2,4,Medicine,University of Jaffna,001E,No,Yes
2024,Arts,Drama & Theatre (Sinhala),A,Art,B,Sinhala,A,1.967,2345,Colombo,91,C,B,C,B,1,1,5,1,2,5,4,5,5,5,1,5,Arts (SP) - Performing Arts,Sripalee Campus,041S,Yes,Yes
2024,Commerce,Economics,B,Business Studies,A,Accounting,A,2.412,1678,Galle,81,A,B,A,B,1,1,3,5,5,1,1,4,5,5,5,3,,,,,No
2024,Technology,Bio Systems Technology,A,Science for Technology,A,ICT,A,2.456,1890,Monaragala,87,A,A,A,A,4,3,3,4,3,2,5,5,4,3,5,5,Food Production & Technology Management,Rajarata University,092K,No,Yes
2024,Physical Science,Physics,A,Chemistry,A,Combined Mathematics,A,2.712,234,Colombo,96,A,A,A,A,5,1,5,5,1,1,1,5,5,1,5,4,Computer Science,UCSC,096T,No,Yes
2024,Biological Science,Biology,A,Chemistry,A,Physics,A,2.701,456,Peradeniya,95,A,A,A,A,5,5,1,5,1,1,4,2,5,1,2,4,Medicine,University of Peradeniya,001B,No,Yes
2024,Arts,Music (Western),A,Art,A,Drama & Theatre (English),B,1.967,3123,Colombo,90,B,A,B,A,2,2,5,3,4,5,2,3,5,5,3,5,Film & Television Studies,University of Kelaniya,100D,Yes,Yes
2024,Arts,Art,A,Dancing (Bharatha),A,Drama & Theatre (Sinhala),A,1.923,987,Colombo,94,B,A,B,A,1,1,5,1,2,5,4,5,5,5,1,5,Dance,University of the Visual & Performing Arts,069Z,Yes,Yes
2024,Physical Science,Physics,A,Chemistry,A,Combined Mathematics,A,2.701,23,Kalutara,98,A,A,A,A,5,1,5,5,1,1,1,5,5,1,5,4,Engineering (EM),University of Moratuwa,009G,No,Yes
2024,Biological Science,Biology,A,Chemistry,A,Physics,A,2.689,67,Jaffna,96,A,A,A,A,5,5,1,5,1,1,4,2,5,1,2,4,Medicine,Eastern University,001H,No,Yes
2024,Arts,Physical Education,A,History,B,Political Science,C,1.801,4123,Sabaragamuwa,73,C,C,B,C,3,2,4,2,3,3,5,5,4,5,5,5,Sports Science & Management,University of Sri Jayewardenepura,082C,Yes,Yes
2024,Commerce,Economics,C,Business Studies,F,Accounting,F,-0.876,61234,Ampara,31,F,S,C,F,1,1,2,5,5,2,1,4,5,4,5,4,,,,,No
2024,Technology,Engineering Technology,F,Science for Technology,C,ICT,C,-0.567,53456,Puttalam,38,C,F,S,C,5,1,4,5,2,1,3,5,5,1,4,5,,,,,No
2024,Arts,Visual Arts,A,Art,A,Drama & Theatre (Tamil),B,1.912,1567,Batticaloa,92,B,A,C,B,1,1,5,1,3,5,4,4,5,5,1,5,Visual & Technological Arts,Swamy Vipulananda Institute,072Y,Yes,Yes
2024,Physical Science,Physics,A,Chemistry,A,Combined Mathematics,A,2.712,45,Colombo,99,A,A,A,A,5,1,5,5,1,1,1,5,5,1,5,4,Computer Science,University of Sri Jayewardenepura,012C,No,Yes
2024,Biological Science,Biology,A,Chemistry,A,Physics,A,2.701,112,Rajarata,95,A,A,A,A,5,5,1,4,1,1,4,2,5,1,2,4,Medicine,Rajarata University,001K,No,Yes
2024,Arts,Art,A,Music (Carnatic),A,Dancing (Indigenous),B,1.878,1890,Trincomalee,91,B,A,C,B,1,1,5,1,3,5,4,4,5,5,1,5,Music,Swamy Vipulananda Institute,068Y,Yes,Yes
2024,Commerce,Economics,F,Business Studies,C,Accounting,C,-0.987,62345,Hambantota,29,F,S,C,F,1,1,3,5,5,1,1,4,5,5,5,3,,,,,No
2024,Technology,Bio Systems Technology,C,Science for Technology,F,ICT,C,-0.345,49801,Kegalle,42,B,C,S,F,4,3,3,4,3,2,5,5,4,3,5,5,,,,,No
2024,Physical Science,Physics,A,Chemistry,A,Combined Mathematics,A,2.701,78,Gampaha,97,A,A,A,A,5,1,5,5,1,1,1,5,5,1,5,4,Engineering (TM),University of Moratuwa,010G,No,Yes
2024,Biological Science,Biology,A,Chemistry,A,Physics,A,2.689,156,Wayamba,94,A,A,A,A,5,5,1,5,1,1,4,2,5,1,2,4,Medicine,Wayamba University,001M,No,Yes
2024,Arts,Drama & Theatre (Sinhala),A,Art,A,Music (Western),B,1.945,1345,Colombo,93,B,A,B,A,1,1,5,1,2,5,4,5,5,5,1,5,Arts (SP) - Performing Arts,Sripalee Campus,041S,Yes,Yes
2024,Commerce,Economics,B,Accounting,A,Business Studies,A,2.356,2345,Monaragala,79,A,B,A,B,1,1,3,5,5,1,1,4,5,5,5,3,Business Information Systems (Honours),University of Sri Jayewardenepura,077C,No,No
2024,Technology,Engineering Technology,A,ICT,A,Science for Technology,B,2.412,1890,Matale,84,A,A,B,A,5,1,4,5,2,1,3,5,5,1,4,5,Engineering Technology,University of Colombo,102A,No,Yes
2024,Physical Science,Physics,A,Chemistry,A,Combined Mathematics,A,2.712,134,Gampaha,98,A,A,A,A,5,1,5,5,1,1,1,5,5,1,5,4,Quantity Surveying,University of Moratuwa,011G,No,Yes
2024,Biological Science,Biology,A,Chemistry,A,Physics,A,2.701,234,Uva Wellassa,96,A,A,A,A,5,5,1,4,1,1,4,2,5,1,2,4,Medicine,Uva Wellassa University,001U,No,Yes
2024,Arts,Physical Education,A,History,C,Political Science,B,1.834,3890,Sabaragamuwa,76,C,C,B,C,3,2,4,2,3,3,5,5,4,5,5,5,Physical Education,Sabaragamuwa University,081L,Yes,Yes
2024,Commerce,Economics,F,Business Studies,C,Accounting,F,-0.987,64567,Polonnaruwa,28,F,S,C,F,1,1,2,5,5,2,1,4,5,4,5,4,,,,,No
2024,Technology,Bio Systems Technology,A,Science for Technology,A,ICT,A,2.456,1678,Matara,86,A,A,A,A,4,3,3,4,3,2,5,5,4,3,5,5,Green Technology,University of Ruhuna,095F,No,Yes
2024,Physical Science,Physics,A,Chemistry,A,Combined Mathematics,A,2.701,189,Colombo,97,A,A,A,A,5,1,5,5,1,1,1,5,5,1,5,4,Information Systems,University of Colombo School of Computing,096T,No,Yes
2024,Biological Science,Biology,A,Chemistry,A,Physics,A,2.712,267,Jaffna,98,A,A,A,A,5,5,1,4,1,1,4,2,5,1,2,4,Medicine,South Eastern University,006J,No,Yes
2024,Arts,Art,A,Music (Western),A,Drama & Theatre (English),B,1.967,1567,Colombo,94,B,A,B,A,2,2,5,3,4,5,2,3,5,5,3,5,Film & Television Studies,University of Kelaniya,100D,Yes,Yes
2024,Commerce,Economics,C,Business Studies,F,Accounting,C,-0.876,61234,Anuradhapura,30,F,S,C,F,1,1,2,5,5,2,1,4,5,4,5,4,,,,,No
2024,Technology,Engineering Technology,F,ICT,C,Science for Technology,B,-0.234,53456,Puttalam,40,C,F,B,S,5,1,4,5,2,1,3,5,5,1,4,5,,,,,No
2024,Physical Science,Physics,B,Chemistry,A,Combined Mathematics,A,2.667,2345,Gampaha,93,A,A,A,A,5,1,4,5,2,1,1,5,4,1,4,5,Facilities Management,University of Moratuwa,056G,No,Yes
2024,Biological Science,Biology,A,Chemistry,A,Physics,A,2.701,345,Jaffna,97,A,A,A,A,5,5,1,4,1,1,4,2,5,1,2,4,Medicine,Eastern University,001H,No,Yes
2024,Arts,Drama & Theatre (Sinhala),A,Art,B,Sinhala,A,1.945,1890,Colombo,92,C,B,C,B,1,1,5,1,2,5,4,5,5,5,1,5,Arts (SP) - Performing Arts,Sripalee Campus,041S,Yes,Yes
2024,Commerce,Economics,B,Business Studies,A,Accounting,A,2.412,2345,Galle,81,A,B,A,B,1,1,3,5,5,1,1,4,5,5,5,3,,,,,No
2024,Technology,Bio Systems Technology,A,Science for Technology,A,ICT,A,2.489,1890,Monaragala,87,A,A,A,A,4,3,3,4,3,2,5,5,4,3,5,5,Animal Science & Fisheries,University of Peradeniya,086B,No,Yes
2024,Physical Science,Physics,A,Chemistry,A,Combined Mathematics,A,2.712,267,Colombo,96,A,A,A,A,5,1,5,5,1,1,1,5,5,1,5,4,Computer Science,Trincomalee Campus,012W,No,Yes
2024,Biological Science,Biology,A,Chemistry,A,Physics,A,2.701,456,Peradeniya,95,A,A,A,A,5,5,1,5,1,1,4,2,5,1,2,4,Medicine,Sabaragamuwa University,001L,No,Yes
2024,Arts,Music (Western),A,Art,A,Drama & Theatre (English),B,1.967,2345,Colombo,91,B,A,B,A,2,2,5,3,4,5,2,3,5,5,3,5,Film & Television Studies,University of Kelaniya,100D,Yes,Yes
2024,Commerce,Economics,A,Business Studies,A,Accounting,B,2.456,1890,Colombo,83,A,A,B,A,1,1,2,5,5,2,1,4,5,4,5,4,Accounting Information Systems,University of Kelaniya,127D,No,No
2024,Technology,Bio Systems Technology,A,Science for Technology,A,ICT,B,2.378,2345,Matara,84,A,B,A,B,4,3,3,4,3,2,5,5,4,3,5,5,"Hospitality, Tourism and Events Management",Uva Wellassa University,090U,No,Yes
2024,Physical Science,Physics,A,Chemistry,B,Combined Mathematics,A,2.667,1567,Colombo,94,A,A,A,A,5,1,5,4,1,1,1,5,5,1,5,4,Fashion Design & Product Development,University of Moratuwa,034G,Yes,Yes
2024,Biological Science,Biology,A,Chemistry,A,Physics,B,2.712,1890,Kandy,89,A,A,A,A,4,5,1,4,1,1,3,2,4,1,3,3,Medical Laboratory Sciences,University of Ruhuna,052F,No,Yes
2024,Arts,Physical Education,A,History,B,Political Science,C,1.856,4567,Sabaragamuwa,78,C,C,B,C,3,2,4,2,3,3,5,5,4,5,5,5,Sports Science & Management,Sabaragamuwa University,082L,Yes,Yes
2024,Commerce,Economics,F,Business Studies,C,Accounting,C,-0.987,64567,Colombo,30,F,S,C,F,1,1,2,5,5,2,1,4,5,4,5,4,,,,,No
2024,Technology,Engineering Technology,C,ICT,F,Science for Technology,B,-0.123,56789,Puttalam,43,C,F,B,S,5,1,4,5,2,1,3,5,5,1,4,5,,,,,No
,,,,,,,,,,,,,,,,,,,,,,,,,,,,,,,,
,,,,,,,,,,,,,,,,,,,,,,,,,,,,,,,,
2024,Physical Science,Physics,B,Chemistry,A,Combined Mathematics,A,2.689,2345,Gampaha,93,A,A,A,A,5,1,4,5,2,1,1,5,4,1,4,5,Transport Management & Logistics Engineering,University of Moratuwa,057G,No,Yes
2024,Biological Science,Biology,A,Chemistry,A,Physics,A,2.712,267,Jaffna,98,A,A,A,A,5,5,1,4,1,1,4,2,5,1,2,4,Medicine,South Eastern University,006J,No,Yes
2024,Arts,Drama & Theatre (Sinhala),A,Art,B,Sinhala,A,1.967,2345,Colombo,92,C,B,C,B,1,1,5,1,2,5,4,5,5,5,1,5,Arts (SP) - Performing Arts,Sripalee Campus,041S,Yes,Yes
2024,Commerce,Economics,B,Business Studies,A,Accounting,A,2.456,1890,Galle,82,A,B,A,B,1,1,3,5,5,1,1,4,5,5,5,3,,,,,No
2024,Technology,Bio Systems Technology,A,Science for Technology,A,ICT,A,2.512,1890,Monaragala,88,A,A,A,A,4,3,3,4,3,2,5,5,4,3,5,5,Aquatic Resources Technology,Uva Wellassa University,088U,No,Yes
2024,Physical Science,Physics,A,Chemistry,A,Combined Mathematics,A,2.712,345,Colombo,97,A,A,A,A,5,1,5,5,1,1,1,5,5,1,5,4,Computer Science,University of Kelaniya,012D,No,Yes
2024,Biological Science,Biology,A,Chemistry,A,Physics,A,2.701,456,Peradeniya,96,A,A,A,A,5,5,1,5,1,1,4,2,5,1,2,4,Medicine,Sabaragamuwa University,001L,No,Yes
2024,Arts,Music (Western),A,Art,A,Drama & Theatre (English),B,1.967,3456,Colombo,91,B,A,B,A,2,2,5,3,4,5,2,3,5,5,3,5,Film & Television Studies,University of Kelaniya,100D,Yes,Yes
,,,,,,,,,,,,,,,,,,,,,,,,,,,,,,,,
,,,,,,,,,,,,,,,,,,,,,,,,,,,,,,,,
2024,Arts,Drama & Theatre (English),A,Art,A,Music (Western),A,1.934,987,Kurunegala,95,B,A,B,A,2,2,5,3,4,5,2,3,5,5,3,5,Film & Television Studies,University of Kelaniya,100D,Yes,Yes
2024,Physical Science,Physics,A,Chemistry,A,Combined Mathematics,A,2.701,34,Kalutara,98,A,A,A,A,5,1,5,5,1,1,1,5,5,1,5,4,Engineering (TM),University of Moratuwa,010G,No,Yes
2024,Biological Science,Biology,A,Chemistry,A,Physics,A,2.689,112,Vavuniya,96,A,A,A,A,5,5,1,5,1,1,4,2,5,1,2,4,Medicine,University of Vavuniya,007R,No,Yes
2024,Arts,Physical Education,A,Political Science,B,History,C,1.789,4567,Jaffna,74,C,C,B,C,3,2,4,2,3,3,5,5,4,5,5,5,Physical Education,University of Jaffna,081E,Yes,Yes
2024,Commerce,Economics,F,Business Studies,C,Accounting,F,-0.912,67890,Mannar,29,F,S,C,F,1,1,2,5,5,2,1,4,5,4,5,4,,,,,No
2024,Technology,Engineering Technology,F,ICT,C,Science for Technology,S,-0.678,59876,Mullaitivu,35,C,F,S,C,5,1,4,5,2,1,3,5,5,1,4,5,,,,,No
2024,Arts,Visual Arts,A,Art,A,Dancing (Indigenous),A,1.912,1456,Trincomalee,93,B,A,C,B,1,1,5,1,3,5,4,4,5,5,1,5,Visual & Technological Arts,Swamy Vipulananda Institute,072Y,Yes,Yes
2024,Physical Science,Physics,A,Chemistry,A,Combined Mathematics,A,2.712,67,Matale,97,A,A,A,A,5,1,5,5,1,1,1,5,5,1,5,4,Computer Science,University of Ruhuna,012F,No,Yes
2024,Biological Science,Biology,A,Chemistry,A,Physics,A,2.701,189,Kilinochchi,95,A,A,A,A,5,5,1,4,1,1,4,2,5,1,2,4,Medicine,Eastern University,001H,No,Yes
2024,Arts,Art,A,Music (Carnatic),A,Drama & Theatre (Tamil),B,1.889,1890,Batticaloa,92,B,A,C,B,1,1,5,1,3,5,4,4,5,5,1,5,Music,Swamy Vipulananda Institute,068Y,Yes,Yes
2024,Commerce,Economics,C,Business Studies,F,Accounting,C,-0.987,71234,Nuwara Eliya,27,F,S,C,F,1,1,3,5,5,1,1,4,5,5,5,3,,,,,No
2024,Technology,Bio Systems Technology,S,Science for Technology,C,ICT,F,-0.456,62345,Monaragala,41,B,C,S,F,4,3,3,4,3,2,5,5,4,3,5,5,,,,,No
2024,Physical Science,Physics,A,Chemistry,A,Combined Mathematics,A,2.701,112,Colombo,98,A,A,A,A,5,1,5,5,1,1,1,5,5,1,5,4,Engineering,University of Peradeniya,008B,No,Yes
2024,Biological Science,Biology,A,Chemistry,A,Physics,A,2.689,267,Rajarata,94,A,A,A,A,5,5,1,5,1,1,4,2,5,1,2,4,Medicine,Rajarata University,001K,No,Yes
2024,Arts,Drama & Theatre (Sinhala),A,Art,A,Music (Oriental),B,1.945,1678,Gampaha,94,B,A,B,A,1,1,5,1,2,5,4,5,5,5,1,5,Arts (SP) - Performing Arts,Sripalee Campus,041S,Yes,Yes
2024,Commerce,Economics,B,Accounting,A,Business Studies,A,2.378,2345,Anuradhapura,80,A,B,A,B,1,1,3,5,5,1,1,4,5,5,5,3,Financial Economics,University of Sri Jayewardenepura,131C,No,No
2024,Technology,Engineering Technology,A,ICT,A,Science for Technology,B,2.456,1890,Matara,86,A,A,B,A,5,1,4,5,2,1,3,5,5,1,4,5,Engineering Technology,Wayamba University,102M,No,Yes
2024,Physical Science,Physics,A,Chemistry,A,Combined Mathematics,A,2.712,156,Kalutara,97,A,A,A,A,5,1,5,5,1,1,1,5,5,1,5,4,Fashion Design & Product Development,University of Moratuwa,034G,Yes,Yes
2024,Biological Science,Biology,A,Chemistry,A,Physics,A,2.701,345,Sabaragamuwa,95,A,A,A,A,5,5,1,4,1,1,4,2,5,1,2,4,Medicine,Sabaragamuwa University,001L,No,Yes
2024,Arts,Physical Education,A,History,C,Political Science,B,1.834,4567,Jaffna,77,C,C,B,C,3,2,4,2,3,3,5,5,4,5,5,5,Sports Science & Management,University of Kelaniya,082D,Yes,Yes
2024,Commerce,Economics,F,Business Studies,C,Accounting,F,-0.987,75678,Mannar,25,F,S,C,F,1,1,2,5,5,2,1,4,5,4,5,4,,,,,No
2024,Technology,Bio Systems Technology,A,Science for Technology,A,ICT,A,2.489,1890,Matara,88,A,A,A,A,4,3,3,4,3,2,5,5,4,3,5,5,Aquatic Resources Technology,Uva Wellassa University,088U,No,Yes
2024,Physical Science,Physics,A,Chemistry,A,Combined Mathematics,A,2.701,234,Colombo,96,A,A,A,A,5,1,5,5,1,1,1,5,5,1,5,4,Landscape Architecture,University of Moratuwa,097G,Yes,Yes
2024,Biological Science,Biology,A,Chemistry,A,Physics,A,2.712,456,Uva Wellassa,97,A,A,A,A,5,5,1,4,1,1,4,2,5,1,2,4,Medicine,Uva Wellassa University,001U,No,Yes
2024,Arts,Art,A,Music (Western),A,Drama & Theatre (English),B,1.967,1890,Colombo,93,B,A,B,A,2,2,5,3,4,5,2,3,5,5,3,5,Film & Television Studies,University of Kelaniya,100D,Yes,Yes
2024,Commerce,Economics,C,Business Studies,F,Accounting,C,-0.876,67890,Kegalle,30,F,S,C,F,1,1,2,5,5,2,1,4,5,4,5,4,,,,,No
2024,Technology,Engineering Technology,F,ICT,C,Science for Technology,B,-0.345,59876,Puttalam,39,C,F,B,S,5,1,4,5,2,1,3,5,5,1,4,5,,,,,No
2024,Physical Science,Physics,B,Chemistry,A,Combined Mathematics,A,2.667,2678,Gampaha,92,A,A,A,A,5,1,4,5,2,1,1,5,4,1,4,5,Quantity Surveying,University of Moratuwa,011G,No,Yes
2024,Biological Science,Biology,A,Chemistry,A,Physics,A,2.701,567,South Eastern,96,A,A,A,A,5,5,1,4,1,1,4,2,5,1,2,4,Medicine,South Eastern University,006J,No,Yes
2024,Arts,Drama & Theatre (Sinhala),A,Art,B,Sinhala,A,1.945,2345,Colombo,91,C,B,C,B,1,1,5,1,2,5,4,5,5,5,1,5,Arts (SP) - Performing Arts,Sripalee Campus,041S,Yes,Yes
2024,Commerce,Economics,B,Business Studies,A,Accounting,A,2.412,1890,Galle,81,A,B,A,B,1,1,3,5,5,1,1,4,5,5,5,3,,,,,No
2024,Technology,Bio Systems Technology,A,Science for Technology,A,ICT,A,2.512,1890,Monaragala,89,A,A,A,A,4,3,3,4,3,2,5,5,4,3,5,5,"Hospitality, Tourism and Events Management",Uva Wellassa University,090U,No,Yes
2024,Physical Science,Physics,A,Chemistry,A,Combined Mathematics,A,2.712,345,Colombo,95,A,A,A,A,5,1,5,5,1,1,1,5,5,1,5,4,Computer Science,University of Kelaniya,012D,No,Yes
2024,Biological Science,Biology,A,Chemistry,A,Physics,A,2.701,678,Peradeniya,94,A,A,A,A,5,5,1,5,1,1,4,2,5,1,2,4,Medicine,Sabaragamuwa University,001L,No,Yes
2024,Arts,Music (Western),A,Art,A,Drama & Theatre (English),B,1.967,3456,Colombo,90,B,A,B,A,2,2,5,3,4,5,2,3,5,5,3,5,Film & Television Studies,University of Kelaniya,100D,Yes,Yes
2024,Commerce,Economics,A,Business Studies,A,Accounting,B,2.456,1890,Colombo,83,A,A,B,A,1,1,2,5,5,2,1,4,5,4,5,4,Accounting Information Systems,University of Kelaniya,127D,No,No
2024,Technology,Bio Systems Technology,A,Science for Technology,A,ICT,B,2.378,2345,Matara,84,A,B,A,B,4,3,3,4,3,2,5,5,4,3,5,5,Green Technology,University of Ruhuna,095F,No,Yes
2024,Physical Science,Physics,A,Chemistry,B,Combined Mathematics,A,2.667,1567,Colombo,93,A,A,A,A,5,1,5,4,1,1,1,5,5,1,5,4,Fashion Design & Product Development,University of Moratuwa,034G,Yes,Yes
2024,Biological Science,Biology,A,Chemistry,A,Physics,B,2.712,1890,Kandy,89,A,A,A,A,4,5,1,4,1,1,3,2,4,1,3,3,Medical Laboratory Sciences,University of Ruhuna,052F,No,Yes
2024,Arts,Physical Education,A,History,B,Political Science,C,1.856,4567,Sabaragamuwa,78,C,C,B,C,3,2,4,2,3,3,5,5,4,5,5,5,Sports Science & Management,Sabaragamuwa University,082L,Yes,Yes
2024,Commerce,Economics,F,Business Studies,C,Accounting,C,-0.987,75678,Colombo,28,F,S,C,F,1,1,2,5,5,2,1,4,5,4,5,4,,,,,No
2024,Technology,Engineering Technology,C,ICT,F,Science for Technology,B,-0.123,62345,Puttalam,42,C,F,B,S,5,1,4,5,2,1,3,5,5,1,4,5,,,,,No
2024,Physical Science,Physics,B,Chemistry,A,Combined Mathematics,A,2.689,2345,Gampaha,92,A,A,A,A,5,1,4,5,2,1,1,5,4,1,4,5,Quantity Surveying,University of Moratuwa,011G,No,Yes
2024,Biological Science,Biology,A,Chemistry,A,Physics,A,2.712,267,Jaffna,97,A,A,A,A,5,5,1,4,1,1,4,2,5,1,2,4,Medicine,South Eastern University,006J,No,Yes
2024,Arts,Drama & Theatre (Sinhala),A,Art,B,Sinhala,A,1.967,2345,Colombo,91,C,B,C,B,1,1,5,1,2,5,4,5,5,5,1,5,Arts (SP) - Performing Arts,Sripalee Campus,041S,Yes,Yes
2024,Commerce,Economics,B,Business Studies,A,Accounting,A,2.456,1890,Galle,82,A,B,A,B,1,1,3,5,5,1,1,4,5,5,5,3,,,,,No
2024,Technology,Bio Systems Technology,A,Science for Technology,A,ICT,A,2.512,1890,Monaragala,88,A,A,A,A,4,3,3,4,3,2,5,5,4,3,5,5,Aquatic Resources Technology,Uva Wellassa University,088U,No,Yes
2024,Physical Science,Physics,A,Chemistry,A,Combined Mathematics,A,2.712,345,Colombo,96,A,A,A,A,5,1,5,5,1,1,1,5,5,1,5,4,Computer Science,UCSC,096T,No,Yes
2024,Biological Science,Biology,A,Chemistry,A,Physics,A,2.701,456,Peradeniya,95,A,A,A,A,5,5,1,5,1,1,4,2,5,1,2,4,Medicine,Sabaragamuwa University,001L,No,Yes
2024,Arts,Music (Western),A,Art,A,Drama & Theatre (English),B,1.967,4567,Colombo,90,B,A,B,A,2,2,5,3,4,5,2,3,5,5,3,5,Film & Television Studies,University of Kelaniya,100D,Yes,Yes